worker_id,worker_severity
0,0.11794404220604594
1,0.21302327510555566
2,-0.7757467979289943
3,-0.1880285672467974
4,0.517177858883538
5,-0.2990628511292777
6,0.2814337997900669
7,-0.05631168214079569
8,0.05499452297433197
9,0.0631006523694668
10,0.11250694049644099
11,-0.10263925895133123
12,0.2648213904906731
13,0.007775386384714098
14,-0.2499634647177463
15,-0.07446820346617976
16,-0.11547167440057388
17,-0.6011058831898741
18,0.12182331755728189
19,0.5230385259010442
20,0.43676131281971703
21,0.35748658760121804
22,0.31156801413947705
23,-0.5195275471114242
24,-0.17745976967906915
25,0.10242494510007248
26,-0.19997688162853666
27,-0.2544069023381136
28,0.4780594866429086
29,0.5058299701358516
30,0.32500000187580547
31,-0.22552347698486305
32,0.21086992158978
33,0.3007908712097104
34,0.08396468738968728
35,0.32347160874686
36,0.18195151467625567
37,0.3823584704109481
38,0.38522572383993714
39,-0.2999999974911666
40,0.48028818527902367
41,-0.10982411400587219
42,-0.4229080100070139
43,0.1940772951663859
44,0.07806077896272783
45,-0.5312860958640955
46,0.3754491038771348
47,-0.6499893713341228
48,0.3413222521153785
49,-0.02034844310341608
50,0.1544923236091262
51,0.2000000050109902
52,-0.15000221484919932
53,0.2750130487687413
54,0.20953960223091672
55,0.3804383426969321
56,-0.6069339959551019
57,0.33570373941063175
58,-0.26517141158800916
59,0.23123152531954216
60,-0.026183872575629825
61,0.20742665703170232
62,-0.6708907567287865
63,0.2999999712001586
64,0.07125641602658123
65,0.8723993546335058
66,-0.42220590716932843
67,-0.399818058851159
68,-0.3560973555293104
69,0.1428918307244928
70,-0.29421610058568687
71,0.5999999872425508
72,0.2892034124639441
73,-0.3960356819143006
74,-0.3446713940211948
75,0.23274714050187756
76,0.3499999856757842
77,-0.1500000143242158
78,0.3378816507951584
79,0.1074519137492671
80,0.0789905912919476
81,0.2953449161368033
82,-0.13488649880763284
83,-0.08048668125254009
84,0.30274416515721275
85,-0.32271869828940336
86,-0.05410661404942568
87,0.35875719070653295
88,0.5004385699321052
89,0.37126821059311166
90,0.3060274617505108
91,-0.1850887195436436
92,0.04926987414737311
93,-0.6031146508296149
94,0.399976614740376
95,-0.05390847854534619
96,0.42338108842909333
97,-0.5999969518619817
98,-0.5205956455885328
99,0.11616110746287366
100,0.10993117123908684
101,0.37591417213522765
102,0.26993496548695406
103,0.25511699506439395
104,-1.2929653488125383
105,0.3178079428158967
106,-0.18000885025750507
107,0.02716488340050351
108,0.051363458440130676
109,0.025601267881413363
110,0.29999997120015853
111,0.2999999712001584
112,-1.0334318090181656
113,0.01395707238767204
114,0.44391636607373386
115,0.03791436599596689
116,0.4515306365152699
117,0.38933557595778323
118,0.3485887311142694
119,0.44327549893168
120,-0.08512354486716586
121,-0.21150635840317045
122,0.34629817056013
123,-0.1160655327744574
124,-2.700000028799842
125,-0.29562292319832684
126,0.3217744013742766
127,-0.19614000781030108
128,0.2999999712001586
129,0.16327675081144602
130,-2.2581240267404623
131,-0.043063811768063356
132,0.22707010357753785
133,-0.10281741616556893
134,-0.0011365969570432636
135,-0.5007359709898722
136,-0.10114012844925244
137,-0.22600463244789762
138,-0.002392965159844056
139,-0.52778458685778
140,0.3250029638302183
141,0.2037694759150556
142,-0.5392840605301867
143,0.31043683425254787
144,0.3079453972511899
145,0.4111318234922944
146,0.26623191548418706
147,0.36076726662087283
148,0.2544653716463671
149,0.5001827664220214
150,-0.16405428415470757
151,0.4233217278223171
152,-0.44824436280975594
153,0.30036615174430664
154,-0.7711905335511412
155,-0.22219006635190006
156,0.3501688573353783
157,-0.09980629796746632
158,-0.4109494674786047
159,0.09633542352209558
160,-0.20628527311948408
161,-0.14101886330970076
162,0.37094972787001224
163,0.0029030778198840313
164,0.14442155355344607
165,0.3356411252672398
166,-0.01777406799105502
167,0.39562937312834384
168,-0.8477590524697616
169,-0.013858045377178451
170,0.39562937312834384
171,0.2186053963791595
172,0.21507510599520513
173,0.05582430058897599
174,-0.0900418078433589
175,-0.31057689235715474
176,0.08617275554354605
177,0.16549054988535117
178,-0.144459258942492
179,0.4644391613742547
180,-0.5092766547606876
181,-0.4527650379776743
182,-0.2910745033067962
183,0.2497192772798811
184,0.05747012376794943
185,0.43515113344075035
186,0.39562937312834395
187,0.16988008513880867
188,0.09176487583422803
189,0.3017668483612398
190,0.42591991826541054
191,0.27129045700139337
192,-0.43531672345190936
193,0.3646714670825627
194,0.2000203487285273
195,-0.38259712661442036
196,0.30869083400002184
197,-0.10678240165453834
198,-0.28489747532630927
199,-0.08943213367899416
200,0.20002034872852723
201,-0.11364567391829748
202,0.21153587077861155
203,0.21409559390260038
204,0.2936683315496695
205,0.5021728041099363
206,-0.7246643037052753
207,0.38195997869547765
208,0.3124645235427278
209,0.23974695485495484
210,0.20002034872852723
211,0.4290001132498615
212,-0.16815378944969692
213,0.27386803387307046
214,0.4500101743642453
215,-0.7999796512714729
216,0.2162147959956346
217,0.13389387867768843
218,-0.11941806576096914
219,0.14539205029199312
220,0.41871867215024045
221,0.3051613134234407
222,-0.01794969105356177
223,-0.09945424390281707
224,0.20401732463682018
225,-0.02294438537629332
226,0.17904488068128102
227,0.23846632537431425
228,0.20002085333385794
229,0.16825680165428297
230,0.2804750392762714
231,-0.22346148226564547
232,0.633337873838423
233,0.29624548503223186
234,0.19450278670161245
235,0.39324728573885526
236,0.45312238604128896
237,0.12738266751887875
238,0.2606206245526697
239,-0.010321972900825442
240,-0.1499880518340346
241,0.28600184671072
242,0.30000215638328953
243,-0.20974006300796705
244,0.08954784427116158
245,-0.07848279241464166
246,0.06826569113476129
247,0.2234175727328836
248,-0.03543628384067462
249,0.3223831927712854
250,0.3378872283028801
251,0.20937643506629758
252,-0.3206248620195523
253,0.050075737139400125
254,0.15986327127914493
255,0.030300339695188784
256,0.32582954894398836
257,0.2499888047226303
258,0.30125197175566876
259,-0.45181954369907257
260,0.017216516222309197
261,-0.6562063782966732
262,-0.5598462144341281
263,0.36389725686099295
264,0.20000000000001833
265,0.023486534032431356
266,-0.2692040381546169
267,0.18233015115529883
268,0.3477940665472526
269,0.1894688480057734
270,0.08147995141532197
271,-0.6438598488894464
272,0.2833314503897819
273,0.20000000000001839
274,-0.6795862882214851
275,-0.799999999999982
276,-0.27612060168873703
277,0.3059812660001642
278,-0.17160055585134226
279,-0.15681094920943886
280,0.28302230507495063
281,-0.13212795288814128
282,0.2000000000000183
283,0.3708936295943997
284,0.20000000000001833
285,0.07827870189547677
286,0.3062064394352399
287,0.19897398270350894
288,-0.10600217282947913
289,0.17866977268790543
290,-0.0381027732198723
291,0.23453026386466713
292,0.20000000000001833
293,0.08966977833007919
294,-0.2778515691335428
295,0.20000000000001839
296,0.019130413039717645
297,0.5603804430640191
298,0.36858426113228093
299,0.14713830631521818
300,-0.2801269654913817
301,-0.12177883776616233
302,0.36584966772128574
303,0.33189940206645646
304,-0.6158802225867372
305,0.2694784000088457
306,-0.6656655391287509
307,0.25528824124047583
308,0.20000000000001836
309,-0.2525990773749696
310,0.2580407717062015
311,-0.7000597282948571
312,0.23181189870793908
313,-0.20473953034063094
314,0.2269942362829279
315,0.14101875555795756
316,-0.10790512685553959
317,-0.4609072194703833
318,0.19427301421160728
319,0.3446595228510033
320,-0.6390023232597848
321,-0.06537620109925008
322,-0.7132987973860386
323,0.29872201596893605
324,0.12840712749974617
325,0.045658496459468956
326,0.45488279836569717
327,-0.025732170283317365
328,0.3201672425927913
329,0.011157521084232715
330,0.018526269104282816
331,-0.2704723814740835
332,0.21788888392903943
333,-0.007755154162271117
334,0.146518167127475
335,0.42888577975188963
336,0.21166425412538495
337,-0.022679089328679986
338,0.391627601133396
339,-1.5628337990497874
340,0.37188815546174864
341,-0.45830981081862016
342,0.32638080251271023
343,0.33988141722005427
344,-0.29077324180472686
345,-1.467169485073021
346,0.4495664963626723
347,-0.20759367642703636
348,-1.1838962670646471
349,-0.1453849094134835
350,-0.26773941996209366
351,-1.0110412164253844
352,0.029947409722507038
353,0.44132293136070955
354,-0.004477958604097521
355,-0.7972390775632617
356,0.42001934497582816
357,0.34334622161149453
358,-0.3163857890396277
359,0.4390359575100419
360,0.6034072596332292
361,-0.44791704838111623
362,0.36268663773197685
363,0.34936320736226184
364,-0.16760393723575975
365,-1.6000000000053054
366,-0.30387284226787475
367,0.42203123496245976
368,-0.9000000000020366
369,0.1329607906143805
370,-0.4622410157634571
371,-0.21083188169472247
372,-0.8350009943969192
373,0.31382944328168044
374,0.2336526959270764
375,0.024298213482318913
376,0.16033738430926958
377,0.09159856402299328
378,-0.14845733376959058
379,0.23843994873987387
380,-0.4941987068467891
381,0.3135732553438981
382,-0.21327279325750176
383,-0.22170809917108092
384,0.399999999994695
385,-0.580156786750511
386,0.38248287908454753
387,0.0017585556071520643
388,0.36803949470199576
389,-0.2615185032777057
390,-0.1452669056526371
391,-0.13981408369415674
392,0.399999999994695
393,0.3999999999946949
394,-0.7535935814069724
395,-0.6000000000053052
396,-0.010653445244634031
397,0.29431788671542963
398,0.25678740145611767
399,0.3980055194078319
400,0.11752160924616518
401,-0.6619134307802732
402,0.3999999999946948
403,-0.5282356823861311
404,-0.11119506246885216
405,-0.7248682760948195
406,-0.2680733035532597
407,-0.37294328086129064
408,0.39999999999469493
409,-1.5389089068531874
410,0.06920831418412449
411,0.19201780955028422
412,0.19721142317010987
413,0.1258358549815982
414,-1.6004353516953567
415,0.6292903950114591
416,0.07515262494575907
417,-0.600000000005305
418,-0.33764597181799866
419,0.04809641404575831
420,0.4353103339694639
421,0.14549951062487904
422,-0.43596857320788535
423,-0.1021065699995544
424,-0.5396566274577203
425,-0.4167556683760572
426,-0.39613191717057766
427,0.3999999999946947
428,0.3585550628823486
429,-0.4675654731180599
430,0.08223436609928077
431,0.5894454715344157
432,0.1898669438966686
433,-0.2969825321385297
434,0.26424915522260795
435,0.46689039417157324
436,-0.5950486892821286
437,-0.492750626919427
438,-0.6000000000053053
439,-0.46184412079355697
440,-0.2325053961879279
441,0.399999999994695
442,-0.7001963492713335
443,-0.14946513833363964
444,0.12344164065537173
445,-0.325575103242642
446,-0.9814029806387137
447,0.39999999999469504
448,0.023605474245737244
449,-0.595063764051937
450,-0.3352283729081383
451,0.21638909659046593
452,0.22820650542873958
453,-0.015395738305153395
454,0.20958232375462157
455,0.34565141250876247
456,-0.03318865029503516
457,-0.19746975908133016
458,0.11220741129308495
459,0.4458313116648603
460,0.005968017945895071
461,0.3416327206749167
462,0.3999999999946949
463,0.35220811868489105
464,0.21619854724334428
465,0.13154607418905626
466,0.16641674504640977
467,0.0006283979546349612
468,-0.0034778159922358547
469,-0.3315747471914518
470,0.46002302029556297
471,0.19593852200941303
472,-0.7318729184207519
473,-0.18398983083465054
474,0.4999999998710277
475,0.5991462871962553
476,0.07647608092417965
477,0.047416603117915145
478,-0.23694187391769275
479,0.330545865019362
480,0.6412598958666315
481,0.4383692739144947
482,0.5000099760088953
483,-0.7265164549586886
484,0.4499990474106915
485,0.4239636863184132
486,0.4495351089644664
487,0.13222543365217992
488,-0.008499785025223276
489,0.2702352356624681
490,-0.5787774399837693
491,-0.865226238296905
492,0.3249739779167333
493,-1.000000000064215
494,0.08725423138223912
495,-0.633019454896608
496,0.31289428083601506
497,0.19164404844177288
498,-0.19254026776635977
499,0.4923178661060981
500,0.5131958556700416
501,-0.4565420562589544
502,0.39079845904427085
503,-0.15211864537074146
504,0.4154034717511653
505,-0.5127477968606164
506,-0.05281543857895276
507,-0.07155464692359834
508,0.4716906402310879
509,0.2158073919996746
510,0.3767017576255542
511,0.24106731349463392
512,0.22292844793169053
513,-0.0014303667296096732
514,-0.011394180280191886
515,0.07506214175652644
516,0.2980868676727325
517,-0.3410172114822581
518,-0.5000000001289724
519,-0.033963764292738015
520,-0.1636508980874682
521,-0.03219760208928335
522,-0.5000000001289724
523,-0.9051768543564181
524,-6.502668791394567e-11
525,0.41101809831018415
526,0.4999999998710275
527,-1.5000000001289722
528,0.39009453249112175
529,-0.8229500451838263
530,0.624945430319171
531,-0.5000000001289723
532,0.5000030624734546
533,0.185700217940978
534,0.49999999987102756
535,0.41891948442857785
536,0.6425960231236579
537,-0.21934759229629427
538,0.4999999999183413
539,0.29421375072647266
540,-0.04435429519115
541,0.5007110189941723
542,0.4440093812372724
543,-1.1986188603357504
544,0.3373862366269029
545,0.761263982673993
546,-1.4278134659152248
547,-1.5000000001289717
548,-0.19010421112480172
549,0.49999999987102745
550,0.17286442317259001
551,-0.778912665939505
552,0.08092828786590542
553,0.02350493870351914
554,0.010848695951541396
555,0.1206018328576201
556,0.3999442318277309
557,0.4257727298069918
558,0.5855005696304567
559,-0.5000000001289724
560,-0.06681704253489697
561,0.38090751811469065
562,-0.0675292671911356
563,0.22666257704332216
564,0.5659477584105849
565,0.4699351421882
566,-0.8293709608396331
567,-0.018821129156899742
568,0.5000535542101084
569,0.12815168811741673
570,0.49999999987102756
571,0.2314899856087346
572,-0.2225337132837403
573,-0.6000572127166767
574,0.2090755124121329
575,-0.048781686809254425
576,0.21145972148832304
577,0.3499714500852669
578,-0.0406979896146785
579,-0.20766297960051602
580,0.3999427872833233
581,0.39994278728332344
582,0.25806218085218774
583,0.5109669105448104
584,0.13723459044761294
585,-0.21980111901995936
586,0.5300943076551641
587,0.3102436661579324
588,0.08038453812643274
589,0.05519713486099262
590,0.4499688800432194
591,-0.4388920939747939
592,-1.227691078061299
593,0.39997802359880047
594,0.18822862913492133
595,0.3973390867600637
596,0.23977230501294713
597,-0.643817304837455
598,-0.27792830991401773
599,0.45416026261848336
600,-0.04901391114359914
601,0.26831251125291083
602,0.36876037122636957
603,0.8094193406667943
604,0.4278471452082768
605,0.10012485173964263
606,0.4000000062761092
607,0.39619860764858006
608,0.39684406789535975
609,0.36268255781020864
610,0.4070143132871152
611,-0.33428566774846596
612,0.07269088175164545
613,-0.16246748182211654
614,0.5749788683783141
615,0.40000000627610915
616,0.5465446110852392
617,-0.23197408503315414
618,0.07890945901601974
619,0.27094317217110764
620,0.4478924594252013
621,0.40000058674046557
622,0.5258789207024874
623,0.07564666499657359
624,0.44702026479543594
625,-0.18933196469390065
626,-0.3354545173171083
627,-0.194391611472775
628,0.44499726162370334
629,-1.5753962991560142
630,0.4000000062761091
631,0.31201880966331536
632,0.4000000062761091
633,-0.17363765195477665
634,0.4012099617898058
635,0.37374790125331564
636,-0.6628373764912181
637,0.28412932892546566
638,0.4000000062761091
639,0.10129922450445633
640,0.37398129432168203
641,0.3763260866615923
642,-0.25604993977350243
643,-0.44886383940896346
644,-0.041516509150078366
645,-0.3277337426658397
646,0.42226374442560677
647,0.3954298943034266
648,-0.6163507212766224
649,-0.3022669155103736
650,-0.539347699915517
651,0.1678365975880122
652,0.35787925761295186
653,0.03274420627646295
654,-0.5377458393334598
655,0.45925009033520997
656,0.05988987366932923
657,-0.05637183576698469
658,-0.09894629248567301
659,-0.09617134149442583
660,0.42414601835520976
661,0.39742291605249
662,0.4851372181414846
663,-0.4773596726548172
664,0.39987661597475993
665,0.3999988565320558
666,-0.312633415260001
667,-0.8500156697895112
668,-0.3857979080177955
669,0.3807036120220903
670,0.4402713200496221
671,0.3393820332853804
672,0.3999988565320558
673,0.39999885653205564
674,0.13287405163798793
675,0.42045085501647295
676,0.39999885653205564
677,-0.007489266735934304
678,-2.7600324612295055
679,0.44112898438510956
680,-0.004554438913702431
681,0.3999988565320556
682,-0.2672724724516604
683,0.39999885653205564
684,-0.06770827305366779
685,-0.26400339871665035
686,-0.10013590343727793
687,0.4224503377834491
688,-1.5907158413774303
689,0.38749757892385944
690,0.3232348596445187
691,0.15450934425459423
692,0.3999988565320557
693,0.39530694659523896
694,-0.23471602207387554
695,0.5364634629678663
696,0.33364768376037285
697,0.423727292606167
698,0.1522684467967374
699,-0.4665811428663663
700,-0.45754016523569124
701,-0.1503874281497901
702,0.5767723656188783
703,-0.7000286464251472
704,0.2999713535748526
705,-0.20034457523960703
706,-0.1893545056131686
707,0.35865708445666306
708,0.2999713535748527
709,0.2968771734361264
710,-0.7000286464251473
711,0.2671281238835279
712,-0.04512144446079529
713,-0.36622021951693506
714,0.2116606556418731
715,0.22442985799228604
716,0.5874492141531256
717,0.17369921162591825
718,0.29999992181332596
719,-0.10984206525197578
720,-0.5945714081105701
721,-0.4322277410574557
722,-0.16098101259007083
723,0.08003103808768698
724,0.299999921813326
725,0.1584057070665307
726,-0.18050044024471076
727,0.14222197777727663
728,-0.26531218600934037
729,0.5076520949914397
730,0.05079334802487727
731,0.23617749101778138
732,-0.5537950583269626
733,0.2665574976225923
734,0.5004206482433705
735,-1.1037342018037808
736,-0.39833815053005084
737,0.30000068382020806
738,-0.700000078186674
739,0.29999992181332613
740,-0.39032929298533436
741,4.111844199770061e-05
742,0.2999999218133261
743,-0.04682621827894622
744,0.2616096837141808
745,0.2999999218133261
746,-0.41621263989402546
747,0.07535384550217598
748,-0.461618553069904
749,0.3867411238879476
750,0.5796484916635135
751,-0.4204495780016496
752,-0.8175686351715011
753,-1.0016594899475195
754,0.3500221287610321
755,-0.35722971183466
756,-0.6238842310302423
757,0.47842762374203374
758,0.3298338649778882
759,-0.3611670050998917
760,0.4388781064286754
761,0.31322949818889384
762,-0.2978186736563722
763,0.23237837615841955
764,0.16111744178161821
765,-0.6353971890126504
766,0.14370989277340906
767,-0.34658472433225607
768,0.29249529139718405
769,0.17686746335504125
770,-0.24465645388936264
771,0.3758626997779154
772,0.555696586475389
773,-0.5238710374517732
774,0.49999312001261104
775,0.34529321103915045
776,0.4000000971392786
777,0.3983846232322751
778,-0.39910575318227093
779,-1.0817010097121624
780,0.11749683837955177
781,-0.2379393627377774
782,0.25717504050820983
783,-0.228236988737033
784,0.5993318565448607
785,0.06163776874063069
786,0.34697349671862443
787,-0.22214786116787225
788,0.39490617071409606
789,0.33262058943958905
790,0.12820241849824218
791,-0.12064811576326705
792,0.5789398428910802
793,0.3275639921232423
794,0.30839978000959084
795,0.3023285008791085
796,0.4000000971392785
797,0.3613472441875004
798,-0.10198364630285178
799,0.25178595859827485
800,0.09342458501604141
801,-0.11437027145446424
802,-2.8900951595803566
803,0.5460240107615433
804,-0.6231123541873306
805,-0.18291899603186057
806,-0.5999999028607212
807,-0.48763193325724563
808,0.40000009713927864
809,-0.34848263784263717
810,0.4184533270345416
811,0.40000009713927853
812,-0.0994401777854758
813,0.21775941325626172
814,0.03383576998133401
815,-0.17858042221372275
816,0.29900095823524847
817,0.27337807487316385
818,0.43308255834404485
819,0.26704572541770777
820,0.36282445183796797
821,-0.5055833781855001
822,0.4570906561348148
823,0.2999418589848082
824,0.29994185898480835
825,-1.1753368920080431
826,0.14583419386417587
827,0.014008229172524762
828,0.5081945010344847
829,-1.0392920928343665
830,0.4821014834324616
831,-1.2999176849293308
832,-0.23509314261772674
833,0.19604219268672546
834,0.44496304372877243
835,0.18836141330654324
836,0.6927195433196831
837,0.44065709067593645
838,0.43195543061448893
839,0.10654528202848396
840,0.3348776508842414
841,0.02432189933395825
842,0.4385123649545344
843,0.38321779367720504
844,-0.8191842948822685
845,0.6526523240644453
846,0.5754762093122117
847,0.7000823150706696
848,-0.21743050451311005
849,-0.012738123138588301
850,0.7000823150706692
851,0.7000823150706696
852,-0.04059814321414438
853,0.49597343562286295
854,0.4282967522348458
855,0.6872490671202622
856,0.487248235833377
857,0.7000823150706695
858,-0.06796430874464006
859,-0.6003016605283535
860,0.448490742561033
861,-0.40309158043145127
862,0.5969084195685486
863,-1.3058845511803
864,0.3219018287301178
865,0.5969084195685487
866,0.5969084195685485
867,-0.4030915804314514
868,0.4484615150860681
869,-0.35466687560875015
870,0.03612940125350842
871,-0.4201054243050345
872,-0.6261157508212295
873,0.01763838836925809
874,0.296502664386855
875,0.22347805157043452
876,0.28603452969763293
877,-0.2849373157883988
878,-0.6002915318909123
879,-0.6002915318909126
880,-0.03993817724261153
881,0.17187767801833864
882,-0.5981838505008713
883,0.3994291651992951
884,-0.09818227049008324
885,0.12903425775445246
886,0.5506285754849435
887,-0.30101717698978764
888,0.1063529624870608
889,0.39970846810908744
890,0.14025988137513618
891,0.3513951853326025
892,0.3667238244737845
893,0.3997084681090875
894,0.3497063846702833
895,0.3044980917473357
896,-0.3444442626762393
897,0.032293092820409784
898,0.08834479713831676
899,-0.4157053659581791
900,0.11828339242049822
901,0.3572512660789526
902,0.06435912766689598
903,0.016839099760195195
904,0.20723663904154735
905,0.20000069085814198
906,0.3326347014456312
907,-0.19793718842467412
908,0.5739106344427077
909,0.11938680015564565
910,-0.27843995578578146
911,0.32100563167638135
912,0.37619830404736476
913,-0.2093448875352695
914,-0.02372352787568173
915,0.29999107648913137
916,-0.4827962346241306
917,-0.7000089235108686
918,0.29999107648913104
919,-0.4892967778964763
920,-0.46419595046642564
921,-0.05207727812068579
922,0.3767359025775435
923,0.3125240290103167
924,-0.11980599716388779
925,0.32978524969726575
926,0.2999910764891312
927,-0.620509552487167
928,0.2999910764891312
929,-0.09959306215466124
930,-0.0705814410391129
931,-0.48148008673087656
932,-0.08263325921030812
933,0.12176787178699987
934,0.25947342592677114
935,-0.4999969570019275
936,0.4017669386211276
937,0.147208003538142
938,-1.146474771819443
939,0.4950185070264795
940,0.2153804136599012
941,0.20299524522715376
942,-1.4999969570019276
943,0.1109376518064355
944,0.42050283540779904
945,-0.49115696344994975
946,-0.3452476533311532
947,-0.7003268390026871
948,-0.35941093012540093
949,0.39608047712343175
950,0.5000030429980724
951,0.27272888793664884
952,-0.045629412593835704
953,0.06696748834461391
954,0.11717374735195867
955,0.33861719520705313
956,0.5000030429980723
957,0.344426097725715
958,-0.3658657463935312
959,-0.4999969570019276
960,0.10265943366359119
961,0.5000030429980725
962,0.4889344560399213
963,0.40872770585373913
964,0.39256792479847563
965,-0.5717576600867972
966,0.5000030429980725
967,0.5000030429980725
968,0.476480756981839
969,-0.4999969570019278
970,0.26569772303397143
971,0.033818729794924104
972,-1.5059094304403304
973,-0.686038758626151
974,0.5000030429980724
975,0.546342619268229
976,0.15741760633962734
977,0.4400352631300152
978,0.2536599237418759
979,0.08961868733865316
980,0.4999944623322736
981,-0.5650946246943424
982,0.49999446233227385
983,0.03079359506941357
984,-0.06737401944449581
985,0.28373567428994645
986,0.49999446233227346
987,0.12071606779516514
988,-0.3808536295808723
989,-0.5000055376677267
990,0.49999446233227374
991,0.36903664538034
992,-0.32287976489862924
993,-0.5013215210628672
994,-0.1215341621864335
995,0.35976223135723945
996,-0.541656476358835
997,0.13360796018619295
998,0.03523233068530764
999,0.14941570787454614
1000,-0.5878883256662795
1001,-0.528299853705913
1002,-0.5969962266823794
1003,0.5461268743305777
1004,-0.12147683495126123
1005,-0.08357802553271693
1006,-0.029316362687846997
1007,-0.050224073194015964
1008,0.4783244248954565
1009,0.20015575926925303
1010,-0.0531850650400358
1011,-0.399834060421535
1012,-0.07822117765631144
1013,0.20015575926925308
1014,0.30033145218641377
1015,0.34446274148571004
1016,-0.400598044482624
1017,0.4612212456982705
1018,0.18423307430232974
1019,0.3003314521864139
1020,-0.6996685478135859
1021,0.5075295821730277
1022,-0.20615340401432816
1023,0.35186613329503574
1024,0.48826229164381885
1025,0.08044680540912441
1026,0.2327486724532056
1027,-0.12087869565720445
1028,0.14333421759890858
1029,0.5000000644729528
1030,0.10958993291809946
1031,0.043602580232345506
1032,0.13270755057297834
1033,-0.11402386515649698
1034,0.18608230450218097
1035,0.5000000644729525
1036,0.06675356482731379
1037,0.09531138182603852
1038,0.4901773160141036
1039,0.44142087800213087
1040,0.4900199757018753
1041,0.13572314000451094
1042,-0.4298414428592244
1043,-0.23686666406874632
1044,0.49726392801877334
1045,0.5037292210655694
1046,0.5000000644729526
1047,-0.49999993552704736
1048,0.18804098125880944
1049,-1.328261353051123
1050,0.5084417457618766
1051,-2.4999999355270477
1052,0.42002078339122667
1053,-0.39230106387324853
1054,0.4994767916275505
1055,0.500000035045364
1056,0.5051917754163493
1057,-0.6645107479235672
1058,0.33233827623215656
1059,0.5000000016042072
1060,0.499999999984997
1061,-0.0028194994020942265
1062,-0.03207449505667621
1063,0.31764599916313435
1064,-0.606545398777077
1065,-0.6875764357467914
1066,0.2413897689556461
1067,0.005374966011386075
1068,-0.6677770561498414
1069,0.3999999476186271
1070,0.49999999998499733
1071,-1.22781415474624
1072,-0.3145735822596111
1073,-0.9272210849722883
1074,0.18707001769834805
1075,0.49999999998499717
1076,0.02638719377306105
1077,0.1230496316967336
1078,0.4973645653658913
1079,0.49999999998499717
1080,0.20396205721008193
1081,0.495727680269145
1082,0.2504930026733704
1083,0.12377802920278803
1084,-0.5000000000150032
1085,-1.6825965263934812
1086,0.4999999999849973
1087,0.16371329778587645
1088,0.49999999998499717
1089,0.24265893920362133
1090,0.49999999998499717
1091,0.0755503577149893
1092,-0.500000000015003
1093,-0.2572212971543525
1094,-0.471037368235592
1095,0.49999999998499706
1096,0.7620044543378162
1097,0.1461383376938003
1098,0.49999999998499717
1099,0.4915554630762522
1100,0.1519499040087146
1101,-0.1441691325309328
1102,0.31734953629912704
1103,0.4999999999849972
1104,0.4801632797492496
1105,0.4891754758302093
1106,0.48386455805493883
1107,-1.0321392906610813
1108,-0.10856083432813891
1109,0.49999999998499717
1110,-0.5000000000150031
1111,0.6412161815917344
1112,0.49999999998499717
1113,0.026303881958949407
1114,0.4999999999849972
1115,-0.5000000000150029
1116,0.4735187447066251
1117,0.08065027943326064
1118,0.17306891350787137
1119,0.23128062851597297
1120,0.4999999999849971
1121,-0.500000000015003
1122,0.49999999998499717
1123,-0.5999283920634708
1124,0.6426590711576722
1125,-0.14153683424219143
1126,-1.1537792481100253
1127,0.18466366255472683
1128,-0.8474507706752609
1129,0.5157081981152305
1130,0.1117158907593225
1131,0.37359880344453017
1132,-0.28044736333929876
1133,0.6596029687213458
1134,-0.5978765346216944
1135,0.4000716079365293
1136,0.40007160793652924
1137,0.4000716079365292
1138,0.4000716079365292
1139,-0.5999283920634708
1140,-0.14325246612624706
1141,0.3319396701911486
1142,0.20004367991236036
1143,0.20004367991236033
1144,-0.2929167485711551
1145,-0.016678937712303426
1146,-2.2422725699615857
1147,-1.199719788675968
1148,0.2954329614276965
1149,0.23414724443584164
1150,0.20004367991236033
1151,-0.15771494368832606
1152,0.24049094457893533
1153,-0.12149200385181722
1154,0.12297946656625967
1155,-0.1136399805549016
1156,-0.4901221197879631
1157,-0.06638692691106392
1158,0.49052567930104973
1159,0.5407354535835177
1160,0.06495932741290963
1161,0.28712585846446026
1162,-0.003274665270087244
1163,0.2820349825539041
1164,0.09577796268810837
1165,0.26409052620856727
1166,-0.8739856122119074
1167,0.6192766963765329
1168,0.2467261590536401
1169,0.14997110991991383
1170,-0.6834358120774986
1171,0.48820591414785525
1172,0.29989011122521886
1173,0.4300463092080127
1174,0.0906807960343757
1175,0.5000000000005411
1176,0.4274975149115327
1177,0.24479934043539522
1178,0.500000000000541
1179,0.5000000000005411
1180,-0.47273061280490064
1181,0.5000000000005411
1182,0.32805251371582905
1183,0.424306359333771
1184,0.5500000002565156
1185,0.13032884510360573
1186,0.25092115985866775
1187,-1.4999999999994589
1188,0.42309013568901527
1189,-0.3513515028490776
1190,0.4929391227689289
1191,-0.4999999999994589
1192,-0.7275248335786253
1193,-0.12501983307398237
1194,0.44239104503067395
1195,0.5000000000005413
1196,0.5226549442481453
1197,-0.1127623832455788
1198,0.29610938009302673
1199,0.4954291892108138
1200,-0.7481026530492365
1201,-1.3369111099597395
1202,0.019780378925202756
1203,-0.3083337714766594
1204,-0.08394922909966665
1205,0.5034973355586124
1206,-0.783489438145251
1207,0.4402961539808007
1208,0.5052611829547701
1209,-0.499999999999459
1210,-0.3581068258245867
1211,0.538243457573785
1212,-0.4999999999994588
1213,-0.5788839547918193
1214,0.4999971928504283
1215,0.5000000000005412
1216,0.3161241914891031
1217,0.05650424694648419
1218,-0.5115819818262588
1219,-0.5808011262627656
1220,0.5000000000005415
1221,0.40157963492251814
1222,0.28049502152733785
1223,0.3392791398531141
1224,0.7279749713450596
1225,-0.49852397091999745
1226,-0.4999999999994589
1227,0.500000000000541
1228,0.5000000000005412
1229,-1.499999999999459
1230,-0.6386514563513155
1231,0.2724334972145878
1232,-0.1967443724917725
1233,0.6609799616840211
1234,-0.24964916933817333
1235,-0.24099024193039573
1236,-0.6677370261185542
1237,0.19902346471847182
1238,-0.4477861571240925
1239,-0.23935613244351386
1240,-0.3395269815385283
1241,0.5000000000005411
1242,-0.499999999999459
1243,0.3523843506183966
1244,0.5000000000005412
1245,0.5000000000005413
1246,0.2181735861693721
1247,-0.4690903084635933
1248,0.030244088569731147
1249,0.4017819547449823
1250,0.6838608800815177
1251,-1.043380582499979
1252,0.6630751158391096
1253,0.01466289994756354
1254,0.05025789145435845
1255,0.02242139636350204
1256,0.8000000000012292
1257,-0.5170316882458728
1258,-0.4540164714260083
1259,0.02654063312337194
1260,-0.015919758627148606
1261,-0.22107821461474267
1262,-1.5975554080439507
1263,-0.7478311359700158
1264,-0.3576780420601858
1265,0.15157236445910283
1266,-0.03645699498245504
1267,0.31967178646994937
1268,-0.133081864738163
1269,-0.3156624204942119
1270,0.362973629657739
1271,-0.19999999999877063
1272,-1.1021926896322352
1273,0.5917608453348095
1274,-0.15466642370301417
1275,0.5250184648191892
1276,0.11599140404893558
1277,-0.19999999999877074
1278,-0.022322073822394616
1279,-0.017443347105868503
1280,0.8000000000012292
1281,0.34505119611302126
1282,-0.17787474812883702
1283,0.8000000000012295
1284,0.5747096680928983
1285,0.8500011443223751
1286,-0.047818192006428104
1287,0.7076032260949124
1288,0.6630685788158117
1289,0.11513213800786028
1290,0.28896581686696216
1291,0.28110302612380167
1292,-0.012082968854053789
1293,0.8000000000012296
1294,0.5583578267297585
1295,-0.18143873295749416
1296,0.7087125254825283
1297,0.6142419991534496
1298,-0.756156260787091
1299,-0.4378951131719465
1300,-1.1999999999987707
1301,0.7830621248119085
1302,-0.22860943787221333
1303,-0.16122584424877529
1304,0.5521205746803698
1305,-0.5684029897670454
1306,0.4932342750549507
1307,-3.1999999999987705
1308,-2.1999999999987714
1309,-2.19999999999877
1310,-0.2027663879917513
1311,-1.1999999999987705
1312,0.11723883702901274
1313,0.22713142929134733
1314,0.0319258856551063
1315,-0.5243550727871114
1316,0.2210481535790718
1317,0.413319466722618
1318,0.5106932247007354
1319,0.45467053072018704
1320,0.5650814232653858
1321,-0.23508129876978073
1322,0.38842991626692697
1323,-0.8410323799766972
1324,-1.3012203410999705
1325,-0.15346940233207307
1326,-1.3499722320538377
1327,0.4102853292794223
1328,0.3677659821260687
1329,-0.3379949895969397
1330,0.5396427273334138
1331,0.36298145367527834
1332,0.1059111735816743
1333,0.17484823031616975
1334,0.29951527092411934
1335,0.2995152709241193
1336,0.42302164370333956
1337,0.3115031990615938
1338,-0.4931099184446819
1339,0.10077957199130184
1340,0.24975796454042465
1341,0.3890072218017411
1342,0.3240561655511852
1343,0.35705132579442816
1344,0.25749040590033356
1345,-0.5943457548598102
1346,0.035280210740139324
1347,-0.33480706588835296
1348,0.39742914813702285
1349,0.31131241053347186
1350,-0.10185956196220404
1351,0.178756734717724
1352,0.03792284485617257
1353,0.17269602219176855
1354,0.39874028417845714
1355,0.07317176450303918
1356,0.29045867971866685
1357,-0.02325618290935863
1358,0.2659184165485332
1359,0.34463310561292154
1360,0.2775289403493906
1361,-0.1968103577002829
1362,-0.2898897455083224
1363,-0.3786579757471276
1364,-1.6430791393716113
1365,-0.08284174508263133
1366,0.5338037071042138
1367,0.14356543594467505
1368,0.30002180333732686
1369,-0.14883518645639823
1370,0.30002180333732686
1371,-0.02391693350972492
1372,0.2900312168327663
1373,-0.10012225615360515
1374,0.2999713078887916
1375,-0.1506329216500104
1376,0.20672514296651612
1377,-0.6999781966626732
1378,0.42272764990437867
1379,0.226750356290397
1380,0.09564943650251229
1381,0.0031235936024169497
1382,0.20291067568313714
1383,-0.054827364226649064
1384,-0.7372724468305735
1385,0.0033141660123769817
1386,0.41486331319627123
1387,-0.12317893957095391
1388,-0.07601834842637503
1389,-0.09821856098455749
1390,-0.6359787702339885
1391,0.3240603752369943
1392,-0.24389174390521443
1393,-0.19995616192145133
1394,-0.42737279209413054
1395,0.30007306555351737
1396,-0.5857136597932392
1397,0.30007306555351737
1398,-0.6999269344464828
1399,0.2832753833919029
1400,0.5630758803574388
1401,0.5588223313038407
1402,0.3079766451169761
1403,-0.06746579574408029
1404,0.03367496351334321
1405,-0.24034462633721332
1406,-0.2192305363631554
1407,0.603788906707235
1408,-0.28795921656511564
1409,0.03692793389014179
1410,0.3864932990508052
1411,0.7000002418006738
1412,-0.4065120447417459
1413,-0.2898936262550093
1414,0.7000002418006739
1415,-0.29999975819932634
1416,-0.9321979014547246
1417,0.3731618329535183
1418,0.5660448312130788
1419,0.2262422159875518
1420,0.7000002418006738
1421,-0.2607335185856015
1422,0.035833925537215455
1423,0.4565345363215184
1424,-0.348171542852001
1425,0.7000002418006738
1426,0.6573675870367796
1427,-0.059533830892314114
1428,-0.6136093591310385
1429,0.44395309060420973
1430,-0.5212836546565232
1431,-0.050728021199620534
1432,0.006613250278322237
1433,0.6297043289609422
1434,-0.17706524019278447
1435,-0.003519052734837117
1436,0.20000405740626664
1437,0.2698348312236383
1438,0.030567472851646536
1439,0.2000009770490849
1440,0.12619845541780364
1441,0.20020136833305646
1442,0.2947036942083904
1443,-0.26808666530962355
1444,0.2762190216692532
1445,0.1959722984712367
1446,-0.7999990229509154
1447,0.28494969942404574
1448,0.4369017745923749
1449,-0.5260278765331556
1450,0.17319307804813736
1451,0.3233198065143251
1452,0.0843270932198065
1453,-0.1572038251809866
1454,0.299977702021698
1455,0.01754096057736581
1456,-0.21897382220904665
1457,-0.517468580194046
1458,0.29950351500124467
1459,-0.44050403201697147
1460,0.2951235806442215
1461,0.49999556529059597
1462,-0.5071898132234484
1463,-0.2749711574451553
1464,-0.5209780288423437
1465,-0.26657455253858076
1466,-0.11761569651505392
1467,-0.37400661764602117
1468,-0.5000044347094043
1469,0.025253444509890866
1470,0.2226254240007199
1471,-0.13071031854008355
1472,0.22443774955044796
1473,0.46319172289086585
1474,-0.320988852579295
1475,0.5999861428859435
1476,0.312744996241791
1477,-0.4173826165205891
1478,0.04994963721601029
1479,-0.12014071237326221
1480,0.022620758332252577
1481,0.5499930714424311
1482,0.5962517560030325
1483,0.5966467901781459
1484,0.3242802334220135
1485,0.5999861428859435
1486,0.5592946607527631
1487,-0.6320557144017315
1488,-0.12822930944891484
1489,-0.26172018957808246
1490,0.3698180615694244
1491,0.3443611156080631
1492,0.5999861428859435
1493,-0.28513061695923525
1494,-0.4433725516795314
1495,-0.4000138571140563
1496,0.5463905869194424
1497,0.5999861428859435
1498,-0.43877273545968803
1499,0.2886824120153648
1500,-1.1343730525849796
1501,0.0040814987936033265
1502,-0.11877223038438868
1503,0.45357176760803986
1504,0.5333404323307701
1505,0.26341963142673497
1506,0.19456717973766638
1507,0.11275140297324543
1508,0.5000212523207603
1509,-0.06621201968854856
1510,0.5000212523207603
1511,0.03213481840938068
1512,-0.45024196898282576
1513,-0.3520238000110567
1514,0.038590146812163655
1515,-0.30437321815334106
1516,0.34401242017182926
1517,-0.5222424307061747
1518,-0.4999787476792398
1519,0.24509838330039474
1520,0.18565457873054367
1521,0.40874656015893823
1522,0.30315706302788226
1523,0.025698289076084364
1524,0.2733397666581306
1525,-1.4415749593098932
1526,-0.8616828065886868
1527,0.3626131581491633
1528,-0.04615357729904677
1529,0.3498391913314225
1530,-0.2786064461862786
1531,0.028213117807465153
1532,0.02801058833542685
1533,0.02783843345360936
1534,0.10354751015516891
1535,0.6004493996420901
1536,0.06072674234390098
1537,-0.15588667116507327
1538,-0.5000868684539234
1539,-0.5000868684539235
1540,0.04435619517523557
1541,0.30950684879685997
1542,-0.03534596294034712
1543,-0.5000868684539235
1544,0.4396505496340403
1545,-0.1432724026047604
1546,0.3743988172166949
1547,0.5710211697497839
1548,-0.39500365914449836
1549,0.015769710858033505
1550,0.3504626439664808
1551,0.40950147697608674
1552,0.35248629369125245
1553,-0.0020638617443780585
1554,0.3396057593753564
1555,-1.7000113643335149
1556,-0.3154397903752369
1557,0.6286266811834454
1558,0.29998863566648526
1559,0.2999886356664853
1560,-0.23536952305258918
1561,0.21833884011735763
1562,0.15916614978464386
1563,0.29998863566648526
1564,0.30442763489363833
1565,0.4900076437646768
1566,0.11783675860288641
1567,0.25880212690341936
1568,0.20028791606367555
1569,0.24045622068225125
1570,0.18302832483020245
1571,-0.6377652846628634
1572,0.038491519929805804
1573,0.2863472191476734
1574,-0.05822517905373192
1575,0.24207510336022356
1576,0.41236340390832404
1577,-2.247285515757027
1578,-0.40540768410553985
1579,-0.36032141728116607
1580,-0.500000000001081
1581,-1.2124195645039733
1582,-1.6053117073397425
1583,-0.3330133663690591
1584,0.4027129149724683
1585,-0.2672551101271324
1586,-0.27497503741162516
1587,0.48450170954690347
1588,0.4897519290831458
1589,0.4999999999989191
1590,-0.10464041883028284
1591,0.4999999999989191
1592,0.39370699588789343
1593,0.34524438824144726
1594,0.35331405100299024
1595,0.45000041072750385
1596,0.35630043322308785
1597,0.4999999999989192
1598,0.08729615711732071
1599,0.39998880472208076
1600,-0.32696064560773325
1601,0.16819312026063857
1602,0.49999999999891914
1603,0.08753607551525704
1604,0.4999999999989191
1605,0.4481135138188265
1606,0.15097116583656378
1607,-1.3093308505927999
1608,0.31172232512462533
1609,0.49999999999891903
1610,-1.1750370418401228
1611,-1.366967344037223
1612,-0.5059031681211078
1613,-0.4424975047546141
1614,0.4999999999989192
1615,0.5120544340940816
1616,0.500000002673467
1617,0.3944813358442783
1618,0.1485400525719709
1619,0.49999999999891925
1620,0.3770532988438322
1621,0.5297000038371381
1622,-0.4335912901580499
1623,-0.30000061890026375
1624,0.5489907147926218
1625,-0.4371345471499691
1626,-0.7665802399787639
1627,-0.20954875417986918
1628,-0.19518692760980252
1629,-0.36076457988024263
1630,0.6656635607343172
1631,0.22622499781995073
1632,0.6876740236085951
1633,0.4468572524454236
1634,-0.13185876281121142
1635,0.24431462883083355
1636,-0.3149438086996452
1637,0.6999993810997357
1638,0.6999993810997358
1639,0.6999993810997357
1640,0.4598934639513511
1641,-1.3000006189002637
1642,-0.4093595678926303
1643,0.020590992377419702
1644,0.6999993810997359
1645,0.6999993810997359
1646,0.4943712970916514
1647,-0.30000061890026386
1648,0.6574679774951484
1649,0.4980492203793598
1650,0.6999993810997359
1651,0.29980352058094556
1652,0.02193090967090405
1653,-0.7483808022965184
1654,0.12220887648274517
1655,0.12500026098518827
1656,-0.6234327446244092
1657,0.6938008696247724
1658,0.6949390637639167
1659,0.5974695113700953
1660,-0.11747655271908558
1661,0.5052762182912498
1662,-1.0542622345378165
1663,-0.2911013086147257
1664,0.3000023852954929
1665,0.4135367523827586
1666,0.2729059671022732
1667,-0.5306274454678105
1668,0.30000238529549283
1669,-0.573484673868501
1670,-0.781117917583764
1671,0.19912445496216263
1672,0.4000011618829625
1673,0.30000238529549295
1674,0.2435188198939808
1675,0.24949982067020318
1676,0.5014220381173171
1677,-0.6760799816802101
1678,-0.1062156718635567
1679,0.45019294951155664
1680,0.4590440151428274
1681,0.204545502087246
1682,-0.1020476624006683
1683,0.48628320455488594
1684,-0.9537156983992673
1685,-0.49561582668357557
1686,-0.09999706336345321
1687,-0.0824881029010427
1688,0.07520642380449787
1689,-0.09214346323337423
1690,-0.7728411977215961
1691,-0.8005919266080767
1692,0.5931440784583727
1693,0.3231769928581294
1694,0.03182322748034619
1695,0.06771279804766484
1696,-0.34183555087157336
1697,0.689127039829933
1698,-2.300049737509501
1699,0.6068893568474812
1700,-1.2453357916320729
1701,-1.2801866529655272
1702,-0.6338612446730415
1703,0.6999502624904992
1704,0.4326551393044076
1705,0.15070117519287804
1706,0.3933225937900913
1707,0.2000986981118014
1708,-0.3635663669403163
1709,0.2916401419098158
1710,0.050000351410802085
1711,0.3912340926333824
1712,0.2398920446662471
1713,-0.11440518488957188
1714,-0.5005803681230158
1715,0.29412240857412547
1716,0.13442276572147654
1717,0.3446813317908459
1718,0.4994196318769843
1719,-0.5005803681230158
1720,0.06308036757202035
1721,-0.22872165841690248
1722,0.05045486124750197
1723,0.5225267827669228
1724,-0.38842503926312605
1725,0.5592169932528172
1726,0.35493267088849634
1727,0.7009116275446484
1728,-0.6898656416864423
1729,0.3873596022717758
1730,-0.15818007818094884
1731,-0.999960060239286
1732,0.3160646694699081
1733,0.3000798795214349
1734,0.3000798795214348
1735,0.25003993976086575
1736,-0.1810324354999462
1737,0.31068150287657725
1738,-0.8768605492261418
1739,0.025566745066451787
1740,-0.6999201204785653
1741,0.04404883393842765
1742,0.4271091120399628
1743,0.18016893021767155
1744,-0.3042499289109104
1745,0.26089327063633244
1746,0.0032215820162890567
1747,0.3117847609750075
1748,-0.054537887071481515
1749,0.2573626801210862
1750,0.30000017544080043
1751,0.04056326385962752
1752,0.29994498722821245
1753,0.3473016860532885
1754,-0.01373018454661175
1755,0.3000001754408005
1756,0.19039513069391714
1757,-0.008113881890180905
1758,-0.06955583141558339
1759,-0.19695207357220496
1760,0.3714978781335825
1761,0.30773501887386134
1762,-0.10786351162422765
1763,0.31239303420639036
1764,0.4679189155995665
1765,0.30000017544080043
1766,-0.24659068534156248
1767,0.3000001754408004
1768,0.30000017544080043
1769,0.3000001754408004
1770,0.30000017544080043
1771,-0.08592019723151165
1772,-0.77546515283918
1773,-0.10922462421885033
1774,0.411736426593844
1775,0.31177013835020523
1776,0.49766372499224376
1777,0.32931862072284906
1778,-0.5164327110539062
1779,0.3728472619518599
1780,0.5719012203622865
1781,0.49701857682827366
1782,0.006725075305685393
1783,0.7005299755837491
1784,0.7005299755837492
1785,0.0009379600659950411
1786,0.4165909411908573
1787,0.5059888146774585
1788,0.7002750515133555
1789,-0.13557835870867496
1790,-1.2994700244162503
1791,-0.19470667994080798
1792,-1.5005049495628318
1793,-0.29248085253857037
1794,0.3964374703958051
1795,0.34631311391925285
1796,0.30559717780147944
1797,0.4493462112218076
1798,0.10677756527230337
1799,0.3967929139717045
1800,-0.5999991785439115
1801,-1.3411782388527942
1802,-0.5999991785439115
1803,-0.18292161993953557
1804,0.4000008214560884
1805,-0.7509735238421799
1806,0.4500003902161815
1807,0.41701362594253977
1808,0.4301869806991931
1809,0.28667800865001036
1810,-0.12254771940514961
1811,0.4000008214560884
1812,0.40000082145608834
1813,-0.3403101520491201
1814,0.3002835739515343
1815,0.45337677259546855
1816,-1.5499996097838171
1817,0.5280594835206013
1818,-0.15938702012919317
1819,0.5000004109842894
1820,-0.192958451405307
1821,0.4000008214560883
1822,0.3570408284837252
1823,0.21128275946161215
1824,0.40000082145608834
1825,-0.14143906447386123
1826,0.4000008214560884
1827,-0.5999991785439116
1828,0.3620822723619252
1829,0.11165153684750612
1830,0.20000000000029663
1831,0.1272574343929783
1832,0.13746086674440358
1833,0.2624106274826656
1834,-0.46022663517020856
1835,-0.7999999999997034
1836,0.22552148943941205
1837,0.2512060854192411
1838,-0.7999999999997036
1839,-0.11362067250922366
1840,-0.5946798037944988
1841,0.2000000000002967
1842,-0.816436326608606
1843,0.2754827501568185
1844,-0.21597292724030964
1845,0.2000000000002966
1846,0.20000000000029658
1847,-0.1134696221100687
1848,-0.7999999999997036
1849,-0.7999999999997036
1850,-0.09621745040381145
1851,0.13847248969602108
1852,-0.7999999999997035
1853,-0.15589283923769984
1854,0.4190352141261725
1855,0.30000767766424263
1856,0.3111672373572482
1857,0.3000076776642427
1858,-0.6999923223357574
1859,0.30000767766424274
1860,0.17121047695342673
1861,-0.14999616109217373
1862,0.39999938158190973
1863,-0.6000006184180899
1864,0.43813348198478014
1865,0.37389784801243464
1866,0.4154922842469855
1867,0.15746415997331265
1868,0.2552549566636528
1869,-0.6408010272392377
1870,0.39999938158190995
1871,-0.12160386410617657
1872,0.3999993815819099
1873,0.39999938158190995
1874,0.31841491640191694
1875,0.36202092428859234
1876,0.4267465096321415
1877,-0.5991235178355228
1878,-1.60000061841809
1879,0.4745963252767358
1880,0.39999938158190995
1881,0.4548767625874545
1882,-0.6000006184180903
1883,-0.3971751877406984
1884,0.5117213437240935
1885,-0.46944825462208867
1886,0.11920705913600171
1887,0.5096036082012504
1888,-3.259373820168704
1889,-0.4941025062756547
1890,-0.25470862198880384
1891,-1.3922896590681104
1892,0.177361483009267
1893,0.4372044017098633
1894,0.499984153321559
1895,0.4999841533215589
1896,-0.3245328089947215
1897,-1.4528075306903727
1898,-0.28812884460745947
1899,0.14203462511237314
1900,0.15021391063231834
1901,0.3506618305905418
1902,0.12418772315535348
1903,0.34017299131777
1904,-1.450194064447429
1905,0.632190714176745
1906,-0.11675476170534152
1907,-0.029677288442999234
1908,0.529471536691345
1909,0.20526108607539065
1910,0.4999841533215589
1911,-0.15090058130219933
1912,0.3057265088562351
1913,-0.025840893954538265
1914,-0.047123951815498534
1915,0.3261349418193481
1916,-0.5000158466784413
1917,0.7260110139949676
1918,0.33777647875391026
1919,-0.3483657398213848
1920,0.37043119202787483
1921,0.11903421404879072
1922,0.3237355524585785
1923,-0.11254826780657975
1924,0.30178193076541926
1925,0.3119966242915697
1926,0.30000000406973387
1927,0.13503445910231363
1928,0.3580987647559962
1929,0.3725297695366634
1930,0.5335811673201087
1931,0.3999975428451629
1932,-0.9587616833631321
1933,0.3000001128872104
1934,0.33524239047472915
1935,-0.3753467405994824
1936,-0.051020796946027555
1937,0.30000000406973376
1938,-0.27630132118698547
1939,-0.47738252326587116
1940,-0.3103827241147337
1941,0.3000001128872105
1942,-0.5782321628833857
1943,-0.0039478700560525454
1944,0.3493479600106743
1945,-0.3555209917676089
1946,-0.1380765777354663
1947,0.29647752436455543
1948,0.009347687422482497
1949,0.2441922696781132
1950,-0.16812454848534075
1951,-0.13367003074120032
1952,-0.6000284370735502
1953,0.18871385640082983
1954,-0.6074141472715738
1955,0.3999715629264497
1956,0.027984703196989744
1957,0.14871687220762328
1958,0.38407623052355544
1959,0.31214390529340486
1960,0.4107826917059243
1961,-0.07503745395065921
1962,0.4499872987194651
1963,-1.0899637395192059
1964,-0.0884367254005954
1965,-0.2961587491151454
1966,-0.6000284370735505
1967,0.39997156292644986
1968,0.27357464869207393
1969,0.055418211093175324
1970,-0.7542217360674579
1971,0.24796406408739363
1972,-0.09999999999998835
1973,0.18630194475675851
1974,0.06539828685545458
1975,-0.09999999999998832
1976,-0.09999999999998828
1977,-0.6515408695501791
1978,-0.07234769893137599
1979,0.9000000000000113
1980,0.37156935376310724
1981,0.3001637001613497
1982,0.4759572356617645
1983,0.39951344124527677
1984,0.09383700805554579
1985,0.3000052397101291
1986,-0.7224721239369355
1987,0.3581072513054336
1988,0.3000026690642014
1989,0.3000026690642013
1990,0.4788661273668739
1991,-0.5364608035249592
1992,0.3215816069088853
1993,0.07558474125318555
1994,0.29894793828694666
1995,0.2989479382869467
1996,0.2989479382869467
1997,0.29894793828694666
1998,0.29894793828694677
1999,0.11218240755625317
2000,0.2989479382869467
2001,-0.7010520617130535
2002,0.19647018596365365
2003,0.10084971147540911
2004,0.0846980814713281
2005,0.5002146241657924
2006,0.4162477207213961
2007,0.49435633481843955
2008,-0.6067342798593148
2009,0.05911710217474707
2010,0.299999895252257
2011,-0.700000104747743
2012,-0.6000025659723139
2013,-0.9666448572006344
2014,-0.034128539518780365
2015,-0.2210615138464304
2016,-0.3823865246582153
2017,0.283798312958336
2018,0.29999989525225706
2019,0.30832175393009087
2020,0.33103748195869304
2021,0.12303616381935654
2022,0.5124841980611023
2023,-0.026944225748149295
2024,0.30003380635445
2025,0.2829259987444268
2026,0.267582240185853
2027,-0.69996619364555
2028,0.30003380635444993
2029,0.41278968942271904
2030,0.30003380635445
2031,-1.6747389168435203
2032,0.25700147501879994
2033,-0.12810993121695924
2034,0.4998980320136043
2035,-0.33900228581872427
2036,0.4998980320136043
2037,0.4756230650310464
2038,-0.2904493625341991
2039,0.4575578912938266
2040,-0.3599493941247989
2041,-0.17823238504057487
2042,-0.5001019679863958
2043,0.39763678678847647
2044,-0.056458041004084435
2045,-0.29877926634006896
2046,-0.1985606325234456
2047,-0.6731457412618741
2048,-0.7002956987685208
2049,0.1658626467407574
2050,-0.7000223905547576
2051,0.3829017769481665
2052,0.2999776094452423
2053,0.26116357273594776
2054,0.3106023466148874
2055,0.29997760944524227
2056,0.5003266743689015
2057,0.5003266743689015
2058,0.4846357323411686
2059,-0.21931987328505545
2060,0.4846357323411686
2061,0.3491071914141621
2062,0.0318306162460889
2063,0.10409462774770628
2064,0.15945435332987243
2065,0.47380979818601476
2066,0.31432674038031194
2067,-1.3959139809986596
2068,-0.4890904866631375
2069,0.1480327446135921
2070,-0.1751735459497145
2071,0.2168440577441575
2072,0.1726515642338155
2073,-1.3000112976614007
2074,-0.010150860586476684
2075,0.5354709354172275
2076,-0.17326353292437438
2077,-0.21939962551072542
2078,0.6999887023385993
2079,0.580365086028597
2080,-1.3000112976614007
2081,0.06880170032700596
2082,0.6999887023385992
2083,0.5545521058890864
2084,-0.30001129766140067
2085,0.0643094224583086
2086,-0.30001129766140067
2087,0.6999887023385992
2088,0.29606486503966206
2089,-2.300011297661401
2090,-0.7831833138921794
2091,0.3428530736260832
2092,-0.30001129766140067
2093,-0.12464679047727488
2094,0.6173740466298017
2095,-1.4117483646588365
2096,0.5376472651009269
2097,0.2842686746162102
2098,-1.0099529364561763
2099,0.6999887023385993
2100,0.08449129417403672
2101,0.568524448331343
2102,0.6999887023385994
2103,0.3474111025808022
2104,-0.962833958082982
2105,0.6917336695167017
2106,0.6006271361503872
2107,-0.4488289031073582
2108,-0.3968850078460471
2109,-0.03632419020613968
2110,0.603114992153953
2111,0.0217672736648786
2112,0.043571372716094625
2113,0.24921102425306144
2114,0.25637133896460124
2115,-0.5098687234188559
2116,-0.06566740685204955
2117,-0.23570268789981008
2118,-0.5315638470254896
2119,0.19655372803235002
2120,0.14417271531202014
2121,0.3000020682749586
2122,0.10963937085669032
2123,-0.6999979317250412
2124,0.0867374556226377
2125,0.1380938597067908
2126,0.03720849121411934
2127,0.8201138400134653
2128,0.4754384439095553
2129,0.17629910134284782
2130,-0.46367809427736056
2131,0.8499999999999839
2132,0.0
2133,-2.0
2134,-0.4220199944867232
2135,0.0
2136,-0.9618876815642164
2137,0.0
2138,-0.27021284042770627
2139,0.0
2140,1.0
2141,-0.7863295656155397
2142,1.0
2143,0.0
2144,0.0
2145,0.19523815552160884
2146,-0.0014875164546896986
2147,-0.5955625673890398
2148,-0.5132935937711885
2149,0.42666871269047335
2150,0.3345663642396253
2151,0.30709614197206553
2152,-1.100353413570069
2153,0.040285801362012714
2154,0.31619490424343927
2155,-0.055295456355838525
2156,0.08843095318480272
2157,0.21820840155122748
2158,0.5000000030166933
2159,-0.3146162239788549
2160,0.40238038755769623
2161,-0.3000676735904983
2162,-0.5108307507793429
2163,0.3181569652830289
2164,0.12280190073962259
2165,0.47198978792091134
2166,-0.023289965120744677
2167,0.5000000030166935
2168,0.5000000030166936
2169,0.5000000030166936
2170,-0.5223984836005983
2171,0.05079469626191984
2172,0.09759788155259586
2173,-0.38892933424310155
2174,-0.9000419345569916
2175,-1.9003515872029197e-08
2176,0.5000000030166933
2177,0.5000000030166933
2178,0.5000000030166933
2179,0.9000022886435204
2180,0.3912525910606257
2181,-0.09999771135647949
2182,0.5675542262626587
2183,0.22357796552263598
2184,-0.9905079412451588
2185,0.5413533987448568
2186,-0.09018488160408114
2187,-0.28021492536679854
2188,-0.746894709593918
2189,-0.26910590463296313
2190,-0.33460351731685484
2191,0.5999782157723765
2192,0.42584829663912627
2193,0.5759921169259434
2194,-3.400021784227624
2195,0.33654389349702285
2196,-0.27295752909603893
2197,0.5999782157723764
2198,-0.45104895635127407
2199,0.20000935808806122
2200,0.2000093580880613
2201,0.4043510936396525
2202,0.0690717198717141
2203,0.2031822215635519
2204,-0.004648573422113566
2205,0.5663809103847351
2206,0.19223303232512473
2207,-0.11300347330147174
2208,0.2635342859060515
2209,0.6095549338293331
2210,0.2304210528053428
2211,-0.599095424333433
2212,0.31585928839214295
2213,0.41719029818372805
2214,0.2985573526026366
2215,0.2258794312504589
2216,0.400904575666567
2217,0.07577055105433114
2218,-0.20011869547863015
2219,0.2830498865311065
2220,0.39829840044021825
2221,0.3986215463313779
2222,-0.6011924684928238
2223,0.23135896584374066
2224,0.3786041519562377
2225,-0.21527696842524105
2226,0.48519450141895154
2227,0.6481553349647521
2228,0.6481553349647523
2229,-2.071763000525885
2230,0.03915130611126023
2231,-0.10055205935650997
2232,-0.4817464187740581
2233,-0.3376904795327867
2234,0.09960256127921027
2235,-0.22151825387412474
2236,-0.036627157971412264
2237,0.5048064881985014
2238,-0.25877462189547124
2239,0.500003370110789
2240,-0.3106638906044417
2241,0.5000033701107889
2242,0.4551503191078962
2243,0.17510433019344634
2244,0.5422406168897126
2245,-0.49999662988921106
2246,0.14449979813876665
2247,-0.499996629889211
2248,0.5800213207723239
2249,0.5076934687726421
2250,0.3738474140729646
2251,-0.6526479801358652
2252,0.04925119702094813
2253,-0.10162914177932726
2254,-0.6000019050496446
2255,-0.5845633508549812
2256,0.41504141308733883
2257,0.39019419413373946
2258,0.3999980949503555
2259,0.14382022584304457
2260,0.21952835101742638
2261,-0.43501084048895516
2262,-0.41750622762563766
2263,0.2651838762749297
2264,0.12539867542726216
2265,0.3999980949503555
2266,-0.04635609568025946
2267,-1.5486494035886031
2268,0.009980341982619616
2269,0.026176117873188007
2270,0.3008276221948949
2271,0.39999809495035543
2272,0.022158323589345455
2273,-0.231466070645611
2274,-0.08599042249161681
2275,0.3999980949503555
2276,0.3925064044476505
2277,0.27061579699077787
2278,0.21524716301479013
2279,0.5027070258001327
2280,-0.5594245538741262
2281,0.48138405618918556
2282,-0.42231399680016707
2283,0.034965765827508904
2284,0.171205708028511
2285,-0.3999999994875095
2286,-0.3849459548777966
2287,-0.17681401747792364
2288,0.638475668759225
2289,-0.2746865481299113
2290,-2.3999999994875085
2291,0.3299828231870525
2292,0.5514548788260812
2293,0.5530123004430664
2294,-0.39999999948750936
2295,0.16659951760552205
2296,0.6000000005124903
2297,0.13504220704168626
2298,-0.10243421960229969
2299,0.47017486679629555
2300,-1.3999999994875092
2301,-0.3827669830954406
2302,0.2789474031466212
2303,0.6000000005124903
2304,0.6000000005124904
2305,-1.3999999994875094
2306,0.1490997164688566
2307,-1.401202051222783
2308,0.5828737401919659
2309,0.5813549535687903
2310,0.6000000005124905
2311,-1.217693578872072
2312,-0.2036108283610255
2313,0.3840576688290905
2314,0.30251569137814294
2315,-0.29330597276169496
2316,-0.39999999948750964
2317,-2.439472751383245
2318,0.2592969251306834
2319,0.41239213202492875
2320,0.6000000005124904
2321,0.6000000005124904
2322,-0.14373642146869278
2323,0.4940287294240594
2324,0.4940287294240594
2325,-0.5059712705759407
2326,0.4889584316537467
2327,0.35752107482643164
2328,0.6973159501285802
2329,0.37933752921383934
2330,-1.5074683254208876
2331,0.7080271706169964
2332,0.6829122123868265
2333,0.30001461060358525
2334,-0.4370673183094771
2335,0.3000146106035852
2336,-0.3512678646038075
2337,0.36974558041947636
2338,0.30001461060358525
2339,0.3000146106035852
2340,0.1559296050171424
2341,0.3000146106035852
2342,-0.6630207855389495
2343,0.23234842796169092
2344,0.8656629164347521
2345,0.3986958071341383
2346,-0.23893831308796598
2347,0.10502592899064714
2348,-0.6013041928658618
2349,0.23283242159111514
2350,-1.6013041928658618
2351,0.3966169053905924
2352,-0.6013041928658619
2353,0.31678461097781757
2354,-0.489890475766559
2355,-0.5882996017757015
2356,0.13549819748744787
2357,-1.6013041928658622
2358,0.2218861596682083
2359,-1.3076437359733244
2360,0.16679217050797251
2361,-0.5206553576955396
2362,0.29512240371692994
2363,0.29512240371693005
2364,0.4476259843333022
2365,0.30319837621033735
2366,0.49963400255209595
2367,0.49851702949967475
2368,0.4996340025520958
2369,0.3682648694740709
2370,0.49531696330605657
2371,-0.01200828588473265
2372,-0.21057421626691214
2373,-0.0016959939058818444
2374,-0.5999999998485901
2375,-0.1827891737256649
2376,0.39647865716090275
2377,0.39566249372771833
2378,0.16885966145978493
2379,0.40000000015140996
2380,0.34738340564540054
2381,0.0941223642016196
2382,0.40000000015140985
2383,0.4000000001514098
2384,0.42558010699891036
2385,-0.5999999998485902
2386,0.40000000015140985
2387,-0.5999999998485902
2388,0.4000000001514099
2389,-0.27108587375327725
2390,0.0663291839141395
2391,0.4000000001514099
2392,0.22022123525732776
2393,0.38219779241125545
2394,0.29807092102130917
2395,0.27671187937923514
2396,-0.695890245920376
2397,0.43406498537004584
2398,-0.15226946667298633
2399,-0.957758851890918
2400,-1.0999999553351258
2401,-0.9508670560303283
2402,0.7446866428762787
2403,-0.04810847155998212
2404,0.5868836017663944
2405,-1.0999999553351256
2406,0.07485990375373372
2407,-0.09999995533512578
2408,-1.0999999553351258
2409,-0.11983473859745071
2410,-0.7045325132906285
2411,0.29546748670937156
2412,-1.5000154499324205
2413,-1.5000154499324199
2414,0.4568324919968419
2415,-0.4427682402810551
2416,-0.2255088409299828
2417,0.535506235321707
2418,-1.4468865101259059
2419,0.48791525224119725
2420,0.4999955890932374
2421,0.5664362264828681
2422,-0.5000044109067625
2423,-0.5000044109067626
2424,-0.48878666099512347
2425,0.49999558909323744
2426,-0.2260166552544346
2427,-0.38104960208625227
2428,0.12252317669072302
2429,-0.5000044109067625
2430,0.3127308676964618
2431,0.16797303054301027
2432,-0.41844585306226467
2433,0.29677794548887454
2434,0.3000859063999081
2435,0.08942471599407165
2436,0.309260947339395
2437,-0.6999140936000922
2438,0.3000859063999081
2439,-0.5258398780705608
2440,-1.4264923485721344
2441,-0.23115819795185258
2442,-0.9179574893135828
2443,-0.5000000410237253
2444,-0.12190028884003835
2445,0.0015917262213197467
2446,-0.5000000512766467
2447,0.49999995897627453
2448,-0.4439976126468987
2449,0.4999999589762747
2450,0.3631192009269725
2451,0.49999995897627464
2452,0.3695341872589327
2453,0.49999995897627464
2454,0.2062213576462996
2455,0.4999999589762746
2456,0.0748657816970738
2457,0.274541385738222
2458,0.49999995897627453
2459,-0.3999578423090344
2460,-2.399957842309034
2461,-0.39995784230903436
2462,0.5948072532905648
2463,-0.29557569844642595
2464,0.6009205387262735
2465,0.5856405005314844
2466,0.6627940780987233
2467,0.4343848300171773
2468,0.6000421576909657
2469,-0.19243930446300958
2470,0.5911853786472747
2471,0.41783335465610616
2472,0.47688492451247805
2473,0.2000000000066763
2474,0.06268030574768517
2475,0.06591311747329238
2476,0.055321068876870445
2477,-0.08953040157803135
2478,0.0066008777506480825
2479,0.2000000000066764
2480,0.2000000000066764
2481,-0.6397717082683128
2482,-0.133477822502295
2483,-0.45097583599449687
2484,-0.7999999999933237
2485,-0.10361797245964335
2486,0.13013603483672773
2487,-0.1435615105157617
2488,-0.16622768994183826
2489,0.5905353216243374
2490,-0.5052708692532142
2491,-0.04917198535278105
2492,0.998465964101901
2493,0.6608249930730083
2494,0.30078817424903365
2495,0.252841176214808
2496,-0.35128140464040775
2497,0.7998333554617257
2498,-0.20016664453827426
2499,0.7213878208413097
2500,-0.2001666445382742
2501,0.14429795295636347
2502,0.799833355461726
2503,0.05139975471911706
2504,0.499999938470432
2505,0.49999993847043195
2506,-0.5000000615295682
2507,0.49999993847043195
2508,0.45544691874684257
2509,-0.030906157007813042
2510,0.09999996923520112
2511,-0.06455241678507329
2512,-3.5000000615295677
2513,0.4999999384704317
2514,0.4999999384704319
2515,0.49999993847043184
2516,-0.5000000615295681
2517,0.43304626293466303
2518,0.4585253024881732
2519,-0.2043429091517858
2520,-0.39310627326264674
2521,0.6580994765279349
2522,0.6101505967464123
2523,-0.40003391240522373
2524,0.5308304169773606
2525,-1.1498201521190625
2526,-0.1723683989540042
2527,0.1229335219149419
2528,-0.4999969654875194
2529,0.5000030345124806
2530,0.21205018421211677
2531,-0.8964203419527937
2532,-0.49968028869411535
2533,-0.4001798532366628
2534,0.11130066626052425
2535,-1.4996802886941152
2536,-1.7175472902522038
2537,-0.3000890544032572
2538,0.46152596483962965
2539,0.6999109455967429
2540,-0.6697543965529023
2541,0.6999109455967428
2542,0.416462176677015
2543,0.5027030978724382
2544,0.7246372448921705
2545,0.1487859459243178
2546,0.9124427563163247
2547,0.9124427563163247
2548,0.8038044833987555
2549,0.2772021543682996
2550,0.5338532005309422
2551,0.16397702828411975
2552,-0.1315312421903874
2553,-0.31441974975248366
2554,-0.18549177357925747
2555,-1.0983919469625167
2556,-0.84617689226178
2557,-0.05750446728576032
2558,0.12422722501528334
2559,-0.5062408767206874
2560,0.021509765464064707
2561,0.5005243062874338
2562,0.5265900865222111
2563,-0.0999999967150575
2564,0.7973241265892838
2565,0.09498821002455911
2566,-0.0999999967150575
2567,-0.018030050497823087
2568,0.6526541532588779
2569,0.2229683944962696
2570,0.2997263104544403
2571,-0.650714660649201
2572,0.15023985396518214
2573,0.07661210619861633
2574,0.40200503915777375
2575,0.7181459046180634
2576,-0.192670749260778
2577,-1.300000000000034
2578,0.6999999999999669
2579,-0.19318162772978514
2580,-0.8924538984505439
2581,-0.8356284490548154
2582,0.6580902619559114
2583,0.6999999999999666
2584,0.6849479961690722
2585,-0.30000000000003346
2586,-0.3000000000000336
2587,-0.27507302824163593
2588,0.6999999999999666
2589,0.6999999999999665
2590,-2.3000000000000336
2591,-0.262032174959169
2592,-0.2738067139177689
2593,-0.3000000000000336
2594,-0.06259450037810066
2595,0.6999999999999668
2596,-0.30000000000003346
2597,0.6999999999999668
2598,-1.217917722022938
2599,0.48831741681753543
2600,0.648517953090136
2601,-0.3000000000000335
2602,-3.300000000000034
2603,0.6999999999999666
2604,-0.906205112375404
2605,-1.3000000000000331
2606,0.6674482757976634
2607,0.6993725143775319
2608,-0.3006274856224678
2609,0.1161116952442601
2610,-0.30062748562246794
2611,0.6993725143775322
2612,0.6999614041044674
2613,0.6999614041044674
2614,0.6493376536854071
2615,0.6999614041044674
2616,-0.2439268645107311
2617,-0.3000385958955329
2618,0.6999614041044675
2619,-1.3000385958955327
2620,-0.19319165003336894
2621,0.6999614041044672
2622,-0.30003859589553294
2623,-0.21625467126903983
2624,-0.30003859589553294
2625,0.24714828824653545
2626,0.30183091163519543
2627,-0.4974735087464959
2628,-0.6322472411742085
2629,0.2636432388519857
2630,-0.6998465439848797
2631,0.11851817059718439
2632,-0.5459279933183954
2633,0.5000061250758813
2634,0.5000061250758813
2635,0.36538499321245077
2636,0.5000061250758813
2637,0.7015486828607981
2638,0.7015486828607977
2639,0.1319629586277417
2640,-0.31902544414249856
2641,0.5648539492802255
2642,0.30108169842361543
2643,0.4241445891710634
2644,-0.6000061623014655
2645,-0.2755494731673073
2646,1.127635963005049
2647,-0.6000061623014654
2648,0.007993543994958429
2649,-0.1304033092834612
2650,-0.5000050271968848
2651,0.4599993248312894
2652,-0.5000050271968849
2653,0.49999497280311517
2654,-0.5000050271968848
2655,0.09151852563915949
2656,-0.30703835445893224
2657,-0.37800446448541836
2658,-0.5000050271968849
2659,0.5040092678674648
2660,0.3579650451889417
2661,-0.49403942701433845
2662,0.4999949728031153
2663,-2.346390508847328
2664,-0.5000050271968849
2665,-0.1683840899346681
2666,-0.5000050271968847
2667,1.0
2668,0.9301858306510242
2669,-1.0
2670,0.0
2671,0.500138453342329
2672,0.5001384533423289
2673,0.32936539879060117
2674,-0.49986154665767124
2675,0.5001384533423289
2676,0.5001384533423289
2677,-0.2268033913312914
2678,-0.3998704350503253
2679,0.28374531737973574
2680,0.6001295649496743
2681,-0.2836963524283783
2682,0.035065721895068014
2683,-0.39987043505032527
2684,0.6001295649496745
2685,0.5977951115326322
2686,0.41981132500509605
2687,0.5978077485589892
2688,-0.3779513876547676
2689,0.35399592730587115
2690,0.4799109190129788
2691,0.603483537477856
