xxx,xxx
0,0.0021937842778793418
1,0.00036563071297989033
2,0.00036563071297989033
3,0.020840950639853747
4,0.0021937842778793418
5,0.0007312614259597807
6,0.0007312614259597807
7,0.0010968921389396709
8,0.0007312614259597807
9,0.0014625228519195613
10,0.0018281535648994515
11,0.0029250457038391227
12,0.0032906764168190127
13,0.0040219378427787935
14,0.00036563071297989033
15,0.007312614259597806
16,0.00036563071297989033
17,0.00036563071297989033
18,0.00036563071297989033
19,0.0014625228519195613
20,0.00036563071297989033
21,0.0010968921389396709
22,0.00036563071297989033
23,0.0010968921389396709
24,0.00036563071297989033
25,0.0007312614259597807
26,0.005850091407678245
27,0.0018281535648994515
28,0.00036563071297989033
29,0.0010968921389396709
30,0.0021937842778793418
31,0.0010968921389396709
32,0.0007312614259597807
33,0.00036563071297989033
34,0.0007312614259597807
35,0.0014625228519195613
36,0.00036563071297989033
37,0.00036563071297989033
38,0.005118829981718464
39,0.00036563071297989033
40,0.01206581352833638
41,0.00036563071297989033
42,0.00036563071297989033
43,0.009506398537477149
44,0.00036563071297989033
45,0.00036563071297989033
46,0.008775137111517367
47,0.006581352833638025
48,0.0007312614259597807
49,0.00036563071297989033
50,0.00036563071297989033
51,0.0018281535648994515
52,0.00036563071297989033
53,0.002559414990859232
54,0.0032906764168190127
55,0.0007312614259597807
56,0.0007312614259597807
57,0.005118829981718464
58,0.00036563071297989033
59,0.0010968921389396709
60,0.015356489945155392
61,0.00036563071297989033
62,0.016087751371115174
63,0.0021937842778793418
64,0.0010968921389396709
65,0.0113345521023766
66,0.0014625228519195613
67,0.007678244972577696
68,0.0029250457038391227
69,0.00036563071297989033
70,0.00036563071297989033
71,0.015356489945155392
72,0.0032906764168190127
73,0.0018281535648994515
74,0.0040219378427787935
75,0.017184643510054845
76,0.004753199268738574
77,0.0007312614259597807
78,0.00036563071297989033
79,0.013893967093235832
80,0.00036563071297989033
81,0.004753199268738574
82,0.0029250457038391227
83,0.0010968921389396709
84,0.02303473491773309
85,0.0018281535648994515
86,0.010968921389396709
87,0.0018281535648994515
88,0.00036563071297989033
89,0.00036563071297989033
90,0.0007312614259597807
91,0.00036563071297989033
92,0.0010968921389396709
93,0.0014625228519195613
94,0.003656307129798903
95,0.01316270566727605
96,0.0032906764168190127
97,0.00036563071297989033
98,0.0029250457038391227
99,0.0007312614259597807
100,0.00036563071297989033
101,0.0010968921389396709
102,0.0032906764168190127
103,0.00036563071297989033
104,0.04936014625228519
105,0.0007312614259597807
106,0.00036563071297989033
107,0.03217550274223035
108,0.0040219378427787935
109,0.0007312614259597807
110,0.024497257769652652
111,0.00036563071297989033
112,0.0007312614259597807
113,0.012797074954296161
114,0.03254113345521024
115,0.008043875685557587
116,0.00036563071297989033
117,0.01206581352833638
118,0.0010968921389396709
119,0.0010968921389396709
120,0.006215722120658135
121,0.013893967093235832
122,0.00036563071297989033
123,0.010968921389396709
124,0.017915904936014627
125,0.0226691042047532
126,0.0021937842778793418
127,0.00036563071297989033
128,0.006215722120658135
129,0.012797074954296161
130,0.0007312614259597807
131,0.00036563071297989033
132,0.007678244972577696
133,0.0014625228519195613
134,0.0043875685557586835
135,0.01170018281535649
136,0.02120658135283364
137,0.00036563071297989033
138,0.0032906764168190127
139,0.0032906764168190127
140,0.008043875685557587
141,0.00036563071297989033
142,0.028884826325411336
143,0.017184643510054845
144,0.00036563071297989033
145,0.0007312614259597807
146,0.006215722120658135
147,0.002559414990859232
148,0.00036563071297989033
149,0.02303473491773309
150,0.00036563071297989033
151,0.0018281535648994515
152,0.0007312614259597807
153,0.02157221206581353
154,0.0032906764168190127
155,0.00036563071297989033
156,0.0029250457038391227
157,0.0014625228519195613
158,0.0014625228519195613
159,0.00036563071297989033
160,0.00036563071297989033
161,0.0040219378427787935
162,0.0010968921389396709
163,0.018647166361974405
164,0.00036563071297989033
165,0.014625228519195612
166,0.018647166361974405
167,0.010237659963436929
168,0.005484460694698354
169,0.010968921389396709
170,0.038025594149908595
171,0.00036563071297989033
172,0.00036563071297989033
173,0.006215722120658135
174,0.00036563071297989033
175,0.0018281535648994515
176,0.005484460694698354
177,0.021937842778793418
178,0.003656307129798903
179,0.00036563071297989033
180,0.01170018281535649
181,0.00036563071297989033
182,0.03436928702010969
183,0.013528336380255941
184,0.00036563071297989033
185,0.002559414990859232
186,0.016087751371115174
187,0.006946983546617916
188,0.004753199268738574
189,0.00036563071297989033
190,0.00036563071297989033
191,0.0007312614259597807
192,0.00036563071297989033
193,0.0007312614259597807
194,0.017184643510054845
195,0.013893967093235832
196,0.0018281535648994515
197,0.008775137111517367
198,0.0226691042047532
199,0.0021937842778793418
200,0.021937842778793418
201,0.007678244972577696
202,0.006946983546617916
203,0.005118829981718464
204,0.03436928702010969
205,0.030347349177330896
206,0.013893967093235832
207,0.008409506398537478
208,0.007312614259597806
209,0.0010968921389396709
210,0.002559414990859232
211,0.0010968921389396709
212,0.0029250457038391227
213,0.0007312614259597807
214,0.00036563071297989033
215,0.009506398537477149
216,0.014259597806215722
217,0.0029250457038391227
218,0.0007312614259597807
219,0.0010968921389396709
220,0.008775137111517367
221,0.02376599634369287
222,0.010968921389396709
223,0.02303473491773309
224,0.0010968921389396709
225,0.0340036563071298
226,0.008409506398537478
227,0.020475319926873858
228,0.01170018281535649
229,0.009506398537477149
230,0.015356489945155392
231,0.01060329067641682
232,0.009506398537477149
233,0.01206581352833638
234,0.0029250457038391227
235,0.00036563071297989033
236,0.044241316270566725
237,0.013528336380255941
238,0.003656307129798903
239,0.0018281535648994515
240,0.0010968921389396709
241,0.005118829981718464
242,0.00036563071297989033
243,0.0014625228519195613
244,0.01316270566727605
245,0.01316270566727605
246,0.012797074954296161
247,0.02120658135283364
248,0.014990859232175503
249,0.00036563071297989033
250,0.0263254113345521
251,0.01060329067641682
252,0.06069469835466179
253,0.014625228519195612
254,0.0007312614259597807
255,0.0040219378427787935
256,0.0007312614259597807
257,0.00036563071297989033
258,0.0018281535648994515
259,0.0010968921389396709
260,0.0032906764168190127
261,0.02522851919561243
262,0.00036563071297989033
263,0.0014625228519195613
264,0.0014625228519195613
265,0.003656307129798903
266,0.00036563071297989033
267,0.0014625228519195613
268,0.0007312614259597807
269,0.014625228519195612
270,0.006946983546617916
271,0.0014625228519195613
272,0.00036563071297989033
273,0.027056672760511883
274,0.02010968921389397
275,0.02303473491773309
276,0.008409506398537478
277,0.020840950639853747
278,0.0007312614259597807
279,0.017184643510054845
280,0.02010968921389397
281,0.00036563071297989033
282,0.0029250457038391227
283,0.00036563071297989033
284,0.00036563071297989033
285,0.0007312614259597807
286,0.0018281535648994515
287,0.03473491773308958
288,0.0007312614259597807
289,0.002559414990859232
290,0.013528336380255941
291,0.003656307129798903
292,0.02340036563071298
293,0.0029250457038391227
294,0.008775137111517367
295,0.005850091407678245
296,0.0007312614259597807
297,0.015722120658135285
298,0.002559414990859232
299,0.015722120658135285
300,0.020840950639853747
301,0.01170018281535649
302,0.0010968921389396709
303,0.016087751371115174
304,0.016087751371115174
305,0.0014625228519195613
306,0.015722120658135285
307,0.016819012797074956
308,0.012797074954296161
309,0.00036563071297989033
310,0.013893967093235832
311,0.0018281535648994515
312,0.016819012797074956
313,0.0021937842778793418
314,0.01060329067641682
315,0.005118829981718464
316,0.006581352833638025
317,0.01060329067641682
318,0.0032906764168190127
319,0.014625228519195612
320,0.014259597806215722
321,0.018647166361974405
322,0.015356489945155392
323,0.00036563071297989033
324,0.017915904936014627
325,0.016087751371115174
326,0.008409506398537478
327,0.04277879341864717
328,0.013528336380255941
329,0.00036563071297989033
330,0.007312614259597806
331,0.0032906764168190127
332,0.015722120658135285
333,0.0007312614259597807
334,0.016453382084095063
335,0.0010968921389396709
336,0.0007312614259597807
337,0.0040219378427787935
338,0.008409506398537478
339,0.024497257769652652
340,0.014625228519195612
341,0.0021937842778793418
342,0.0018281535648994515
343,0.01243144424131627
344,0.00036563071297989033
345,0.008043875685557587
346,0.0014625228519195613
347,0.0018281535648994515
348,0.009140767824497258
349,0.0018281535648994515
350,0.0014625228519195613
351,0.01243144424131627
352,0.00036563071297989033
353,0.00036563071297989033
354,0.0021937842778793418
355,0.002559414990859232
356,0.016087751371115174
357,0.00036563071297989033
358,0.00036563071297989033
359,0.0014625228519195613
360,0.009872029250457038
361,0.018647166361974405
362,0.0010968921389396709
363,0.00036563071297989033
364,0.0010968921389396709
365,0.0014625228519195613
366,0.0029250457038391227
367,0.0007312614259597807
368,0.02120658135283364
369,0.01060329067641682
370,0.017915904936014627
371,0.01316270566727605
372,0.00036563071297989033
373,0.006581352833638025
374,0.0043875685557586835
375,0.00036563071297989033
376,0.02522851919561243
377,0.013528336380255941
378,0.01060329067641682
379,0.01316270566727605
380,0.016819012797074956
381,0.005484460694698354
382,0.00036563071297989033
383,0.00036563071297989033
384,0.00036563071297989033
385,0.0043875685557586835
386,0.0007312614259597807
387,0.0032906764168190127
388,0.0014625228519195613
389,0.014990859232175503
390,0.0007312614259597807
391,0.00036563071297989033
392,0.0010968921389396709
393,0.0018281535648994515
394,0.0007312614259597807
395,0.008043875685557587
396,0.005118829981718464
397,0.0007312614259597807
398,0.015356489945155392
399,0.006581352833638025
400,0.0007312614259597807
401,0.009140767824497258
402,0.007678244972577696
403,0.002559414990859232
404,0.0014625228519195613
405,0.0007312614259597807
406,0.008043875685557587
407,0.008775137111517367
408,0.021937842778793418
409,0.013528336380255941
410,0.00036563071297989033
411,0.01060329067641682
412,0.016453382084095063
413,0.01206581352833638
414,0.0032906764168190127
415,0.0014625228519195613
416,0.0018281535648994515
417,0.0007312614259597807
418,0.00036563071297989033
419,0.014625228519195612
420,0.00036563071297989033
421,0.009140767824497258
422,0.004753199268738574
423,0.00036563071297989033
424,0.0029250457038391227
425,0.0029250457038391227
426,0.00036563071297989033
427,0.00036563071297989033
428,0.008409506398537478
429,0.008775137111517367
430,0.017550274223034734
431,0.016453382084095063
432,0.0007312614259597807
433,0.024497257769652652
434,0.00036563071297989033
435,0.0113345521023766
436,0.0014625228519195613
437,0.0043875685557586835
438,0.0014625228519195613
439,0.00036563071297989033
440,0.0043875685557586835
441,0.01243144424131627
442,0.00036563071297989033
443,0.026691042047531994
444,0.01243144424131627
445,0.0007312614259597807
446,0.0007312614259597807
447,0.0021937842778793418
448,0.01060329067641682
449,0.009140767824497258
450,0.0007312614259597807
451,0.009140767824497258
452,0.0021937842778793418
453,0.0014625228519195613
454,0.046435100548446066
455,0.02303473491773309
456,0.0010968921389396709
457,0.0007312614259597807
458,0.00036563071297989033
459,0.006946983546617916
460,0.005118829981718464
461,0.0007312614259597807
462,0.00036563071297989033
463,0.0113345521023766
464,0.010968921389396709
465,0.0032906764168190127
466,0.02340036563071298
467,0.04570383912248629
468,0.02413162705667276
469,0.01243144424131627
470,0.006581352833638025
471,0.0014625228519195613
472,0.02120658135283364
473,0.00036563071297989033
474,0.0007312614259597807
475,0.00036563071297989033
476,0.005484460694698354
477,0.00036563071297989033
478,0.00036563071297989033
479,0.007678244972577696
480,0.00036563071297989033
481,0.0007312614259597807
482,0.0010968921389396709
483,0.0014625228519195613
484,0.00036563071297989033
485,0.009140767824497258
486,0.017184643510054845
487,0.016087751371115174
488,0.007678244972577696
489,0.003656307129798903
490,0.00036563071297989033
491,0.003656307129798903
492,0.007678244972577696
493,0.01316270566727605
494,0.013893967093235832
495,0.017184643510054845
496,0.03254113345521024
497,0.0032906764168190127
498,0.015722120658135285
499,0.0032906764168190127
500,0.025594149908592323
501,0.0007312614259597807
502,0.00036563071297989033
503,0.0007312614259597807
504,0.007312614259597806
505,0.00036563071297989033
506,0.009872029250457038
507,0.00036563071297989033
508,0.0021937842778793418
509,0.0018281535648994515
510,0.01170018281535649
511,0.0007312614259597807
512,0.014625228519195612
513,0.00036563071297989033
514,0.00036563071297989033
515,0.010237659963436929
516,0.0007312614259597807
517,0.007678244972577696
518,0.0043875685557586835
519,0.020840950639853747
520,0.01170018281535649
521,0.03948811700182815
522,0.016453382084095063
523,0.00036563071297989033
524,0.0010968921389396709
525,0.0263254113345521
526,0.0007312614259597807
527,0.007312614259597806
528,0.0014625228519195613
529,0.0007312614259597807
530,0.0010968921389396709
531,0.00036563071297989033
532,0.0007312614259597807
533,0.0007312614259597807
534,0.00036563071297989033
535,0.0007312614259597807
536,0.00036563071297989033
537,0.00036563071297989033
538,0.0018281535648994515
539,0.00036563071297989033
540,0.002559414990859232
541,0.0007312614259597807
542,0.00036563071297989033
543,0.00036563071297989033
544,0.010237659963436929
545,0.0113345521023766
546,0.0021937842778793418
547,0.019012797074954298
548,0.002559414990859232
549,0.00036563071297989033
550,0.0018281535648994515
551,0.00036563071297989033
552,0.002559414990859232
553,0.0014625228519195613
554,0.014990859232175503
555,0.015356489945155392
556,0.00036563071297989033
557,0.00036563071297989033
558,0.0007312614259597807
559,0.0018281535648994515
560,0.00036563071297989033
561,0.005850091407678245
562,0.0018281535648994515
563,0.02230347349177331
564,0.0032906764168190127
565,0.0014625228519195613
566,0.0010968921389396709
567,0.005850091407678245
568,0.0010968921389396709
569,0.0113345521023766
570,0.019378427787934187
571,0.00036563071297989033
572,0.007678244972577696
573,0.0010968921389396709
574,0.00036563071297989033
575,0.00036563071297989033
576,0.0021937842778793418
577,0.0010968921389396709
578,0.009872029250457038
579,0.012797074954296161
580,0.017184643510054845
581,0.010237659963436929
582,0.008775137111517367
583,0.0018281535648994515
584,0.02010968921389397
585,0.0113345521023766
586,0.0010968921389396709
587,0.014259597806215722
588,0.00036563071297989033
589,0.006215722120658135
590,0.0010968921389396709
591,0.00036563071297989033
592,0.00036563071297989033
593,0.00036563071297989033
594,0.00036563071297989033
595,0.014990859232175503
596,0.003656307129798903
597,0.002559414990859232
598,0.00036563071297989033
599,0.0007312614259597807
600,0.0018281535648994515
601,0.00036563071297989033
602,0.009140767824497258
603,0.0010968921389396709
604,0.0014625228519195613
605,0.00036563071297989033
606,0.0032906764168190127
607,0.00036563071297989033
608,0.0010968921389396709
609,0.0007312614259597807
610,0.0010968921389396709
611,0.0007312614259597807
612,0.00036563071297989033
613,0.0018281535648994515
614,0.00036563071297989033
615,0.006946983546617916
616,0.01170018281535649
617,0.00036563071297989033
618,0.0007312614259597807
619,0.00036563071297989033
620,0.006215722120658135
621,0.0029250457038391227
622,0.0014625228519195613
623,0.0010968921389396709
624,0.0018281535648994515
625,0.002559414990859232
626,0.002559414990859232
627,0.008043875685557587
628,0.02120658135283364
629,0.0010968921389396709
630,0.0018281535648994515
631,0.0021937842778793418
632,0.0018281535648994515
633,0.021937842778793418
634,0.0014625228519195613
635,0.0029250457038391227
636,0.0010968921389396709
637,0.02303473491773309
638,0.002559414990859232
639,0.0043875685557586835
640,0.00036563071297989033
641,0.002559414990859232
642,0.00036563071297989033
643,0.00036563071297989033
644,0.0113345521023766
645,0.00036563071297989033
646,0.0010968921389396709
647,0.00036563071297989033
648,0.009506398537477149
649,0.016819012797074956
650,0.006215722120658135
651,0.00036563071297989033
652,0.00036563071297989033
653,0.0007312614259597807
654,0.00036563071297989033
655,0.014990859232175503
656,0.046435100548446066
657,0.02157221206581353
658,0.00036563071297989033
659,0.017550274223034734
660,0.0007312614259597807
661,0.002559414990859232
662,0.0007312614259597807
663,0.0021937842778793418
664,0.00036563071297989033
665,0.0007312614259597807
666,0.0007312614259597807
667,0.00036563071297989033
668,0.0029250457038391227
669,0.00036563071297989033
670,0.0010968921389396709
671,0.0018281535648994515
672,0.0018281535648994515
673,0.0010968921389396709
674,0.0010968921389396709
675,0.0010968921389396709
676,0.015722120658135285
677,0.014990859232175503
678,0.008043875685557587
679,0.02157221206581353
680,0.01170018281535649
681,0.00036563071297989033
682,0.0007312614259597807
683,0.00036563071297989033
684,0.00036563071297989033
685,0.008043875685557587
686,0.0226691042047532
687,0.0007312614259597807
688,0.014990859232175503
689,0.01060329067641682
690,0.00036563071297989033
691,0.00036563071297989033
692,0.0007312614259597807
693,0.00036563071297989033
694,0.0007312614259597807
695,0.007678244972577696
696,0.0029250457038391227
697,0.0018281535648994515
698,0.006581352833638025
699,0.018281535648994516
700,0.017550274223034734
701,0.008775137111517367
702,0.0010968921389396709
703,0.00036563071297989033
704,0.0007312614259597807
705,0.00036563071297989033
706,0.0032906764168190127
707,0.0007312614259597807
708,0.00036563071297989033
709,0.0032906764168190127
710,0.0007312614259597807
711,0.0007312614259597807
712,0.0007312614259597807
713,0.014625228519195612
714,0.00036563071297989033
715,0.0018281535648994515
716,0.010237659963436929
717,0.0010968921389396709
718,0.007678244972577696
719,0.006215722120658135
720,0.0007312614259597807
721,0.0014625228519195613
722,0.0021937842778793418
723,0.00036563071297989033
724,0.0010968921389396709
725,0.019744058500914076
726,0.01243144424131627
727,0.0014625228519195613
728,0.014625228519195612
729,0.010968921389396709
730,0.0007312614259597807
731,0.0007312614259597807
732,0.016819012797074956
733,0.02486288848263254
734,0.01170018281535649
735,0.00036563071297989033
736,0.0032906764168190127
737,0.01243144424131627
738,0.03180987202925046
739,0.04460694698354662
740,0.010968921389396709
741,0.00036563071297989033
742,0.015356489945155392
743,0.0010968921389396709
744,0.019378427787934187
745,0.0043875685557586835
746,0.006581352833638025
747,0.014625228519195612
748,0.00036563071297989033
749,0.008043875685557587
750,0.0010968921389396709
751,0.00036563071297989033
752,0.0018281535648994515
753,0.014259597806215722
754,0.012797074954296161
755,0.013528336380255941
756,0.0021937842778793418
757,0.0007312614259597807
758,0.0021937842778793418
759,0.00036563071297989033
760,0.0021937842778793418
761,0.018647166361974405
762,0.0113345521023766
763,0.004753199268738574
764,0.0014625228519195613
765,0.005850091407678245
766,0.00036563071297989033
767,0.003656307129798903
768,0.020475319926873858
769,0.004753199268738574
770,0.00036563071297989033
771,0.0018281535648994515
772,0.014625228519195612
773,0.015722120658135285
774,0.008409506398537478
775,0.0018281535648994515
776,0.006946983546617916
777,0.004753199268738574
778,0.0010968921389396709
779,0.0010968921389396709
780,0.00036563071297989033
781,0.007678244972577696
782,0.010968921389396709
783,0.009140767824497258
784,0.0010968921389396709
785,0.00036563071297989033
786,0.0007312614259597807
787,0.0014625228519195613
788,0.00036563071297989033
789,0.00036563071297989033
790,0.00036563071297989033
791,0.004753199268738574
792,0.009140767824497258
793,0.0040219378427787935
794,0.00036563071297989033
795,0.00036563071297989033
796,0.0014625228519195613
797,0.005484460694698354
798,0.0010968921389396709
799,0.0007312614259597807
800,0.0010968921389396709
801,0.00036563071297989033
802,0.03510054844606947
803,0.0014625228519195613
804,0.00036563071297989033
805,0.00036563071297989033
806,0.00036563071297989033
807,0.0010968921389396709
808,0.0010968921389396709
809,0.015356489945155392
810,0.0113345521023766
811,0.0043875685557586835
812,0.010237659963436929
813,0.00036563071297989033
814,0.00036563071297989033
815,0.00036563071297989033
816,0.00036563071297989033
817,0.013528336380255941
818,0.00036563071297989033
819,0.0040219378427787935
820,0.020840950639853747
821,0.004753199268738574
822,0.00036563071297989033
823,0.00036563071297989033
824,0.00036563071297989033
825,0.00036563071297989033
826,0.00036563071297989033
827,0.0007312614259597807
828,0.01316270566727605
829,0.01316270566727605
830,0.0007312614259597807
831,0.03948811700182815
832,0.00036563071297989033
833,0.0021937842778793418
834,0.013893967093235832
835,0.016453382084095063
836,0.0010968921389396709
837,0.00036563071297989033
838,0.0010968921389396709
839,0.003656307129798903
840,0.0021937842778793418
841,0.0007312614259597807
842,0.015356489945155392
843,0.005484460694698354
844,0.00036563071297989033
845,0.0018281535648994515
846,0.00036563071297989033
847,0.004753199268738574
848,0.0010968921389396709
849,0.01060329067641682
850,0.00036563071297989033
851,0.00036563071297989033
852,0.0032906764168190127
853,0.014625228519195612
854,0.006581352833638025
855,0.009872029250457038
856,0.00036563071297989033
857,0.014259597806215722
858,0.0021937842778793418
859,0.010237659963436929
860,0.0007312614259597807
861,0.00036563071297989033
862,0.0021937842778793418
863,0.012797074954296161
864,0.0014625228519195613
865,0.007312614259597806
866,0.0040219378427787935
867,0.00036563071297989033
868,0.002559414990859232
869,0.012797074954296161
870,0.0007312614259597807
871,0.0007312614259597807
872,0.01170018281535649
873,0.017184643510054845
874,0.006215722120658135
875,0.0018281535648994515
876,0.00036563071297989033
877,0.0007312614259597807
878,0.009140767824497258
879,0.019744058500914076
880,0.010237659963436929
881,0.014259597806215722
882,0.0007312614259597807
883,0.00036563071297989033
884,0.016087751371115174
885,0.0007312614259597807
886,0.00036563071297989033
887,0.0021937842778793418
888,0.005118829981718464
889,0.00036563071297989033
890,0.009140767824497258
891,0.015722120658135285
892,0.02157221206581353
893,0.02230347349177331
894,0.017550274223034734
895,0.01206581352833638
896,0.021937842778793418
897,0.0014625228519195613
898,0.00036563071297989033
899,0.014259597806215722
900,0.0014625228519195613
901,0.00036563071297989033
902,0.008775137111517367
903,0.027787934186471665
904,0.020840950639853747
905,0.008043875685557587
906,0.030712979890310785
907,0.01170018281535649
908,0.00036563071297989033
909,0.010968921389396709
910,0.0021937842778793418
911,0.009872029250457038
912,0.014625228519195612
913,0.016819012797074956
914,0.019012797074954298
915,0.014259597806215722
916,0.00036563071297989033
917,0.0032906764168190127
918,0.012797074954296161
919,0.016087751371115174
920,0.017184643510054845
921,0.017184643510054845
922,0.005850091407678245
923,0.0014625228519195613
924,0.012797074954296161
925,0.008775137111517367
926,0.00036563071297989033
927,0.0010968921389396709
928,0.00036563071297989033
929,0.00036563071297989033
930,0.00036563071297989033
931,0.0018281535648994515
932,0.0014625228519195613
933,0.0021937842778793418
934,0.017550274223034734
935,0.005118829981718464
936,0.009506398537477149
937,0.009872029250457038
938,0.00036563071297989033
939,0.0007312614259597807
940,0.0007312614259597807
941,0.016087751371115174
942,0.0040219378427787935
943,0.00036563071297989033
944,0.0014625228519195613
945,0.00036563071297989033
946,0.0032906764168190127
947,0.012797074954296161
948,0.017915904936014627
949,0.006581352833638025
950,0.010968921389396709
951,0.009872029250457038
952,0.004753199268738574
953,0.0043875685557586835
954,0.03290676416819013
955,0.006215722120658135
956,0.01316270566727605
957,0.009506398537477149
958,0.017550274223034734
959,0.004753199268738574
960,0.02522851919561243
961,0.019744058500914076
962,0.01316270566727605
963,0.03436928702010969
964,0.014990859232175503
965,0.01243144424131627
966,0.02486288848263254
967,0.018647166361974405
968,0.025959780621572212
969,0.00036563071297989033
970,0.016087751371115174
971,0.02340036563071298
972,0.016453382084095063
973,0.006215722120658135
974,0.0018281535648994515
975,0.017915904936014627
976,0.028519195612431443
977,0.0018281535648994515
978,0.016819012797074956
979,0.009140767824497258
980,0.03546617915904936
981,0.018281535648994516
982,0.0032906764168190127
983,0.01170018281535649
984,0.01170018281535649
985,0.0043875685557586835
986,0.00036563071297989033
987,0.00036563071297989033
988,0.002559414990859232
989,0.012797074954296161
990,0.007678244972577696
991,0.0113345521023766
992,0.0010968921389396709
993,0.015722120658135285
994,0.02413162705667276
995,0.010968921389396709
996,0.014990859232175503
997,0.014259597806215722
998,0.020840950639853747
999,0.00036563071297989033
1000,0.014625228519195612
1001,0.00036563071297989033
1002,0.019744058500914076
1003,0.009872029250457038
1004,0.0010968921389396709
1005,0.0032906764168190127
1006,0.015356489945155392
1007,0.019012797074954298
1008,0.0029250457038391227
1009,0.01170018281535649
1010,0.007312614259597806
1011,0.00036563071297989033
1012,0.00036563071297989033
1013,0.00036563071297989033
1014,0.0007312614259597807
1015,0.012797074954296161
1016,0.004753199268738574
1017,0.0018281535648994515
1018,0.006581352833638025
1019,0.00036563071297989033
1020,0.0014625228519195613
1021,0.00036563071297989033
1022,0.00036563071297989033
1023,0.0014625228519195613
1024,0.0014625228519195613
1025,0.0010968921389396709
1026,0.0007312614259597807
1027,0.00036563071297989033
1028,0.00036563071297989033
1029,0.0021937842778793418
1030,0.00036563071297989033
1031,0.00036563071297989033
1032,0.0007312614259597807
1033,0.00036563071297989033
1034,0.00036563071297989033
1035,0.00036563071297989033
1036,0.0007312614259597807
1037,0.00036563071297989033
1038,0.0010968921389396709
1039,0.0007312614259597807
1040,0.00036563071297989033
1041,0.00036563071297989033
1042,0.0014625228519195613
1043,0.00036563071297989033
1044,0.00036563071297989033
1045,0.00036563071297989033
1046,0.0014625228519195613
1047,0.0007312614259597807
1048,0.00036563071297989033
1049,0.00036563071297989033
1050,0.00036563071297989033
1051,0.0010968921389396709
1052,0.00036563071297989033
1053,0.00036563071297989033
1054,0.00036563071297989033
1055,0.00036563071297989033
1056,0.0010968921389396709
1057,0.00036563071297989033
1058,0.00036563071297989033
1059,0.0007312614259597807
1060,0.00036563071297989033
1061,0.00036563071297989033
1062,0.00036563071297989033
1063,0.00036563071297989033
1064,0.0014625228519195613
1065,0.00036563071297989033
1066,0.00036563071297989033
1067,0.00036563071297989033
1068,0.0007312614259597807
1069,0.00036563071297989033
1070,0.00036563071297989033
1071,0.00036563071297989033
1072,0.00036563071297989033
1073,0.00036563071297989033
1074,0.00036563071297989033
1075,0.00036563071297989033
1076,0.00036563071297989033
1077,0.00036563071297989033
1078,0.00036563071297989033
1079,0.0007312614259597807
1080,0.0007312614259597807
1081,0.00036563071297989033
1082,0.00036563071297989033
1083,0.00036563071297989033
1084,0.00036563071297989033
1085,0.00036563071297989033
1086,0.00036563071297989033
1087,0.00036563071297989033
1088,0.0010968921389396709
1089,0.00036563071297989033
1090,0.00036563071297989033
1091,0.00036563071297989033
1092,0.00036563071297989033
1093,0.00036563071297989033
1094,0.00036563071297989033
1095,0.00036563071297989033
1096,0.00036563071297989033
1097,0.00036563071297989033
1098,0.00036563071297989033
1099,0.0040219378427787935
1100,0.00036563071297989033
1101,0.00036563071297989033
1102,0.00036563071297989033
1103,0.00036563071297989033
1104,0.00036563071297989033
1105,0.00036563071297989033
1106,0.00036563071297989033
1107,0.00036563071297989033
1108,0.00036563071297989033
1109,0.00036563071297989033
1110,0.00036563071297989033
1111,0.00036563071297989033
1112,0.00036563071297989033
1113,0.00036563071297989033
1114,0.00036563071297989033
1115,0.00036563071297989033
1116,0.00036563071297989033
1117,0.00036563071297989033
1118,0.00036563071297989033
1119,0.00036563071297989033
1120,0.00036563071297989033
1121,0.00036563071297989033
1122,0.00036563071297989033
1123,0.00036563071297989033
1124,0.00036563071297989033
1125,0.00036563071297989033
1126,0.00036563071297989033
1127,0.00036563071297989033
1128,0.00036563071297989033
1129,0.00036563071297989033
1130,0.00036563071297989033
1131,0.00036563071297989033
1132,0.00036563071297989033
1133,0.0007312614259597807
1134,0.0018281535648994515
1135,0.00036563071297989033
1136,0.00036563071297989033
1137,0.0007312614259597807
1138,0.0007312614259597807
1139,0.00036563071297989033
1140,0.00036563071297989033
1141,0.00036563071297989033
1142,0.00036563071297989033
1143,0.00036563071297989033
1144,0.00036563071297989033
1145,0.00036563071297989033
1146,0.00036563071297989033
1147,0.002559414990859232
1148,0.0014625228519195613
1149,0.00036563071297989033
1150,0.00036563071297989033
1151,0.00036563071297989033
1152,0.00036563071297989033
1153,0.00036563071297989033
1154,0.00036563071297989033
1155,0.00036563071297989033
1156,0.00036563071297989033
1157,0.00036563071297989033
1158,0.00036563071297989033
1159,0.00036563071297989033
1160,0.00036563071297989033
1161,0.00036563071297989033
1162,0.00036563071297989033
1163,0.00036563071297989033
1164,0.0021937842778793418
1165,0.00036563071297989033
1166,0.00036563071297989033
1167,0.00036563071297989033
1168,0.00036563071297989033
1169,0.00036563071297989033
1170,0.00036563071297989033
1171,0.00036563071297989033
1172,0.00036563071297989033
1173,0.00036563071297989033
1174,0.00036563071297989033
1175,0.00036563071297989033
1176,0.00036563071297989033
1177,0.00036563071297989033
1178,0.00036563071297989033
1179,0.00036563071297989033
1180,0.00036563071297989033
1181,0.00036563071297989033
1182,0.00036563071297989033
1183,0.00036563071297989033
1184,0.00036563071297989033
1185,0.00036563071297989033
1186,0.00036563071297989033
1187,0.00036563071297989033
1188,0.0029250457038391227
1189,0.00036563071297989033
1190,0.00036563071297989033
1191,0.00036563071297989033
1192,0.00036563071297989033
1193,0.00036563071297989033
1194,0.00036563071297989033
1195,0.00036563071297989033
1196,0.00036563071297989033
1197,0.00036563071297989033
1198,0.00036563071297989033
1199,0.00036563071297989033
1200,0.00036563071297989033
1201,0.00036563071297989033
1202,0.00036563071297989033
1203,0.00036563071297989033
1204,0.00036563071297989033
1205,0.00036563071297989033
1206,0.00036563071297989033
1207,0.00036563071297989033
1208,0.00036563071297989033
1209,0.00036563071297989033
1210,0.00036563071297989033
1211,0.00036563071297989033
1212,0.00036563071297989033
1213,0.00036563071297989033
1214,0.00036563071297989033
1215,0.00036563071297989033
1216,0.00036563071297989033
1217,0.00036563071297989033
1218,0.00036563071297989033
1219,0.00036563071297989033
1220,0.00036563071297989033
1221,0.00036563071297989033
1222,0.00036563071297989033
1223,0.00036563071297989033
1224,0.00036563071297989033
1225,0.00036563071297989033
1226,0.00036563071297989033
1227,0.00036563071297989033
1228,0.00036563071297989033
1229,0.00036563071297989033
1230,0.00036563071297989033
1231,0.00036563071297989033
1232,0.00036563071297989033
1233,0.00036563071297989033
1234,0.00036563071297989033
1235,0.0010968921389396709
1236,0.00036563071297989033
1237,0.00036563071297989033
1238,0.016453382084095063
1239,0.015356489945155392
1240,0.025959780621572212
1241,0.0010968921389396709
1242,0.0029250457038391227
1243,0.006946983546617916
1244,0.021937842778793418
1245,0.0029250457038391227
1246,0.0010968921389396709
1247,0.0043875685557586835
1248,0.009140767824497258
1249,0.00036563071297989033
1250,0.008409506398537478
1251,0.00036563071297989033
1252,0.00036563071297989033
1253,0.0018281535648994515
1254,0.0010968921389396709
1255,0.00036563071297989033
1256,0.00036563071297989033
1257,0.0007312614259597807
1258,0.0021937842778793418
1259,0.00036563071297989033
1260,0.00036563071297989033
1261,0.0007312614259597807
1262,0.00036563071297989033
1263,0.0014625228519195613
1264,0.00036563071297989033
1265,0.00036563071297989033
1266,0.0007312614259597807
1267,0.00036563071297989033
1268,0.00036563071297989033
1269,0.00036563071297989033
1270,0.0007312614259597807
1271,0.0014625228519195613
1272,0.007312614259597806
1273,0.0007312614259597807
1274,0.00036563071297989033
1275,0.0007312614259597807
1276,0.00036563071297989033
1277,0.00036563071297989033
1278,0.00036563071297989033
1279,0.0007312614259597807
1280,0.00036563071297989033
1281,0.00036563071297989033
1282,0.002559414990859232
1283,0.00036563071297989033
1284,0.00036563071297989033
1285,0.00036563071297989033
1286,0.00036563071297989033
1287,0.00036563071297989033
1288,0.0010968921389396709
1289,0.00036563071297989033
1290,0.0007312614259597807
1291,0.0010968921389396709
1292,0.00036563071297989033
1293,0.0007312614259597807
1294,0.00036563071297989033
1295,0.0007312614259597807
1296,0.00036563071297989033
1297,0.00036563071297989033
1298,0.00036563071297989033
1299,0.00036563071297989033
1300,0.00036563071297989033
1301,0.00036563071297989033
1302,0.00036563071297989033
1303,0.00036563071297989033
1304,0.00036563071297989033
1305,0.00036563071297989033
1306,0.00036563071297989033
1307,0.00036563071297989033
1308,0.0007312614259597807
1309,0.00036563071297989033
1310,0.00036563071297989033
1311,0.00036563071297989033
1312,0.00036563071297989033
1313,0.00036563071297989033
1314,0.0007312614259597807
1315,0.00036563071297989033
1316,0.00036563071297989033
1317,0.00036563071297989033
1318,0.00036563071297989033
1319,0.00036563071297989033
1320,0.00036563071297989033
1321,0.00036563071297989033
1322,0.00036563071297989033
1323,0.00036563071297989033
1324,0.00036563071297989033
1325,0.00036563071297989033
1326,0.00036563071297989033
1327,0.00036563071297989033
1328,0.00036563071297989033
1329,0.00036563071297989033
1330,0.00036563071297989033
1331,0.00036563071297989033
1332,0.0007312614259597807
1333,0.0007312614259597807
1334,0.00036563071297989033
1335,0.00036563071297989033
1336,0.00036563071297989033
1337,0.00036563071297989033
1338,0.00036563071297989033
1339,0.00036563071297989033
1340,0.00036563071297989033
1341,0.00036563071297989033
1342,0.00036563071297989033
1343,0.00036563071297989033
1344,0.0010968921389396709
1345,0.00036563071297989033
1346,0.00036563071297989033
1347,0.00036563071297989033
1348,0.00036563071297989033
1349,0.0007312614259597807
1350,0.00036563071297989033
1351,0.00036563071297989033
1352,0.00036563071297989033
1353,0.00036563071297989033
1354,0.0007312614259597807
1355,0.00036563071297989033
1356,0.00036563071297989033
1357,0.00036563071297989033
1358,0.0014625228519195613
1359,0.00036563071297989033
1360,0.00036563071297989033
1361,0.00036563071297989033
1362,0.00036563071297989033
1363,0.00036563071297989033
1364,0.00036563071297989033
1365,0.00036563071297989033
1366,0.00036563071297989033
1367,0.00036563071297989033
1368,0.00036563071297989033
1369,0.00036563071297989033
1370,0.00036563071297989033
1371,0.00036563071297989033
1372,0.00036563071297989033
1373,0.0007312614259597807
1374,0.00036563071297989033
1375,0.00036563071297989033
1376,0.00036563071297989033
1377,0.00036563071297989033
1378,0.00036563071297989033
1379,0.00036563071297989033
1380,0.00036563071297989033
1381,0.00036563071297989033
1382,0.00036563071297989033
1383,0.00036563071297989033
1384,0.00036563071297989033
1385,0.0007312614259597807
1386,0.00036563071297989033
1387,0.00036563071297989033
1388,0.00036563071297989033
1389,0.00036563071297989033
1390,0.00036563071297989033
1391,0.00036563071297989033
1392,0.00036563071297989033
1393,0.00036563071297989033
1394,0.00036563071297989033
1395,0.00036563071297989033
1396,0.00036563071297989033
1397,0.00036563071297989033
1398,0.00036563071297989033
1399,0.00036563071297989033
1400,0.00036563071297989033
1401,0.00036563071297989033
1402,0.00036563071297989033
1403,0.00036563071297989033
1404,0.00036563071297989033
1405,0.00036563071297989033
1406,0.0007312614259597807
1407,0.00036563071297989033
1408,0.00036563071297989033
1409,0.00036563071297989033
1410,0.00036563071297989033
1411,0.00036563071297989033
1412,0.00036563071297989033
1413,0.0010968921389396709
1414,0.00036563071297989033
1415,0.00036563071297989033
1416,0.00036563071297989033
1417,0.00036563071297989033
1418,0.00036563071297989033
1419,0.00036563071297989033
1420,0.00036563071297989033
1421,0.00036563071297989033
1422,0.00036563071297989033
1423,0.00036563071297989033
1424,0.00036563071297989033
1425,0.00036563071297989033
1426,0.00036563071297989033
1427,0.00036563071297989033
1428,0.00036563071297989033
1429,0.00036563071297989033
1430,0.00036563071297989033
1431,0.00036563071297989033
1432,0.008043875685557587
1433,0.00036563071297989033
1434,0.00036563071297989033
1435,0.02376599634369287
1436,0.01170018281535649
1437,0.0007312614259597807
1438,0.004753199268738574
1439,0.00036563071297989033
1440,0.00036563071297989033
1441,0.006581352833638025
1442,0.02157221206581353
1443,0.02120658135283364
1444,0.012797074954296161
1445,0.00036563071297989033
1446,0.02120658135283364
1447,0.010237659963436929
1448,0.00036563071297989033
1449,0.00036563071297989033
1450,0.00036563071297989033
1451,0.005484460694698354
1452,0.00036563071297989033
1453,0.00036563071297989033
1454,0.00036563071297989033
1455,0.00036563071297989033
1456,0.00036563071297989033
1457,0.00036563071297989033
1458,0.00036563071297989033
1459,0.00036563071297989033
1460,0.00036563071297989033
1461,0.00036563071297989033
1462,0.00036563071297989033
1463,0.0010968921389396709
1464,0.00036563071297989033
1465,0.00036563071297989033
1466,0.0010968921389396709
1467,0.00036563071297989033
1468,0.00036563071297989033
1469,0.00036563071297989033
1470,0.00036563071297989033
1471,0.00036563071297989033
1472,0.00036563071297989033
1473,0.00036563071297989033
1474,0.0014625228519195613
1475,0.00036563071297989033
1476,0.0010968921389396709
1477,0.00036563071297989033
1478,0.0010968921389396709
1479,0.00036563071297989033
1480,0.00036563071297989033
1481,0.00036563071297989033
1482,0.00036563071297989033
1483,0.00036563071297989033
1484,0.00036563071297989033
1485,0.00036563071297989033
1486,0.00036563071297989033
1487,0.00036563071297989033
1488,0.00036563071297989033
1489,0.00036563071297989033
1490,0.00036563071297989033
1491,0.00036563071297989033
1492,0.00036563071297989033
1493,0.0021937842778793418
1494,0.00036563071297989033
1495,0.0014625228519195613
1496,0.0007312614259597807
1497,0.00036563071297989033
1498,0.00036563071297989033
1499,0.0014625228519195613
1500,0.00036563071297989033
1501,0.00036563071297989033
1502,0.00036563071297989033
1503,0.00036563071297989033
1504,0.00036563071297989033
1505,0.00036563071297989033
1506,0.0007312614259597807
1507,0.0018281535648994515
1508,0.00036563071297989033
1509,0.00036563071297989033
1510,0.00036563071297989033
1511,0.00036563071297989033
1512,0.00036563071297989033
1513,0.00036563071297989033
1514,0.00036563071297989033
1515,0.0021937842778793418
1516,0.00036563071297989033
1517,0.00036563071297989033
1518,0.00036563071297989033
1519,0.00036563071297989033
1520,0.0010968921389396709
1521,0.00036563071297989033
1522,0.00036563071297989033
1523,0.0014625228519195613
1524,0.00036563071297989033
1525,0.00036563071297989033
1526,0.00036563071297989033
1527,0.00036563071297989033
1528,0.00036563071297989033
1529,0.00036563071297989033
1530,0.00036563071297989033
1531,0.0018281535648994515
1532,0.00036563071297989033
1533,0.00036563071297989033
1534,0.00036563071297989033
1535,0.00036563071297989033
1536,0.0018281535648994515
1537,0.00036563071297989033
1538,0.00036563071297989033
1539,0.00036563071297989033
1540,0.0007312614259597807
1541,0.00036563071297989033
1542,0.00036563071297989033
1543,0.00036563071297989033
1544,0.0014625228519195613
1545,0.00036563071297989033
1546,0.00036563071297989033
1547,0.00036563071297989033
1548,0.00036563071297989033
1549,0.00036563071297989033
1550,0.00036563071297989033
1551,0.00036563071297989033
1552,0.00036563071297989033
1553,0.00036563071297989033
1554,0.00036563071297989033
1555,0.00036563071297989033
1556,0.0007312614259597807
1557,0.00036563071297989033
1558,0.00036563071297989033
1559,0.00036563071297989033
1560,0.00036563071297989033
1561,0.003656307129798903
1562,0.00036563071297989033
1563,0.00036563071297989033
1564,0.00036563071297989033
1565,0.00036563071297989033
1566,0.00036563071297989033
1567,0.00036563071297989033
1568,0.00036563071297989033
1569,0.00036563071297989033
1570,0.00036563071297989033
1571,0.00036563071297989033
1572,0.00036563071297989033
1573,0.00036563071297989033
1574,0.00036563071297989033
1575,0.00036563071297989033
1576,0.00036563071297989033
1577,0.00036563071297989033
1578,0.0010968921389396709
1579,0.00036563071297989033
1580,0.00036563071297989033
1581,0.00036563071297989033
1582,0.00036563071297989033
1583,0.00036563071297989033
1584,0.00036563071297989033
1585,0.00036563071297989033
1586,0.00036563071297989033
1587,0.00036563071297989033
1588,0.00036563071297989033
1589,0.00036563071297989033
1590,0.00036563071297989033
1591,0.00036563071297989033
1592,0.00036563071297989033
1593,0.00036563071297989033
1594,0.00036563071297989033
1595,0.00036563071297989033
1596,0.00036563071297989033
1597,0.00036563071297989033
1598,0.00036563071297989033
1599,0.00036563071297989033
1600,0.00036563071297989033
1601,0.0021937842778793418
1602,0.00036563071297989033
1603,0.0007312614259597807
1604,0.00036563071297989033
1605,0.0007312614259597807
1606,0.00036563071297989033
1607,0.0007312614259597807
1608,0.00036563071297989033
1609,0.00036563071297989033
1610,0.00036563071297989033
1611,0.00036563071297989033
1612,0.00036563071297989033
1613,0.00036563071297989033
1614,0.00036563071297989033
1615,0.00036563071297989033
1616,0.0032906764168190127
1617,0.00036563071297989033
1618,0.005850091407678245
1619,0.00036563071297989033
1620,0.00036563071297989033
1621,0.00036563071297989033
1622,0.0007312614259597807
1623,0.0007312614259597807
1624,0.0007312614259597807
1625,0.0010968921389396709
1626,0.00036563071297989033
1627,0.00036563071297989033
1628,0.00036563071297989033
1629,0.0007312614259597807
1630,0.00036563071297989033
1631,0.00036563071297989033
1632,0.00036563071297989033
1633,0.0007312614259597807
1634,0.00036563071297989033
1635,0.00036563071297989033
1636,0.0007312614259597807
1637,0.00036563071297989033
1638,0.0007312614259597807
1639,0.0029250457038391227
1640,0.0018281535648994515
1641,0.0007312614259597807
1642,0.0010968921389396709
1643,0.00036563071297989033
1644,0.00036563071297989033
1645,0.0018281535648994515
1646,0.00036563071297989033
1647,0.00036563071297989033
1648,0.00036563071297989033
1649,0.00036563071297989033
1650,0.00036563071297989033
1651,0.0007312614259597807
1652,0.00036563071297989033
1653,0.00036563071297989033
1654,0.00036563071297989033
1655,0.0007312614259597807
1656,0.00036563071297989033
1657,0.00036563071297989033
1658,0.00036563071297989033
1659,0.0007312614259597807
1660,0.00036563071297989033
1661,0.00036563071297989033
1662,0.00036563071297989033
1663,0.00036563071297989033
1664,0.00036563071297989033
1665,0.00036563071297989033
1666,0.00036563071297989033
1667,0.00036563071297989033
1668,0.00036563071297989033
1669,0.00036563071297989033
1670,0.00036563071297989033
1671,0.0010968921389396709
1672,0.00036563071297989033
1673,0.0007312614259597807
1674,0.00036563071297989033
1675,0.00036563071297989033
1676,0.00036563071297989033
1677,0.00036563071297989033
1678,0.00036563071297989033
1679,0.00036563071297989033
1680,0.00036563071297989033
1681,0.0010968921389396709
1682,0.0007312614259597807
1683,0.00036563071297989033
1684,0.00036563071297989033
1685,0.0007312614259597807
1686,0.00036563071297989033
1687,0.00036563071297989033
1688,0.0007312614259597807
1689,0.0007312614259597807
1690,0.00036563071297989033
1691,0.00036563071297989033
1692,0.00036563071297989033
1693,0.00036563071297989033
1694,0.00036563071297989033
1695,0.0032906764168190127
1696,0.00036563071297989033
1697,0.00036563071297989033
1698,0.00036563071297989033
1699,0.00036563071297989033
1700,0.00036563071297989033
1701,0.00036563071297989033
1702,0.00036563071297989033
1703,0.00036563071297989033
1704,0.00036563071297989033
1705,0.00036563071297989033
1706,0.00036563071297989033
1707,0.00036563071297989033
1708,0.00036563071297989033
1709,0.0010968921389396709
1710,0.00036563071297989033
1711,0.00036563071297989033
1712,0.00036563071297989033
1713,0.00036563071297989033
1714,0.0021937842778793418
1715,0.0018281535648994515
1716,0.00036563071297989033
1717,0.0021937842778793418
1718,0.00036563071297989033
1719,0.00036563071297989033
1720,0.0018281535648994515
1721,0.0007312614259597807
1722,0.00036563071297989033
1723,0.00036563071297989033
1724,0.00036563071297989033
1725,0.00036563071297989033
1726,0.00036563071297989033
1727,0.00036563071297989033
1728,0.00036563071297989033
1729,0.00036563071297989033
1730,0.00036563071297989033
1731,0.00036563071297989033
1732,0.00036563071297989033
1733,0.00036563071297989033
1734,0.00036563071297989033
1735,0.00036563071297989033
1736,0.00036563071297989033
1737,0.0007312614259597807
1738,0.00036563071297989033
1739,0.00036563071297989033
1740,0.00036563071297989033
1741,0.00036563071297989033
1742,0.00036563071297989033
1743,0.00036563071297989033
1744,0.00036563071297989033
1745,0.0007312614259597807
1746,0.00036563071297989033
1747,0.0007312614259597807
1748,0.00036563071297989033
1749,0.0014625228519195613
1750,0.0010968921389396709
1751,0.00036563071297989033
1752,0.00036563071297989033
1753,0.00036563071297989033
1754,0.00036563071297989033
1755,0.00036563071297989033
1756,0.00036563071297989033
1757,0.00036563071297989033
1758,0.00036563071297989033
1759,0.00036563071297989033
1760,0.00036563071297989033
1761,0.0007312614259597807
1762,0.00036563071297989033
1763,0.00036563071297989033
1764,0.00036563071297989033
1765,0.00036563071297989033
1766,0.0007312614259597807
1767,0.002559414990859232
1768,0.00036563071297989033
1769,0.0014625228519195613
1770,0.0010968921389396709
1771,0.005118829981718464
1772,0.0014625228519195613
1773,0.007312614259597806
1774,0.00036563071297989033
1775,0.0032906764168190127
1776,0.00036563071297989033
1777,0.03254113345521024
1778,0.005118829981718464
1779,0.008043875685557587
1780,0.005118829981718464
1781,0.014259597806215722
1782,0.0018281535648994515
1783,0.009140767824497258
1784,0.004753199268738574
1785,0.010968921389396709
1786,0.006581352833638025
1787,0.005484460694698354
1788,0.014990859232175503
1789,0.010968921389396709
1790,0.003656307129798903
1791,0.01316270566727605
1792,0.010237659963436929
1793,0.0014625228519195613
1794,0.006581352833638025
1795,0.02120658135283364
1796,0.01206581352833638
1797,0.01206581352833638
1798,0.013893967093235832
1799,0.03546617915904936
1800,0.0010968921389396709
1801,0.00036563071297989033
1802,0.01170018281535649
1803,0.028884826325411336
1804,0.013893967093235832
1805,0.015356489945155392
1806,0.01243144424131627
1807,0.024497257769652652
1808,0.017184643510054845
1809,0.015356489945155392
1810,0.014259597806215722
1811,0.018281535648994516
1812,0.009872029250457038
1813,0.015356489945155392
1814,0.005850091407678245
1815,0.008043875685557587
1816,0.01243144424131627
1817,0.009506398537477149
1818,0.0029250457038391227
1819,0.002559414990859232
1820,0.026691042047531994
1821,0.015722120658135285
1822,0.03144424131627057
1823,0.0007312614259597807
1824,0.00036563071297989033
1825,0.0007312614259597807
1826,0.005484460694698354
1827,0.00036563071297989033
1828,0.002559414990859232
1829,0.00036563071297989033
1830,0.00036563071297989033
1831,0.00036563071297989033
1832,0.00036563071297989033
1833,0.00036563071297989033
1834,0.00036563071297989033
1835,0.00036563071297989033
1836,0.0010968921389396709
1837,0.00036563071297989033
1838,0.0021937842778793418
1839,0.0010968921389396709
1840,0.00036563071297989033
1841,0.0032906764168190127
1842,0.00036563071297989033
1843,0.0007312614259597807
1844,0.00036563071297989033
1845,0.0014625228519195613
1846,0.0007312614259597807
1847,0.00036563071297989033
1848,0.00036563071297989033
1849,0.00036563071297989033
1850,0.00036563071297989033
1851,0.00036563071297989033
1852,0.00036563071297989033
1853,0.0029250457038391227
1854,0.0007312614259597807
1855,0.0007312614259597807
1856,0.0007312614259597807
1857,0.0010968921389396709
1858,0.00036563071297989033
1859,0.00036563071297989033
1860,0.0010968921389396709
1861,0.0007312614259597807
1862,0.005484460694698354
1863,0.0007312614259597807
1864,0.0007312614259597807
1865,0.00036563071297989033
1866,0.0029250457038391227
1867,0.00036563071297989033
1868,0.00036563071297989033
1869,0.0010968921389396709
1870,0.0029250457038391227
1871,0.0007312614259597807
1872,0.00036563071297989033
1873,0.00036563071297989033
1874,0.0010968921389396709
1875,0.0007312614259597807
1876,0.0043875685557586835
1877,0.00036563071297989033
1878,0.00036563071297989033
1879,0.0007312614259597807
1880,0.00036563071297989033
1881,0.0007312614259597807
1882,0.00036563071297989033
1883,0.00036563071297989033
1884,0.0007312614259597807
1885,0.00036563071297989033
1886,0.00036563071297989033
1887,0.00036563071297989033
1888,0.0010968921389396709
1889,0.00036563071297989033
1890,0.00036563071297989033
1891,0.00036563071297989033
1892,0.0007312614259597807
1893,0.0014625228519195613
1894,0.00036563071297989033
1895,0.0018281535648994515
1896,0.0010968921389396709
1897,0.005850091407678245
1898,0.0007312614259597807
1899,0.00036563071297989033
1900,0.0029250457038391227
1901,0.0007312614259597807
1902,0.00036563071297989033
1903,0.00036563071297989033
1904,0.0007312614259597807
1905,0.00036563071297989033
1906,0.0018281535648994515
1907,0.00036563071297989033
1908,0.002559414990859232
1909,0.00036563071297989033
1910,0.0014625228519195613
1911,0.0007312614259597807
1912,0.0014625228519195613
1913,0.005850091407678245
1914,0.00036563071297989033
1915,0.0007312614259597807
1916,0.00036563071297989033
1917,0.0010968921389396709
1918,0.00036563071297989033
1919,0.00036563071297989033
1920,0.0007312614259597807
1921,0.0007312614259597807
1922,0.00036563071297989033
1923,0.00036563071297989033
1924,0.00036563071297989033
1925,0.00036563071297989033
1926,0.00036563071297989033
1927,0.0007312614259597807
1928,0.0007312614259597807
1929,0.0007312614259597807
1930,0.0007312614259597807
1931,0.00036563071297989033
1932,0.00036563071297989033
1933,0.00036563071297989033
1934,0.00036563071297989033
1935,0.00036563071297989033
1936,0.0007312614259597807
1937,0.0010968921389396709
1938,0.00036563071297989033
1939,0.0018281535648994515
1940,0.0007312614259597807
1941,0.00036563071297989033
1942,0.00036563071297989033
1943,0.00036563071297989033
1944,0.00036563071297989033
1945,0.00036563071297989033
1946,0.00036563071297989033
1947,0.0018281535648994515
1948,0.0007312614259597807
1949,0.00036563071297989033
1950,0.007678244972577696
1951,0.00036563071297989033
1952,0.0010968921389396709
1953,0.0010968921389396709
1954,0.00036563071297989033
1955,0.0007312614259597807
1956,0.0018281535648994515
1957,0.0014625228519195613
1958,0.0007312614259597807
1959,0.00036563071297989033
1960,0.00036563071297989033
1961,0.0014625228519195613
1962,0.00036563071297989033
1963,0.0010968921389396709
1964,0.0007312614259597807
1965,0.00036563071297989033
1966,0.00036563071297989033
1967,0.002559414990859232
1968,0.00036563071297989033
1969,0.0007312614259597807
1970,0.00036563071297989033
1971,0.0040219378427787935
1972,0.00036563071297989033
1973,0.00036563071297989033
1974,0.00036563071297989033
1975,0.0007312614259597807
1976,0.0010968921389396709
1977,0.0007312614259597807
1978,0.00036563071297989033
1979,0.0014625228519195613
1980,0.0010968921389396709
1981,0.0021937842778793418
1982,0.002559414990859232
1983,0.00036563071297989033
1984,0.00036563071297989033
1985,0.0010968921389396709
1986,0.00036563071297989033
1987,0.00036563071297989033
1988,0.00036563071297989033
1989,0.0010968921389396709
1990,0.00036563071297989033
1991,0.0007312614259597807
1992,0.0010968921389396709
1993,0.00036563071297989033
1994,0.00036563071297989033
1995,0.00036563071297989033
1996,0.0032906764168190127
1997,0.00036563071297989033
1998,0.00036563071297989033
1999,0.00036563071297989033
2000,0.00036563071297989033
2001,0.00036563071297989033
2002,0.0007312614259597807
2003,0.00036563071297989033
2004,0.00036563071297989033
2005,0.0007312614259597807
2006,0.0007312614259597807
2007,0.00036563071297989033
2008,0.0010968921389396709
2009,0.0007312614259597807
2010,0.00036563071297989033
2011,0.00036563071297989033
2012,0.00036563071297989033
2013,0.00036563071297989033
2014,0.00036563071297989033
2015,0.0018281535648994515
2016,0.00036563071297989033
2017,0.00036563071297989033
2018,0.00036563071297989033
2019,0.0021937842778793418
2020,0.0021937842778793418
2021,0.00036563071297989033
2022,0.00036563071297989033
2023,0.00036563071297989033
2024,0.0010968921389396709
2025,0.00036563071297989033
2026,0.006215722120658135
2027,0.00036563071297989033
2028,0.00036563071297989033
2029,0.00036563071297989033
2030,0.0029250457038391227
2031,0.0007312614259597807
2032,0.0010968921389396709
2033,0.0007312614259597807
2034,0.0014625228519195613
2035,0.00036563071297989033
2036,0.00036563071297989033
2037,0.00036563071297989033
2038,0.00036563071297989033
2039,0.00036563071297989033
2040,0.0010968921389396709
2041,0.00036563071297989033
2042,0.00036563071297989033
2043,0.0010968921389396709
2044,0.0021937842778793418
2045,0.0018281535648994515
2046,0.00036563071297989033
2047,0.00036563071297989033
2048,0.0007312614259597807
2049,0.0010968921389396709
2050,0.0007312614259597807
2051,0.0010968921389396709
2052,0.0010968921389396709
2053,0.00036563071297989033
2054,0.00036563071297989033
2055,0.0018281535648994515
2056,0.00036563071297989033
2057,0.00036563071297989033
2058,0.0007312614259597807
2059,0.0014625228519195613
2060,0.0007312614259597807
2061,0.00036563071297989033
2062,0.00036563071297989033
2063,0.0007312614259597807
2064,0.00036563071297989033
2065,0.00036563071297989033
2066,0.00036563071297989033
2067,0.0018281535648994515
2068,0.0007312614259597807
2069,0.008775137111517367
2070,0.00036563071297989033
2071,0.00036563071297989033
2072,0.00036563071297989033
2073,0.0007312614259597807
2074,0.0040219378427787935
2075,0.0010968921389396709
2076,0.00036563071297989033
2077,0.00036563071297989033
2078,0.00036563071297989033
2079,0.0021937842778793418
2080,0.0018281535648994515
2081,0.0014625228519195613
2082,0.00036563071297989033
2083,0.00036563071297989033
2084,0.00036563071297989033
2085,0.0014625228519195613
2086,0.00036563071297989033
2087,0.00036563071297989033
2088,0.00036563071297989033
2089,0.0007312614259597807
2090,0.0010968921389396709
2091,0.0007312614259597807
2092,0.00036563071297989033
2093,0.00036563071297989033
2094,0.003656307129798903
2095,0.0032906764168190127
2096,0.00036563071297989033
2097,0.00036563071297989033
2098,0.00036563071297989033
2099,0.00036563071297989033
2100,0.006946983546617916
2101,0.0014625228519195613
2102,0.00036563071297989033
2103,0.00036563071297989033
2104,0.00036563071297989033
2105,0.0007312614259597807
2106,0.00036563071297989033
2107,0.00036563071297989033
2108,0.00036563071297989033
2109,0.00036563071297989033
2110,0.0021937842778793418
2111,0.00036563071297989033
2112,0.002559414990859232
2113,0.0007312614259597807
2114,0.0007312614259597807
2115,0.00036563071297989033
2116,0.0014625228519195613
2117,0.00036563071297989033
2118,0.00036563071297989033
2119,0.00036563071297989033
2120,0.00036563071297989033
2121,0.008775137111517367
2122,0.00036563071297989033
2123,0.0007312614259597807
2124,0.0007312614259597807
2125,0.00036563071297989033
2126,0.00036563071297989033
2127,0.0007312614259597807
2128,0.0021937842778793418
2129,0.003656307129798903
2130,0.0043875685557586835
2131,0.0007312614259597807
2132,0.0010968921389396709
2133,0.00036563071297989033
2134,0.00036563071297989033
2135,0.00036563071297989033
2136,0.0018281535648994515
2137,0.0010968921389396709
2138,0.0007312614259597807
2139,0.00036563071297989033
2140,0.00036563071297989033
2141,0.00036563071297989033
2142,0.0007312614259597807
2143,0.0010968921389396709
2144,0.0010968921389396709
2145,0.00036563071297989033
2146,0.00036563071297989033
2147,0.00036563071297989033
2148,0.0007312614259597807
2149,0.002559414990859232
2150,0.00036563071297989033
2151,0.0007312614259597807
2152,0.0007312614259597807
2153,0.0032906764168190127
2154,0.0032906764168190127
2155,0.00036563071297989033
2156,0.00036563071297989033
2157,0.00036563071297989033
2158,0.00036563071297989033
2159,0.0021937842778793418
2160,0.00036563071297989033
2161,0.0010968921389396709
2162,0.0029250457038391227
2163,0.0007312614259597807
2164,0.00036563071297989033
2165,0.00036563071297989033
2166,0.00036563071297989033
2167,0.0007312614259597807
2168,0.0040219378427787935
2169,0.00036563071297989033
2170,0.00036563071297989033
2171,0.0010968921389396709
2172,0.00036563071297989033
2173,0.03692870201096892
2174,0.0226691042047532
2175,0.005484460694698354
2176,0.00036563071297989033
2177,0.00036563071297989033
2178,0.00036563071297989033
2179,0.00036563071297989033
2180,0.00036563071297989033
2181,0.0014625228519195613
2182,0.00036563071297989033
2183,0.00036563071297989033
2184,0.0032906764168190127
2185,0.0007312614259597807
2186,0.0021937842778793418
2187,0.0007312614259597807
2188,0.00036563071297989033
2189,0.00036563071297989033
2190,0.00036563071297989033
2191,0.00036563071297989033
2192,0.00036563071297989033
2193,0.0007312614259597807
2194,0.00036563071297989033
2195,0.00036563071297989033
2196,0.00036563071297989033
2197,0.00036563071297989033
2198,0.00036563071297989033
2199,0.0014625228519195613
2200,0.0018281535648994515
2201,0.005850091407678245
2202,0.0021937842778793418
2203,0.00036563071297989033
2204,0.0010968921389396709
2205,0.00036563071297989033
2206,0.00036563071297989033
2207,0.00036563071297989033
2208,0.00036563071297989033
2209,0.003656307129798903
2210,0.0014625228519195613
2211,0.0040219378427787935
2212,0.0021937842778793418
2213,0.00036563071297989033
2214,0.0007312614259597807
2215,0.00036563071297989033
2216,0.0010968921389396709
2217,0.00036563071297989033
2218,0.002559414990859232
2219,0.00036563071297989033
2220,0.007312614259597806
2221,0.0007312614259597807
2222,0.00036563071297989033
2223,0.0032906764168190127
2224,0.00036563071297989033
2225,0.00036563071297989033
2226,0.0014625228519195613
2227,0.00036563071297989033
2228,0.00036563071297989033
2229,0.00036563071297989033
2230,0.00036563071297989033
2231,0.00036563071297989033
2232,0.0021937842778793418
2233,0.01060329067641682
2234,0.01170018281535649
2235,0.0021937842778793418
2236,0.0014625228519195613
2237,0.0014625228519195613
2238,0.0007312614259597807
2239,0.00036563071297989033
2240,0.00036563071297989033
2241,0.00036563071297989033
2242,0.0018281535648994515
2243,0.0007312614259597807
2244,0.00036563071297989033
2245,0.00036563071297989033
2246,0.00036563071297989033
2247,0.00036563071297989033
2248,0.0018281535648994515
2249,0.00036563071297989033
2250,0.00036563071297989033
2251,0.00036563071297989033
2252,0.00036563071297989033
2253,0.0010968921389396709
2254,0.002559414990859232
2255,0.00036563071297989033
2256,0.00036563071297989033
2257,0.00036563071297989033
2258,0.0010968921389396709
2259,0.00036563071297989033
2260,0.0018281535648994515
2261,0.0014625228519195613
2262,0.0007312614259597807
2263,0.00036563071297989033
2264,0.00036563071297989033
2265,0.00036563071297989033
2266,0.003656307129798903
2267,0.0014625228519195613
2268,0.00036563071297989033
2269,0.0007312614259597807
2270,0.00036563071297989033
2271,0.00036563071297989033
2272,0.00036563071297989033
2273,0.00036563071297989033
2274,0.00036563071297989033
2275,0.00036563071297989033
2276,0.00036563071297989033
2277,0.00036563071297989033
2278,0.00036563071297989033
2279,0.00036563071297989033
2280,0.00036563071297989033
2281,0.00036563071297989033
2282,0.0007312614259597807
2283,0.00036563071297989033
2284,0.00036563071297989033
2285,0.00036563071297989033
2286,0.00036563071297989033
2287,0.00036563071297989033
2288,0.00036563071297989033
2289,0.00036563071297989033
2290,0.00036563071297989033
2291,0.00036563071297989033
2292,0.00036563071297989033
2293,0.00036563071297989033
2294,0.002559414990859232
2295,0.00036563071297989033
2296,0.00036563071297989033
2297,0.00036563071297989033
2298,0.00036563071297989033
2299,0.0007312614259597807
2300,0.00036563071297989033
2301,0.00036563071297989033
2302,0.00036563071297989033
2303,0.00036563071297989033
2304,0.01243144424131627
2305,0.00036563071297989033
2306,0.00036563071297989033
2307,0.00036563071297989033
2308,0.00036563071297989033
2309,0.00036563071297989033
2310,0.00036563071297989033
2311,0.00036563071297989033
2312,0.0007312614259597807
2313,0.00036563071297989033
2314,0.00036563071297989033
2315,0.01170018281535649
2316,0.02413162705667276
2317,0.014625228519195612
2318,0.0010968921389396709
2319,0.02157221206581353
2320,0.02303473491773309
2321,0.0010968921389396709
2322,0.0014625228519195613
2323,0.013528336380255941
2324,0.0018281535648994515
2325,0.007312614259597806
2326,0.010968921389396709
2327,0.009506398537477149
2328,0.00036563071297989033
2329,0.0014625228519195613
2330,0.029981718464351007
2331,0.0040219378427787935
2332,0.017915904936014627
2333,0.01316270566727605
2334,0.0014625228519195613
2335,0.01206581352833638
2336,0.0043875685557586835
2337,0.00036563071297989033
2338,0.012797074954296161
2339,0.0021937842778793418
2340,0.005850091407678245
2341,0.030347349177330896
2342,0.01060329067641682
2343,0.013528336380255941
2344,0.021937842778793418
2345,0.013893967093235832
2346,0.008409506398537478
2347,0.0018281535648994515
2348,0.02010968921389397
2349,0.005484460694698354
2350,0.006946983546617916
2351,0.01170018281535649
2352,0.009872029250457038
2353,0.02376599634369287
2354,0.0007312614259597807
2355,0.01170018281535649
2356,0.013528336380255941
2357,0.014990859232175503
2358,0.01060329067641682
2359,0.009872029250457038
2360,0.0010968921389396709
2361,0.00036563071297989033
2362,0.005850091407678245
2363,0.009140767824497258
2364,0.006946983546617916
2365,0.009506398537477149
2366,0.014625228519195612
2367,0.0007312614259597807
2368,0.005484460694698354
2369,0.00036563071297989033
2370,0.00036563071297989033
2371,0.00036563071297989033
2372,0.0010968921389396709
2373,0.00036563071297989033
2374,0.00036563071297989033
2375,0.00036563071297989033
2376,0.005484460694698354
2377,0.00036563071297989033
2378,0.00036563071297989033
2379,0.00036563071297989033
2380,0.00036563071297989033
2381,0.00036563071297989033
2382,0.00036563071297989033
2383,0.0014625228519195613
2384,0.00036563071297989033
2385,0.0007312614259597807
2386,0.0007312614259597807
2387,0.0007312614259597807
2388,0.0007312614259597807
2389,0.0010968921389396709
2390,0.00036563071297989033
2391,0.00036563071297989033
2392,0.00036563071297989033
2393,0.00036563071297989033
2394,0.0007312614259597807
2395,0.00036563071297989033
2396,0.00036563071297989033
2397,0.0007312614259597807
2398,0.00036563071297989033
2399,0.00036563071297989033
2400,0.0007312614259597807
2401,0.00036563071297989033
2402,0.002559414990859232
2403,0.00036563071297989033
2404,0.0007312614259597807
2405,0.0010968921389396709
2406,0.00036563071297989033
2407,0.0032906764168190127
2408,0.00036563071297989033
2409,0.00036563071297989033
2410,0.00036563071297989033
2411,0.00036563071297989033
2412,0.00036563071297989033
2413,0.00036563071297989033
2414,0.00036563071297989033
2415,0.00036563071297989033
2416,0.00036563071297989033
2417,0.00036563071297989033
2418,0.00036563071297989033
2419,0.00036563071297989033
2420,0.00036563071297989033
2421,0.00036563071297989033
2422,0.00036563071297989033
2423,0.00036563071297989033
2424,0.00036563071297989033
2425,0.00036563071297989033
2426,0.0032906764168190127
2427,0.00036563071297989033
2428,0.00036563071297989033
2429,0.00036563071297989033
2430,0.00036563071297989033
2431,0.00036563071297989033
2432,0.005484460694698354
2433,0.00036563071297989033
2434,0.00036563071297989033
2435,0.00036563071297989033
2436,0.00036563071297989033
2437,0.00036563071297989033
2438,0.00036563071297989033
2439,0.00036563071297989033
2440,0.00036563071297989033
2441,0.00036563071297989033
2442,0.00036563071297989033
2443,0.00036563071297989033
2444,0.00036563071297989033
2445,0.00036563071297989033
2446,0.00036563071297989033
2447,0.00036563071297989033
2448,0.00036563071297989033
2449,0.00036563071297989033
2450,0.00036563071297989033
2451,0.00036563071297989033
2452,0.00036563071297989033
2453,0.0021937842778793418
2454,0.00036563071297989033
2455,0.00036563071297989033
2456,0.00036563071297989033
2457,0.00036563071297989033
2458,0.00036563071297989033
2459,0.00036563071297989033
2460,0.00036563071297989033
2461,0.00036563071297989033
2462,0.00036563071297989033
2463,0.00036563071297989033
2464,0.00036563071297989033
2465,0.00036563071297989033
2466,0.00036563071297989033
2467,0.00036563071297989033
2468,0.016819012797074956
2469,0.0014625228519195613
2470,0.003656307129798903
2471,0.00036563071297989033
2472,0.00036563071297989033
2473,0.00036563071297989033
2474,0.00036563071297989033
2475,0.00036563071297989033
2476,0.00036563071297989033
2477,0.00036563071297989033
2478,0.01206581352833638
2479,0.00036563071297989033
2480,0.0007312614259597807
2481,0.0007312614259597807
2482,0.00036563071297989033
2483,0.0007312614259597807
2484,0.00036563071297989033
2485,0.00036563071297989033
2486,0.00036563071297989033
2487,0.00036563071297989033
2488,0.0007312614259597807
2489,0.00036563071297989033
2490,0.0007312614259597807
2491,0.0010968921389396709
2492,0.00036563071297989033
2493,0.00036563071297989033
2494,0.00036563071297989033
2495,0.00036563071297989033
2496,0.00036563071297989033
2497,0.0043875685557586835
2498,0.00036563071297989033
2499,0.0014625228519195613
2500,0.00036563071297989033
2501,0.00036563071297989033
2502,0.00036563071297989033
2503,0.00036563071297989033
2504,0.00036563071297989033
2505,0.00036563071297989033
2506,0.00036563071297989033
2507,0.009140767824497258
2508,0.00036563071297989033
2509,0.00036563071297989033
2510,0.0010968921389396709
2511,0.0010968921389396709
2512,0.00036563071297989033
2513,0.00036563071297989033
2514,0.00036563071297989033
2515,0.00036563071297989033
2516,0.004753199268738574
2517,0.0014625228519195613
2518,0.0007312614259597807
2519,0.00036563071297989033
2520,0.0007312614259597807
2521,0.00036563071297989033
2522,0.004753199268738574
2523,0.00036563071297989033
2524,0.00036563071297989033
2525,0.0007312614259597807
2526,0.00036563071297989033
2527,0.00036563071297989033
2528,0.00036563071297989033
2529,0.00036563071297989033
2530,0.00036563071297989033
2531,0.00036563071297989033
2532,0.005118829981718464
2533,0.0007312614259597807
2534,0.00036563071297989033
2535,0.00036563071297989033
2536,0.005118829981718464
2537,0.0010968921389396709
2538,0.0021937842778793418
2539,0.00036563071297989033
2540,0.007312614259597806
2541,0.0007312614259597807
2542,0.00036563071297989033
2543,0.00036563071297989033
2544,0.0007312614259597807
2545,0.00036563071297989033
2546,0.00036563071297989033
2547,0.00036563071297989033
2548,0.00036563071297989033
2549,0.00036563071297989033
2550,0.00036563071297989033
2551,0.00036563071297989033
2552,0.00036563071297989033
2553,0.00036563071297989033
2554,0.00036563071297989033
2555,0.00036563071297989033
2556,0.00036563071297989033
2557,0.00036563071297989033
2558,0.00036563071297989033
2559,0.00036563071297989033
2560,0.00036563071297989033
2561,0.00036563071297989033
2562,0.00036563071297989033
2563,0.00036563071297989033
2564,0.00036563071297989033
2565,0.00036563071297989033
2566,0.00036563071297989033
2567,0.00036563071297989033
2568,0.00036563071297989033
2569,0.00036563071297989033
2570,0.0021937842778793418
2571,0.00036563071297989033
2572,0.00036563071297989033
2573,0.00036563071297989033
2574,0.00036563071297989033
2575,0.00036563071297989033
2576,0.00036563071297989033
2577,0.0007312614259597807
2578,0.00036563071297989033
2579,0.0007312614259597807
2580,0.00036563071297989033
2581,0.00036563071297989033
2582,0.00036563071297989033
2583,0.0029250457038391227
2584,0.00036563071297989033
2585,0.0014625228519195613
2586,0.0007312614259597807
2587,0.00036563071297989033
2588,0.0007312614259597807
2589,0.00036563071297989033
2590,0.003656307129798903
2591,0.0029250457038391227
2592,0.00036563071297989033
2593,0.00036563071297989033
2594,0.00036563071297989033
2595,0.0007312614259597807
2596,0.00036563071297989033
2597,0.00036563071297989033
2598,0.00036563071297989033
2599,0.00036563071297989033
2600,0.0018281535648994515
2601,0.00036563071297989033
2602,0.00036563071297989033
2603,0.0007312614259597807
2604,0.0014625228519195613
2605,0.0018281535648994515
2606,0.00036563071297989033
2607,0.00036563071297989033
2608,0.00036563071297989033
2609,0.00036563071297989033
2610,0.0014625228519195613
2611,0.00036563071297989033
2612,0.00036563071297989033
2613,0.00036563071297989033
2614,0.00036563071297989033
2615,0.00036563071297989033
2616,0.00036563071297989033
2617,0.00036563071297989033
2618,0.0007312614259597807
2619,0.0007312614259597807
2620,0.00036563071297989033
2621,0.00036563071297989033
2622,0.00036563071297989033
2623,0.00036563071297989033
2624,0.0021937842778793418
2625,0.00036563071297989033
2626,0.00036563071297989033
2627,0.00036563071297989033
2628,0.00036563071297989033
2629,0.00036563071297989033
2630,0.00036563071297989033
2631,0.00036563071297989033
2632,0.00036563071297989033
2633,0.00036563071297989033
2634,0.00036563071297989033
2635,0.0040219378427787935
2636,0.00036563071297989033
2637,0.00036563071297989033
2638,0.00036563071297989033
2639,0.00036563071297989033
2640,0.00036563071297989033
2641,0.00036563071297989033
2642,0.00036563071297989033
2643,0.00036563071297989033
2644,0.00036563071297989033
2645,0.0014625228519195613
2646,0.0018281535648994515
2647,0.00036563071297989033
2648,0.0010968921389396709
2649,0.0029250457038391227
2650,0.00036563071297989033
2651,0.0014625228519195613
2652,0.00036563071297989033
2653,0.00036563071297989033
2654,0.00036563071297989033
2655,0.0029250457038391227
2656,0.0029250457038391227
2657,0.00036563071297989033
2658,0.0018281535648994515
2659,0.0007312614259597807
2660,0.00036563071297989033
2661,0.0010968921389396709
2662,0.00036563071297989033
2663,0.00036563071297989033
2664,0.00036563071297989033
2665,0.00036563071297989033
2666,0.0007312614259597807
2667,0.00036563071297989033
2668,0.00036563071297989033
2669,0.00036563071297989033
2670,0.00036563071297989033
2671,0.0007312614259597807
2672,0.00036563071297989033
2673,0.0007312614259597807
2674,0.00036563071297989033
2675,0.0010968921389396709
2676,0.0007312614259597807
2677,0.00036563071297989033
2678,0.00036563071297989033
2679,0.0010968921389396709
2680,0.00036563071297989033
2681,0.00036563071297989033
2682,0.00036563071297989033
2683,0.002559414990859232
2684,0.0010968921389396709
2685,0.00036563071297989033
2686,0.00036563071297989033
2687,0.00036563071297989033
2688,0.0010968921389396709
2689,0.00036563071297989033
2690,0.00036563071297989033
2691,0.00036563071297989033
2692,0.002559414990859232
2693,0.00036563071297989033
2694,0.00036563071297989033
2695,0.0007312614259597807
2696,0.0007312614259597807
2697,0.00036563071297989033
2698,0.0010968921389396709
2699,0.00036563071297989033
2700,0.00036563071297989033
2701,0.00036563071297989033
2702,0.0007312614259597807
2703,0.00036563071297989033
2704,0.00036563071297989033
2705,0.00036563071297989033
2706,0.00036563071297989033
2707,0.00036563071297989033
2708,0.004753199268738574
2709,0.00036563071297989033
2710,0.00036563071297989033
2711,0.0007312614259597807
2712,0.00036563071297989033
2713,0.0010968921389396709
2714,0.00036563071297989033
2715,0.00036563071297989033
2716,0.00036563071297989033
2717,0.016087751371115174
2718,0.0021937842778793418
2719,0.004753199268738574
2720,0.006946983546617916
2721,0.01243144424131627
2722,0.02157221206581353
2723,0.019744058500914076
2724,0.0040219378427787935
2725,0.00036563071297989033
2726,0.012797074954296161
2727,0.00036563071297989033
2728,0.00036563071297989033
2729,0.00036563071297989033
2730,0.00036563071297989033
2731,0.009506398537477149
2732,0.0040219378427787935
2733,0.008409506398537478
2734,0.014259597806215722