dataset,GoodReadsDatasets/GoodReads_309t_2735w
ALPHA,0.2
G_Size,5
worker_id,worker_severity
0,-0.2326665715701809
1,-0.3190853129256643
2,-0.54050104102381
3,0.4507596738523066
4,0.16502472519934677
5,0.06841477509741287
6,0.18424531301686564
7,0.07911694256814739
8,0.24831579708853488
9,-0.2519846429259939
10,0.3370324593843023
11,0.43992001834415234
12,0.3772843783971724
13,0.2161737192851311
14,0.26694459438818247
15,-0.06608119681214815
16,0.33915004842762364
17,0.23726952485200792
18,0.05202675876588293
19,0.4052848336524276
20,0.2814498913764084
21,-0.08221719622371981
22,-0.4258264611059361
23,0.11106874068385629
24,-0.03520481280284951
25,0.6251050403454544
26,0.21805192717595973
27,0.5744765050377341
28,-1.0208239428802857
29,0.1307977033869579
30,0.40166006007421823
31,-0.42328883211989926
32,0.27573039510769765
33,0.6467251609241467
34,0.24183624415885066
35,-0.2234562864230954
36,-0.07921830414339905
37,-0.335311196477072
38,0.3310035136227703
39,-0.2300962782701957
40,0.24589384656655314
41,0.1663103965626135
42,0.5882874314257879
43,-0.3894079561417248
44,-0.05213677915898877
45,0.38748983179962115
46,0.5005787597395137
47,1.2999501531965905
48,-0.9970158051599293
49,0.5351329009344553
50,1.021380342886656
51,-0.17457132825272847
52,0.17252966743322892
53,-0.0732647306117133
54,-1.0121175554476607
55,0.5842841208518034
56,0.8426768045747172
57,0.2720542493845809
58,-0.4553060332160951
59,-0.48235395047583585
60,0.11818866517607976
61,0.4842257300662935
62,0.0566686210387591
63,1.058881248765978
64,-0.25812602491460795
65,0.15666285515546313
66,0.31571212546336164
67,0.26884387449530783
68,0.11476830333179788
69,-0.2541819982105095
70,-0.2447825452287992
71,-0.12258011867499968
72,0.06706629643346959
73,-1.1459054367872101
74,0.33607717353346866
75,0.6130769749302832
76,-0.02929157180954644
77,0.23909382450039798
78,0.7923032378480243
79,-0.021567262648858804
80,0.4934476701168531
81,-0.422092885603128
82,-0.5227544829023478
83,-0.4851919600004347
84,-0.1120883760007165
85,-0.7233099381239873
86,-0.7000498468034094
87,-0.2687152797840461
88,-0.30473953886747635
89,0.15458396002664637
90,0.030421290501668252
91,-0.019951864098706383
92,0.31215486915798757
93,0.3416635668915658
94,-0.10050192632517436
95,-0.5134782905327765
96,0.21393335086725998
97,0.34186260826717124
98,-0.1874286208051344
99,-0.07099482958126073
100,-0.7056488099851356
101,-0.8213967944082123
102,0.22162617646257815
103,-0.5761888261482309
104,0.4832678348223629
105,0.40744177428337497
106,0.6554947360039487
107,0.6680024415623153
108,-0.34861627197238176
109,-0.26820294172265435
110,-0.06417496121541172
111,0.4231920726553213
112,-0.5895165534042888
113,-0.2309869007055926
114,0.4791159455145335
115,-0.8354898555471778
116,1.2999501531965907
117,0.0925492354464272
118,-0.44912438893342566
119,-0.133786131382882
120,-1.0274070157679782
121,-0.4787648721077728
122,0.042305350615954515
123,-0.35320034055767413
124,0.2655576622167521
125,-1.2906026876551018
126,0.15370873832950604
127,-0.15785238441671015
128,0.2324149713373423
129,0.0222979270870692
130,-0.13039775864257724
131,0.10600680587333687
132,-0.20814966595247514
133,0.5250131742853069
134,0.2307471242328167
135,0.3517999666094254
136,0.35292423703019093
137,0.5656634812410406
138,-0.948015875882997
139,-0.35927898223319427
140,1.109186618264941
141,0.13774248034743167
142,-0.7649420987909444
143,-0.05954946770975139
144,0.25969015159504544
145,-0.26225366469129463
146,0.31715903585447736
147,-0.030875371484421887
148,-0.01969967983825824
149,-0.23299540304263575
150,0.7097722143049136
151,0.1466063507804967
152,0.7139629701511726
153,0.7450356447792735
154,0.4896235159406117
155,-0.17194646486709986
156,-0.02251765991463747
157,-0.5214730553516723
158,-0.45109967357722036
159,-0.03269032194657438
160,-0.04217965570551241
161,0.557525175567264
162,-0.09307270737074115
163,0.38496225345207546
164,-0.06063816622512236
165,0.23497701383402306
166,0.9091580045059434
167,0.25344070353220227
168,0.08206834156373133
169,0.450243880408614
170,0.27970698510461806
171,0.028918253705852843
172,0.8910056781871164
173,0.8461118365873445
174,-0.5230143696886739
175,0.3670029046399193
176,0.48178281724083927
177,0.6599002290390367
178,0.2790583713294335
179,0.14725510845801426
180,-0.7977426607720419
181,0.6457754147135989
182,-0.18319477662563696
183,0.025287496658961277
184,0.46898444331074657
185,0.07436243395995182
186,0.39231680178721684
187,0.5068737678689561
188,0.23442497028466433
189,0.14414221257684875
190,0.8966925644498789
191,-0.1441129593928423
192,0.010502666293436736
193,0.571845637184281
194,0.0797129292424201
195,0.23816647540009397
196,0.36505673416955225
197,-0.38359874604298294
198,0.013822822645060632
199,-0.36598133298806007
200,0.4267593949458329
201,-1.408530024942429
202,0.06039532994546514
203,-0.1769103251450352
204,0.17234007792933684
205,0.06888918448529123
206,0.8995833597516203
207,-0.8357723621164529
208,0.11302827128992347
209,-1.38530736739755
210,-0.9045950013383437
211,0.3726620942215199
212,0.30363331671237276
213,-0.5336020121487881
214,-0.1700736420001152
215,0.5366404332984186
216,-0.11575250010119786
217,-0.9883937105977734
218,0.16794853598909507
219,0.5213644234105896
220,0.10250844561732053
221,-0.2417201224888165
222,1.0928698860788801
223,-1.7638749781354763
224,0.5209392978998837
225,-0.28607136073789685
226,0.147077200600988
227,0.8095649167178695
228,0.3051058186482357
229,0.45610338740128176
230,0.4919134039303253
231,0.059686834409970725
232,0.23052942876256627
233,-0.31405547710376236
234,0.4009124799770009
235,-0.7767684702500761
236,-0.27205164122648134
237,-1.6948941813517644
238,-0.08664416164973553
239,0.08803137788939736
240,0.9958343937684381
241,-0.7234454010124248
242,0.2993351319067648
243,-0.6593425474920781
244,0.2638951162204295
245,0.2646450501708873
246,-0.29686699437143604
247,-0.5417909435331641
248,0.9443633126328886
249,-1.3840903528561443
250,-0.39389098897969954
251,0.18949982999102466
252,-0.37712812208468366
253,-0.6974481712589635
254,-0.20328605300247615
255,0.08558907565899632
256,0.32877587347331905
257,0.5354165032611988
258,-0.04101473095582486
259,0.572437202378901
260,0.0846839088328225
261,-0.03619506097068446
262,0.8089979112831291
263,0.20246662333875373
264,-0.15103454691535007
265,-0.3526299799169821
266,-0.15826135792781892
267,-0.6054595318644772
268,-0.8845875259959426
269,-0.4351724580396115
270,0.09262606384707213
271,-0.30375770960167797
272,0.6588822873359621
273,-0.11751345221940063
274,0.4570863421538845
275,-0.049399795625543426
276,0.5145037298382997
277,-0.275694645189838
278,0.23706541420445784
279,0.913696727976821
280,-0.4697829436715773
281,-0.9376017597837539
282,0.08351713770376351
283,-0.5485533420740528
284,0.16336060355148918
285,-0.539177121016509
286,-0.6024498772025056
287,0.4094466174259675
288,0.36634028293064375
289,-0.5350554660962571
290,0.0915377608533071
291,0.07744189497777115
292,1.2322064566397617
293,0.9456841677586963
294,-0.14531079377348097
295,-0.36353385767741675
296,-0.15849167153478316
297,1.0229843470871773
298,0.9863428591067305
299,-0.3197554500802494
300,-0.940306432187939
301,0.0005121302147985461
302,-0.879934388417861
303,-0.304995978764704
304,0.35584816278713177
305,0.1790123298905504
306,1.5644103079539944
307,0.14205198625040574
308,-0.8591825279478499
309,0.3122820116825591
310,0.06324194861162419
311,-0.9880087985745596
312,0.19360618926413986
313,-0.2910376193632581
314,0.750537114160457
315,-0.34740244792764324
316,-0.5699887901577972
317,0.17068472775640187
318,0.12102985481081689
319,0.8186333825835959
320,0.3028799617083538
321,-2.7052769751535144
322,-0.24497512147453643
323,0.29746843174297904
324,0.7697762772094651
325,0.3186766014570767
326,0.4487485328178748
327,0.8066569424462697
328,-0.3254237308208835
329,-0.788993825548741
330,0.16174220020850433
331,0.5909102266457547
332,1.1655942780212543
333,-0.060954760455874404
334,0.04213821321098662
335,-0.6179668094097156
336,-0.01886950833612608
337,-0.17588354658696795
338,0.1738732069296584
339,0.33371361107126835
340,0.7591269333719698
341,0.2028179653765146
342,-1.8249419461141951
343,0.8947391119093203
344,-0.005021557293069784
345,0.3609830612480427
346,0.5294757219089864
347,1.4955726077461555
348,1.197908674804294
349,0.8353867385391961
350,0.1418581814302073
351,0.13632158807241243
352,-0.3002230535845433
353,-0.09954157666923952
354,0.03283954338789112
355,0.5694677444862802
356,-0.19856621311693476
357,0.2215117940703476
358,-0.977362955623551
359,-2.625525009089453
360,0.6757413757421397
361,-0.04786903036996139
362,0.9817144762507517
363,0.4849161240181526
364,0.8570218713634042
365,0.007072682807581383
366,0.017130845631162385
367,-0.11280855607952969
368,-0.6878927222165929
369,0.2601769267314057
370,0.4775008111766042
371,0.32592435809947734
372,-1.341173417411749
373,-0.1085697453528242
374,-0.48942952460727535
375,-0.3543634622266595
376,1.02189956524569
377,0.17292802016114636
378,0.2667864287244617
379,-0.1801527826812505
380,-0.48628365143689634
381,-0.1528297037040847
382,-0.8197395791860822
383,-0.3386817864868022
384,-0.3613748123414799
385,0.6530412391730998
386,0.2967661301903007
387,-0.6648857985577393
388,0.5402692548503836
389,0.24751138893325392
390,0.5998093433363018
391,-1.3439788333290767
392,-1.0961733063043397
393,0.1661495441516791
394,0.5851579608554698
395,-0.08487897972222377
396,0.2527961290972685
397,-0.028046007501531918
398,0.34758473372292936
399,0.6150096724751345
400,-0.14607505227540593
401,-0.3377148541139231
402,0.6604664889935844
403,-0.48302684894041364
404,-0.27400713387180703
405,-0.7769039405979123
406,0.5872337045125441
407,0.3742454983098837
408,0.3784078220893706
409,0.8808504037867466
410,0.37553411247107105
411,-0.7176294879750816
412,-0.14276774648727047
413,0.8818798404499332
414,0.14429907273441858
415,0.7531049610575766
416,-1.7738085572608637
417,-0.905965271973494
418,-0.1774548441077109
419,0.5057637969463068
420,-0.8798328581167469
421,0.15567676169378286
422,-0.49972177337373586
423,-0.2066280707706822
424,-0.04918399674485097
425,0.48047019424824217
426,-0.651946273827903
427,0.7303376763938768
428,0.0294814944356538
429,0.22435830844924234
430,0.07565880212821027
431,0.23587531488827385
432,0.48013339164333957
433,0.28831138668487566
434,-0.08357026932311613
435,0.8997112776411822
436,0.32887058628225263
437,0.5425962592910539
438,-0.12665981831690903
439,-0.11163848436711987
440,0.7178759893843091
441,0.4763352072835273
442,-0.5125548832806174
443,-0.08120401958126656
444,0.27927385735299787
445,0.6416893352809775
446,0.36055773064030355
447,-0.1919495370606506
448,-0.662406529518103
449,0.3873903547667843
450,-0.024348350232695548
451,-0.8670234786473893
452,-0.3575271492876366
453,0.3444047459342225
454,0.08272415795973069
455,0.5404919693457367
456,0.32975430940389633
457,-1.5969507050195269
458,-0.041487363050290944
459,0.7610155835297381
460,0.536379380005351
461,-0.30379649224417676
462,-1.3402275324885242
463,0.6602508267585963
464,0.8495890609127764
465,0.35684386582943434
466,-0.2637407396510826
467,0.29978926038043063
468,0.21580896911355757
469,-1.0426695298425457
470,-0.4486396642043991
471,0.5965597708780469
472,0.06106805844709611
473,-0.07155525408023242
474,-1.3375308225002964
475,0.2421170642346394
476,-0.39672403889405905
477,0.33390252978505275
478,0.06766317563292411
479,-1.1662147716717746
480,0.09416947879994553
481,0.1414073455789638
482,-0.28847554430673905
483,-0.8014520227956148
484,0.4445138642457203
485,-0.3493379421197307
486,-0.4802997409490773
487,0.29810252793324654
488,1.2981025279332463
489,0.12078263758670292
490,1.0798425225707944
491,-0.40146785836158205
492,0.2895754289366085
493,0.4414795065837047
494,-1.3999259365212866
495,0.3187275083090167
496,0.49650738638730957
497,0.5487725164001779
498,1.0093619137927998
499,-0.15368532971815937
500,0.15329390994822958
501,0.15341709015690433
502,0.6964871692317353
503,0.9201750677188466
504,-0.35480482643638284
505,-1.790847157546337
506,-0.51103734860732
507,0.3073479060105407
508,-0.8289938442516025
509,-1.6569377181240996
510,0.018776277685895584
511,-2.079824932281154
512,0.5036429044140569
513,0.9995840724047412
514,-1.682684139808541
515,0.9995840724047412
516,-0.6863109121189259
517,0.4405416685353736
518,0.9995840724047412
519,-0.042311311883563484
520,-2.1021858289915625
521,-0.09390402263893856
522,0.9995840724047412
523,-0.6944503788623174
524,-0.27827736356801647
525,0.7683564809048788
526,-0.29872963500527033
527,-0.1443206070751654
528,0.5071572180057253
529,-0.3613960042527322
530,-0.6278225678416846
531,-1.1533454376950845
532,0.543338487379834
533,0.9355748325385386
534,-0.9490573458020296
535,-0.0731954686514064
536,0.5175059709504277
537,-0.8214872287988775
538,-0.00834963598822427
539,0.5014483593138946
540,-0.2654841966072317
541,-0.5502415100562833
542,-0.6106418440310382
543,-0.39769078156388676
544,-0.17584152818758622
545,-0.4130035686757227
546,0.2625620755344432
547,-0.02441116249138961
548,0.1625375237061204
549,-0.49945729535199834
550,0.41136551626684464
551,0.6599197750878455
552,0.30769448502887203
553,-0.2619721751635058
554,-0.00725123152923302
555,-0.23753154538861374
556,-0.7194589326518722
557,-0.47400283645393987
558,-0.276593830288974
559,-0.11261914733801033
560,0.1287037733102402
561,0.5357133470019528
562,0.553033888885029
563,0.46768667601118197
564,-0.6560728548367193
565,0.3825440268585797
566,-0.3652204200593057
567,0.8949338779580014
568,0.468889686323016
569,0.2954198912140121
570,0.24312714754904027
571,-1.0478803986685623
572,0.8949338779580012
573,-0.14795462222234881
574,0.2365301809600607
575,-0.30851847304454105
576,-0.9025330606674644
577,-1.0630680866805482
578,0.8949338779580013
579,0.7666893772837754
580,0.4304809059871423
581,1.097027678290752
582,-0.24680250789129213
583,-0.9680710555595595
584,0.2749293247913426
585,-0.19061034500212193
586,0.3251782207617981
587,0.40504423432788295
588,0.3629022396332965
589,-0.26202478434405785
590,-0.18257038219948513
591,-0.3394168494900701
592,-0.4786836660824686
593,-0.6896748135222536
594,-0.08657885467647491
595,-3.1726249221475302
596,-0.8796313800004797
597,-0.2604052691432101
598,-0.2576761860919311
599,0.12283304023886739
600,0.3605685118013924
601,0.3857668641740714
602,0.12390413902007498
603,0.4903868017277368
604,0.6642997351790054
605,-0.0919443109229409
606,-0.7027276992880557
607,-0.09665096965022388
608,-0.42586334532277204
609,-0.7028504166099339
610,-1.0498745586377747
611,0.9932158498089565
612,-0.13443311577646666
613,-0.17810483414002426
614,0.06403982558665593
615,-0.7324666062193272
616,0.2035246584055852
617,0.0959341601398323
618,-0.7284967815292754
619,-0.35850371482010374
620,0.8474271928876439
621,-0.15034565892270924
622,-1.2794648138193896
623,-0.641764641674294
624,0.6933418610570429
625,-0.07892131971608657
626,-0.085925390341971
627,-0.4618976103217877
628,-0.40571128381028326
629,-0.17427441995858775
630,0.1594524018863245
631,-0.7093553081566863
632,0.05088287299259933
633,-0.6954354897459158
634,0.5017069281558442
635,0.7819714601204347
636,0.4151085799816005
637,0.5983790089515791
638,0.02358889218632861
639,0.14701333827116247
640,0.1504083019556059
641,0.07509941632755948
642,0.8002665502219527
643,-0.9034891521053537
644,1.022177624694619
645,-0.6755479227771612
646,-0.05174457594898851
647,0.5788184333840058
648,1.0965108478946464
649,0.9893262913254679
650,-0.1564812786648928
651,0.5579326156104959
652,-0.09129055379736059
653,-0.3131561641388055
654,-0.3142618973023873
655,-0.08197116109323
656,0.1523896091847188
657,-1.3040873605586019
658,-0.5886624790660947
659,0.07869693730515674
660,0.12117163621775279
661,0.5799855027614578
662,-0.11169570815640502
663,-0.47027570231730464
664,0.04340084656633992
665,-0.8881902093940535
666,-0.019235489847022613
667,0.12262813210004735
668,0.5586924497888505
669,-0.15914729160967397
670,0.3735584952985587
671,0.2555959821685661
672,-0.274880090901887
673,0.7732313009675674
674,0.2370873187683075
675,-1.4343400630283236
676,-1.3992073925277757
677,-2.7001753948650262
678,-0.5793250482739726
679,0.22803323431273165
680,0.49776682604115835
681,0.40970460984555834
682,-0.855739928267372
683,1.1060537631406941
684,-0.9306246501624458
685,1.3164251043709958
686,-0.184981462598484
687,-2.6835748956290044
688,0.41691389967822534
689,0.2999536480903368
690,0.5528199216615639
691,0.8879954955982153
692,0.11483370469277708
693,-0.5233850618741622
694,-0.1280586919873395
695,-0.2341661580962557
696,-0.09997055823726318
697,0.6182494109575122
698,0.18108495842165545
699,0.2285349837568805
700,0.519030553985147
701,0.2410955766335048
702,-0.04672768916715054
703,-1.0367819332337793
704,-0.6931431061381286
705,0.11564590567830603
706,0.09729438661150812
707,0.5606311264807249
708,0.01924611530858326
709,-2.7834739315983366
710,-0.9247676362295625
711,0.8265961161336033
712,-0.7931688904904265
713,0.34762890139476554
714,0.08607343057395105
715,0.2868327101891697
716,0.6005328961142077
717,0.7336186306220974
718,-1.1148490082035263
719,-1.0465196736838978
720,0.8003291883066487
721,-0.06363855228366364
722,0.04065458888455505
723,-0.42899580627742206
724,-1.2957577705636534
725,-0.19967081169335102
726,-0.6861744240763827
727,1.013589203589678
728,-0.19967081169335105
729,0.5907312040251399
730,0.3380299151171081
731,0.8507360656321862
732,0.4496322873426706
733,-0.19967081169335105
734,0.8003291883066488
735,0.6476171671943645
736,-0.23223134270518675
737,-0.8449915839368922
738,0.8003291883066489
739,-1.4018064208216845
740,0.4331519574460508
741,-0.48047650482255816
742,-0.13961580471181664
743,-0.6119692182129429
744,-0.08180260580824907
745,0.1589111409528903
746,-0.8696030003728547
747,-0.4471635864436991
748,0.3667940724826155
749,0.09839230625010116
750,0.23064477868320352
751,0.011767087638082117
752,-0.33113873254528814
753,0.4808013579738637
754,0.5860785489064614
755,-0.27407156259883414
756,0.020354660515958002
757,-0.0635642452538555
758,-0.27201376684475
759,-0.4082128494307226
760,-0.1189607090316357
761,0.8894705058435154
762,-0.24061656306256646
763,-0.4534370609478443
764,-0.2577404427164987
765,0.07828684320051486
766,0.49419935695358524
767,-0.5959530951781169
768,0.043012873171016215
769,-0.3992000735247726
770,1.168775746852711
771,0.5228812881807167
772,0.4843611004184936
773,0.7687869560797083
774,-1.1449044081240565
775,-0.05175989992082063
776,0.6175430862817125
777,-0.07889355425388896
778,0.04699387634875358
779,1.1778992510067976
780,0.567011378808381
781,0.04697222070622511
782,-0.042273796713622094
783,-1.0980370321251314
784,-0.5489489541064875
785,-0.8625544215803986
786,-0.054294710339564345
787,-1.2007723215881527
788,0.4638053254741578
789,-0.10159214960015066
790,0.6016322921087185
791,0.06428276926953647
792,0.6872796221403096
793,-0.09182813133750062
794,0.5633071206225359
795,0.6658771793971169
796,-0.4453231573267354
797,-0.5215866293554028
798,0.982457230410805
799,-1.3000326554009074
800,-0.46406738911172835
801,-0.12695194865747964
802,0.5401211657214284
803,-0.7830171606725419
804,0.5780008951772001
805,0.14504759594926778
806,-0.20139607640314316
807,-0.8318362406382728
808,-0.05256551076425051
809,-2.3000326554009076
810,0.19149839771685373
811,0.5669731974570276
812,-0.22817300562532908
813,0.6092665753197768
814,0.42857026219086886
815,0.4440341810243273
816,0.6999673445990927
817,0.6999673445990927
818,-0.39579947106506397
819,0.09440799539951537
820,0.29771908101315653
821,0.09849739279919581
822,0.7865583144638228
823,-0.09980757683745536
824,0.9414961160692217
825,-0.23372103958471796
826,0.596316372563261
827,0.5162781563694688
828,-0.9414066542605719
829,0.9000052038309466
830,-0.2113066114123806
831,0.5295909202231524
832,-0.09999479616905321
833,-1.2204077398924722
834,0.9000052038309465
835,0.9000052038309467
836,-2.1429048587937722
837,1.106108414408648
838,-0.023620999433818887
839,-0.6476978431996568
840,1.305953036740385
841,-2.7017045689832817
842,-1.4008533882252503
843,-0.2720221867738336
844,-0.3970745557411826
845,-0.5125247823017658
846,-0.12292944026121136
847,0.43086384162525104
848,0.487036384256839
849,-0.6007390536585999
850,-0.6980716216817247
851,1.108580288035761
852,-0.07228780993213349
853,0.30173604344292304
854,-2.4855365570500383
855,-0.3574964247446686
856,0.7615620846233063
857,0.005484066204866355
858,-1.3309879531775763
859,0.30185557738223834
860,-0.35904176654326864
861,-0.20043926033471368
862,0.49802626965085556
863,-1.2003200856088059
864,0.20060165160860777
865,0.18206188981476348
866,0.7108066835831643
867,-0.10003862582628202
868,0.02588961012009033
869,-1.3242764035179997
870,1.0985003791286778
871,-0.3026613088599067
872,0.431299952586526
873,-3.1000386258262824
874,-0.9965330357906883
875,0.8457187412461337
876,0.2722145492469172
877,0.30473069579450407
878,0.2034186414832143
879,1.3082952554319287
880,-1.6903003851656129
881,0.25351670387320996
882,0.26417460144308913
883,0.876477414381557
884,0.8764774143815569
885,0.28056623475441417
886,0.4433311250252189
887,-0.1794771292557676
888,-0.09178293776982138
889,0.753035997272474
890,0.15527826346027912
891,0.10024717000849466
892,-1.3341403027534144
893,-0.3381458145659163
894,0.5885280506258215
895,-0.09954848201647802
896,-0.05516732528589014
897,0.9074520671395991
898,0.23473315996937832
899,1.0062614280433946
900,-1.7477436330019187
901,0.5579850997433841
902,0.2354487408524981
903,0.5239041818370416
904,0.30010151419374453
905,-1.5259565289523196
906,-1.2186587864513705
907,0.3221176889236902
908,0.20205873126181242
909,-0.5004688551780383
910,0.589695098843726
911,-2.6979988207456884
912,-0.256514482680604
913,0.463278476716489
914,-0.6979988207456876
915,1.3020011792543122
916,0.4482162338441171
917,0.16586063481613528
918,0.09725433233042101
919,-0.80201543408187
920,-0.6746465583562448
921,0.3707647347949165
922,-2.674646558356244
923,0.32217073961530246
924,0.1671162635385667
925,0.8557335662334415
926,-0.1500011036958882
927,-0.6277303347203972
928,-0.10000220746722274
929,-0.2712567197464945
930,1.0370045658940088
931,0.6270305417032569
932,0.5652185970620811
933,-0.02672277064420399
934,-0.9785264934016454
935,0.9055576829058138
936,-0.21839543870085124
937,0.29059494604600944
938,-0.666083268826277
939,0.13299123174769314
940,-0.3595860320215586
941,0.6326440946652745
942,0.06249462795020487
943,0.29843462569083484
944,0.2390126168792224
945,0.8000000002073768
946,-0.31730286888432474
947,0.2323036963793422
948,0.4590346132919058
949,0.3096394281727613
950,0.31348627579722943
951,1.3134862757972292
952,0.9117863545694408
953,0.20194078077160058
954,0.7964576333077246
955,-0.5310854454323001
956,-2.04582539486999
957,-0.6879092181738073
958,0.2979576640132421
959,-0.27476787003270253
960,0.49753891899844205
961,-0.5603793868847413
962,0.4086790684388769
963,0.5615931190053561
964,1.4852917574892393
965,0.38585656475053537
966,1.3786310752802504
967,-0.9802122112070314
968,0.3547391842984346
969,-1.201008443686514
970,0.31041053738666163
971,1.0263877906584569
972,0.07856101240187911
973,1.299409829239218
974,-0.10810039561923512
975,0.18221356292459479
976,-1.196954321368794
977,-0.2644379319925825
978,-1.673960274742339
979,0.6446921709358157
980,0.8146578775906953
981,-0.42973085481290113
982,0.4654434313539418
983,-0.7027137381219516
984,-0.06372496780321799
985,0.7845299404071087
986,0.007273263920349709
987,0.1808730064041039
988,0.504367714733026
989,0.9017606098094739
990,-0.4238296147328636
991,0.9246508954306891
992,0.493263094051728
993,0.617371396178069
994,-2.6965914283056
995,0.23073598220170055
996,1.2563105607197997
997,-0.6234921653031381
998,-1.2924758900365156
999,-0.7425622067070504
1000,-1.651160615874341
1001,0.6004426672054554
1002,0.46329959994712444
1003,-2.1197579644323583
1004,0.095869484947603
1005,1.0958694849476027
1006,0.8990309913182671
1007,-0.7020622492523735
1008,-1.8773155927231797
1009,-0.20939474867644256
1010,0.16983403296217053
1011,0.4662049087529493
1012,-0.41967908428831363
1013,0.6906194929637017
1014,1.2446483383889375
1015,0.32648225368705974
1016,0.0
1017,-0.09999999999999964
1018,0.8013259754004203
1019,-2.0999999999999996
1020,-1.0999999999999996
1021,-3.1
1022,0.9000000000000004
1023,-0.09999999999999964
1024,-1.0999999999999996
1025,-0.09999999999999966
1026,-0.09999999999999963
1027,-2.0999999999999996
1028,-3.1
1029,0.23200255484991822
1030,-1.0753086419753082
1031,0.9000000000000004
1032,-1.0999999999999996
1033,-2.0999999999999996
1034,0.9000000000000004
1035,-0.09999999999999966
1036,0.9000000000000004
1037,-0.09999999999999966
1038,0.9000000000000004
1039,-2.0999999999999996
1040,-0.09999999999999966
1041,0.9000000000000004
1042,-0.09999999999999966
1043,0.9000000000000004
1044,0.9000000000000004
1045,0.9000000000000004
1046,-0.09999999999999966
1047,0.9000000000000004
1048,0.9000000000000004
1049,-1.0999999999999996
1050,-1.0999999999999996
1051,0.9000000000000005
1052,-0.09999999999999966
1053,0.9000000000000004
1054,0.9000000000000004
1055,0.9000000000000004
1056,-0.09999999999999964
1057,-2.0999999999999996
1058,-0.09999999999999966
1059,-0.09999999999999964
1060,-0.09999999999999966
1061,0.9000000000000004
1062,0.9000000000000004
1063,0.9000000000000004
1064,-0.09999999999999964
1065,-0.09999999999999966
1066,0.9000000000000004
1067,0.20000000012022207
1068,0.9000000000000005
1069,-1.0999999999999996
1070,-1.0999999999999996
1071,-1.0999999999999996
1072,0.9000000000000004
1073,-2.0999999999999996
1074,-0.09999999999999966
1075,0.9000000000000004
1076,0.9000000000000004
1077,-0.09999999999999966
1078,0.9000000000000004
1079,0.9000000000000002
1080,0.9000000000000005
1081,-0.09999999999999966
1082,0.9000000000000004
1083,-1.0999999999999996
1084,-1.0999999999999996
1085,0.9000000000000004
1086,-1.0999999999999996
1087,0.9000000000000004
1088,-1.0999999999999996
1089,0.9000000000000004
1090,-0.09999999999999966
1091,0.9000000000000004
1092,0.9000000000000004
1093,-0.09999999999999966
1094,-0.09999999999999966
1095,-0.09999999999999966
1096,0.9000000000000004
1097,0.9000000000000004
1098,0.9000000000000004
1099,0.9000000000000002
1100,0.9000000000000004
1101,-0.09999999999999966
1102,0.9000000000000004
1103,-1.0999999999999996
1104,0.9000000000000004
1105,0.9000000000000004
1106,0.9000000000000004
1107,0.9000000000000004
1108,0.9000000000000004
1109,-0.09999999999999966
1110,0.9000000000000004
1111,0.9000000000000004
1112,0.9000000000000004
1113,0.9000000000000004
1114,-0.09999999999999966
1115,0.9000000000000004
1116,0.9000000000000004
1117,0.9000000000000004
1118,-1.0999999999999996
1119,-0.09999999999999966
1120,0.9000000000000004
1121,0.9000000000000004
1122,-1.0999999999999996
1123,0.9000000000000004
1124,0.9000000000000004
1125,-0.09999999999999966
1126,-0.09999999999999966
1127,-1.0999999999999996
1128,0.9000000000000004
1129,0.9000000000000004
1130,-3.1
1131,-0.09999999999999966
1132,0.9000000000000004
1133,-2.1
1134,-3.0999999999999996
1135,-0.09999999999999966
1136,0.9000000000000004
1137,-1.0999999999999994
1138,-1.0999999999999996
1139,-0.09999999999999966
1140,-0.09999999999999966
1141,-1.0999999999999996
1142,-0.09999999999999966
1143,0.9000000000000004
1144,-2.0999999999999996
1145,-3.29999630867696
1146,-1.2999963086769604
1147,-2.29999630867696
1148,-2.29999630867696
1149,0.7000036913230399
1150,0.7000036913230399
1151,0.7000036913230399
1152,-2.2999963086769606
1153,0.7000036913230399
1154,-3.29999630867696
1155,0.7000036913230399
1156,-0.29999630867696025
1157,0.7000036913230399
1158,0.7000036913230399
1159,-1.2999963086769604
1160,-1.2999963086769604
1161,0.7000036913230399
1162,-0.29999630867696025
1163,0.7000036913230399
1164,-0.29999630867696025
1165,0.7000036913230399
1166,-0.29999630867696025
1167,0.7000036913230399
1168,0.7000036913230399
1169,0.7000036913230399
1170,0.7000036913230399
1171,0.7000036913230399
1172,0.7000036913230399
1173,-0.29999630867696025
1174,0.7000036913230399
1175,0.7000036913230399
1176,0.7000036913230399
1177,-0.29999630867696025
1178,-1.2999963086769604
1179,0.7000036913230399
1180,0.7000036913230399
1181,0.7000036913230399
1182,0.7000036913230399
1183,0.7000036913230399
1184,0.7000036913230399
1185,0.10000185048340465
1186,0.7000036913230399
1187,0.7000036913230399
1188,-1.2999963086769604
1189,0.7000036913230399
1190,0.7000036913230399
1191,0.7000036913230399
1192,0.7000036913230399
1193,0.7000036913230399
1194,0.7000036913230399
1195,-0.29999630867696025
1196,0.7000036913230399
1197,0.7000036913230399
1198,0.7000036913230399
1199,-0.29999630867696025
1200,-1.2999963086769604
1201,-2.2999963086769606
1202,0.7000036913230399
1203,-1.2999963086769604
1204,0.7000036913230399
1205,0.7000036913230399
1206,-0.29999630867696025
1207,0.7000036913230399
1208,0.7000036913230399
1209,0.7000036913230399
1210,0.7000036913230399
1211,0.7000036913230399
1212,0.7000036913230399
1213,0.7000036913230399
1214,0.7000036913230399
1215,0.7000036913230399
1216,0.7000036913230399
1217,0.7000036913230399
1218,0.7000036913230399
1219,0.7000036913230399
1220,0.7000036913230399
1221,0.7000036913230399
1222,0.7000036913230399
1223,0.7000036913230399
1224,-1.2999963086769604
1225,-1.2999963086769604
1226,0.7000036913230399
1227,-1.2999963086769604
1228,-3.29999630867696
1229,-0.29999630867696025
1230,-2.2999963086769606
1231,-1.2999963086769604
1232,0.7000036913230399
1233,-2.2999963086769606
1234,-1.2999963086769604
1235,0.7000036913230397
1236,0.7000036913230399
1237,-3.29999630867696
1238,-0.9028805352441415
1239,-1.1129255519630084
1240,0.3785455237078655
1241,0.3010183442179649
1242,-0.22899373863273334
1243,-1.0868656690281395
1244,0.2606815197567993
1245,-0.18618159657739727
1246,0.47221046438780634
1247,-1.994634062528523
1248,0.9013009006221104
1249,-0.38032871688295183
1250,0.1335770126989638
1251,1.2999999999999998
1252,-1.7000000000000004
1253,-1.7000000000000004
1254,1.349999999448119
1255,1.2999999999999998
1256,1.2999999999999998
1257,-0.7000000000000002
1258,-2.7
1259,-1.7000000000000004
1260,0.2999999999999998
1261,0.2999999999999998
1262,-1.7000000000000004
1263,-2.6999999999999997
1264,1.2999999999999998
1265,-1.0999999998797783
1266,0.2999999999999998
1267,0.2999999999999998
1268,1.2999999999999998
1269,-1.7000000000000004
1270,1.2999999999999994
1271,-2.6999999999999997
1272,0.1280795867340088
1273,-0.7000000000000002
1274,0.2999999999999998
1275,1.2999999999999996
1276,1.2999999999999998
1277,0.2999999999999998
1278,0.2999999999999998
1279,-2.7000000000000006
1280,1.2999999999999998
1281,0.2999999999999998
1282,-1.7000000000000002
1283,0.2999999999999998
1284,-2.7
1285,-0.7000000000000002
1286,-0.7000000000000002
1287,1.2999999999999998
1288,-0.7000000000000002
1289,-1.7000000000000004
1290,-0.7000000000000002
1291,0.2999999999999999
1292,-1.7000000000000004
1293,0.2999999999999999
1294,1.2999999999999998
1295,0.2999999999999999
1296,0.2999999999999998
1297,0.2999999999999998
1298,1.2999999999999998
1299,-0.7000000000000002
1300,0.2999999999999998
1301,-0.7000000000000002
1302,-1.7000000000000004
1303,1.2999999999999998
1304,0.2999999999999998
1305,-2.7
1306,1.2999999999999998
1307,1.2999999999999998
1308,-1.0999993855662467
1309,-0.7000000000000002
1310,0.2999999999999998
1311,1.2999999999999998
1312,0.2999999999999998
1313,-0.5999999998797783
1314,0.2999999999999998
1315,0.2999999999999998
1316,1.2999999999999998
1317,-0.7000000000000002
1318,1.2999999999999998
1319,-0.7000000000000002
1320,1.2999999999999998
1321,-2.7
1322,1.2999999999999998
1323,1.2999999999999998
1324,1.2999999999999998
1325,1.2999999999999998
1326,1.2999999999999998
1327,0.2999999999999998
1328,-0.7000000000000002
1329,1.2999999999999998
1330,-1.7000000000000004
1331,1.2999999999999998
1332,0.29999999999999977
1333,1.2999999999999998
1334,0.2999999999999998
1335,0.2999999999999998
1336,1.2999999999999998
1337,-0.7000000000000002
1338,-1.7000000000000004
1339,-1.7000000000000004
1340,1.2999999999999998
1341,-0.7000000000000002
1342,0.2999999999999998
1343,0.2999999999999998
1344,-1.7000000000000002
1345,-1.7000000000000004
1346,0.2999999999999998
1347,-0.7000000000000002
1348,0.2999999999999998
1349,-1.7000000000000006
1350,0.2999999999999998
1351,-2.7
1352,-2.7
1353,1.2999999999999998
1354,0.2999999999999998
1355,0.2999999999999998
1356,1.2999999999999998
1357,1.2999999999999998
1358,0.9000000001202217
1359,0.2999999999999998
1360,1.2999999999999998
1361,-0.7000000000000002
1362,1.2999999999999998
1363,1.2999999999999998
1364,0.2999999999999998
1365,0.2999999999999998
1366,-0.7000000000000002
1367,-0.7000000000000002
1368,0.2999999999999998
1369,0.2999999999999998
1370,-0.7000000000000002
1371,0.2999999999999998
1372,1.2999999999999998
1373,-0.7000000000000002
1374,1.2999999999999998
1375,0.2999999999999998
1376,-1.7000000000000004
1377,-0.7000000000000002
1378,-0.7000000000000002
1379,0.2999999999999998
1380,-0.7000000000000002
1381,-0.7000000000000002
1382,-0.7000000000000002
1383,1.2999999999999998
1384,0.2999999999999998
1385,1.2999999999999996
1386,1.2999999999999998
1387,-0.7000000000000002
1388,0.2999999999999998
1389,-0.7000000000000002
1390,1.2
1391,-0.7000000000000002
1392,1.2999999999999998
1393,0.2999999999999998
1394,0.2999999999999998
1395,0.2999999999999998
1396,0.2999999999999998
1397,-2.7
1398,1.2999999999999998
1399,0.2999999999999998
1400,-0.7000000000000002
1401,-0.7000000000000002
1402,0.2999999999999998
1403,0.2999999999999998
1404,1.2999999999999998
1405,0.2999999999999998
1406,-0.7000000000000002
1407,-0.7000000000000002
1408,0.2999999999999998
1409,1.2999999999999998
1410,0.2999999999999998
1411,1.2999999999999998
1412,-0.7000000000000002
1413,-1.7000000000000002
1414,-0.7000000000000002
1415,1.2999999999999998
1416,0.2999999999999998
1417,-0.7000000000000002
1418,0.2999999999999998
1419,0.2999999999999998
1420,0.2999999999999998
1421,1.2999999999999998
1422,0.2999999999999998
1423,-0.7000000000000002
1424,1.2999999999999998
1425,-1.7000000000000004
1426,0.2999999999999998
1427,-0.7000000000000002
1428,0.2999999999999998
1429,0.2999999999999998
1430,-0.7000000000000002
1431,-1.7000000000000004
1432,0.8473928048919193
1433,-1.2758770440115665
1434,-0.4223302175164861
1435,-0.10001841824979028
1436,-0.5265179429767591
1437,-0.799484778762811
1438,-0.37148763781001354
1439,-0.6179406942063068
1440,-0.498968559915905
1441,0.8795463765850599
1442,-0.1756556139410745
1443,-1.4910312731125757
1444,0.9670261829620435
1445,0.182912981326113
1446,-0.126277751125665
1447,0.7824653237228081
1448,1.3999999988962384
1449,-2.600000001103762
1450,-0.6000000011037618
1451,-0.6000000011037618
1452,1.3999999988962384
1453,-2.600000001103762
1454,-1.6000000011037616
1455,-1.6000000011037618
1456,-2.600000001103762
1457,-1.6000000011037618
1458,1.3999999988962384
1459,-1.6000000011037618
1460,0.3999999988962382
1461,0.3999999988962382
1462,-1.6000000011037618
1463,-0.6000000011037618
1464,0.3999999988962382
1465,0.3999999988962382
1466,1.3999999988962382
1467,-1.6000000011037618
1468,-0.6000000011037618
1469,-2.600000001103762
1470,-1.6000000011037618
1471,1.3999999988962384
1472,0.3999999988962382
1473,1.3999999988962384
1474,0.39999999889623816
1475,-2.600000001103762
1476,-2.6000000011037625
1477,-1.6000000011037618
1478,-0.6000000011037618
1479,-1.6000000011037618
1480,-1.6000000011037618
1481,0.3999999988962382
1482,1.3999999988962384
1483,1.3999999988962384
1484,1.3999999988962384
1485,1.3999999988962384
1486,0.3999999988962382
1487,1.3999999988962384
1488,0.3999999988962382
1489,1.3999999988962384
1490,1.3999999988962384
1491,0.3999999988962382
1492,0.3999999988962382
1493,-0.6000000011037618
1494,0.3999999988962382
1495,-1.6000000011037616
1496,0.3999999988962383
1497,1.3999999988962384
1498,0.3999999988962382
1499,-0.6000000011037618
1500,0.3999999988962382
1501,-0.6000000011037618
1502,1.3999999988962384
1503,-0.6000000011037618
1504,1.3999999988962384
1505,-0.6000000011037618
1506,1.3999999988962384
1507,-0.4837658355229117
1508,1.3999999988962384
1509,-0.6000000011037618
1510,-0.6000000011037618
1511,1.3999999988962384
1512,1.3999999988962384
1513,-1.6000000011037618
1514,1.3999999988962384
1515,1.3999999988962384
1516,-0.6000000011037618
1517,-0.6000000011037618
1518,1.3999999988962384
1519,-1.6000000011037618
1520,0.39999999889623816
1521,-0.6000000011037618
1522,-0.6000000011037618
1523,0.39999999889623816
1524,-1.6000000011037618
1525,1.3999999988962384
1526,0.3999999988962382
1527,0.3999999988962382
1528,1.3999999988962384
1529,0.3999999988962382
1530,-1.6000000011037618
1531,-1.6000000011037618
1532,1.3999999988962384
1533,0.3999999988962382
1534,0.3999999988962382
1535,0.3999999988962382
1536,-0.5500000004316589
1537,0.3999999988962382
1538,-0.6000000011037618
1539,-0.6000000011037618
1540,-0.6000000011037617
1541,0.3999999988962382
1542,-0.6000000011037618
1543,-1.6000000011037618
1544,-0.6000000011037618
1545,-0.6000000011037618
1546,-2.600000001103762
1547,0.3999999988962382
1548,-0.6000000011037618
1549,0.3999999988962382
1550,0.3999999988962382
1551,0.3999999988962382
1552,1.3999999988962384
1553,0.3999999988962382
1554,-0.6000000011037618
1555,1.3999999988962384
1556,-0.6000000011037617
1557,1.3999999988962384
1558,0.3999999988962382
1559,0.3999999988962382
1560,0.3999999988962382
1561,0.3999999988962382
1562,0.3999999988962382
1563,-0.6000000011037618
1564,1.3999999988962384
1565,-1.6000000011037618
1566,1.3999999988962384
1567,1.3999999988962384
1568,0.3999999988962382
1569,1.3999999988962384
1570,1.3999999988962384
1571,1.3999999988962384
1572,-0.6000000011037618
1573,-0.6000000011037618
1574,-0.6000000011037618
1575,-0.6000000011037618
1576,-0.6000000011037618
1577,-1.6000000011037618
1578,-0.6000000011037617
1579,0.3999999988962382
1580,0.3999999988962382
1581,-0.6000000011037618
1582,-1.6000000011037618
1583,0.3999999988962382
1584,0.3999999988962382
1585,0.3999999988962382
1586,1.3999999988962384
1587,0.3999999988962382
1588,-0.6000000011037618
1589,-0.6000000011037618
1590,1.3999999988962384
1591,1.3999999988962384
1592,0.3999999988962382
1593,-0.6000000011037618
1594,-1.6000000011037618
1595,1.3999999988962384
1596,-0.6000000011037618
1597,0.3999999988962382
1598,-0.6000000011037618
1599,-0.6000000011037618
1600,-0.6000000011037618
1601,-0.6000000011037617
1602,-0.6000000011037618
1603,0.3999999988962381
1604,-0.6000000011037618
1605,-1.600000001103762
1606,-0.6000000011037618
1607,-0.6000000011037617
1608,1.3999999988962384
1609,-0.6000000011037618
1610,1.3999999988962384
1611,1.3999999988962384
1612,-0.6000000011037618
1613,0.3999999988962382
1614,1.3999999988962384
1615,1.3999999988962384
1616,0.5170072698413081
1617,0.5000000002404438
1618,0.5000000002404438
1619,0.5000000002404438
1620,-1.4999999997595563
1621,-0.49999999975955634
1622,0.5000000002404438
1623,0.5000000002404438
1624,0.5000000002404438
1625,0.5000000002404438
1626,0.5000000002404438
1627,0.5000000002404438
1628,0.5000000002404438
1629,0.5000000002404438
1630,0.5000000002404438
1631,0.5000000002404438
1632,0.5000000002404438
1633,0.5000000002404438
1634,0.5000000002404438
1635,0.5000000002404438
1636,-0.4999999997595563
1637,0.5000000002404438
1638,0.5000000002404438
1639,-0.49999999975955634
1640,-0.4999999997595562
1641,-0.4999999997595563
1642,-1.4999999997595566
1643,0.5000000002404438
1644,-0.49999999975955634
1645,-0.4999999997595563
1646,0.5000000002404438
1647,0.5000000002404438
1648,0.5000000002404438
1649,-0.49999999975955634
1650,-0.49999999975955634
1651,-0.4999999997595563
1652,0.5000000002404438
1653,-0.49999999975955634
1654,0.5000000002404438
1655,0.5000000002404438
1656,0.5000000002404438
1657,0.5000000002404438
1658,0.5000000002404438
1659,0.5000000002404438
1660,-1.4999999997595563
1661,0.5000000002404438
1662,-0.49999999975955634
1663,0.5000000002404438
1664,-0.49999999975955634
1665,-1.4999999997595563
1666,-0.49999999975955634
1667,-0.49999999975955634
1668,0.5000000002404438
1669,0.5000000002404438
1670,0.5000000002404438
1671,0.5000000002404438
1672,0.5000000002404438
1673,-1.4999999997595566
1674,-0.49999999975955634
1675,0.5000000002404438
1676,-0.49999999975955634
1677,0.5000000002404438
1678,0.5000000002404438
1679,0.5000000002404438
1680,0.5000000002404438
1681,-1.4999999997595563
1682,0.5000000002404438
1683,0.5000000002404438
1684,0.5000000002404438
1685,0.5000000002404438
1686,-3.499999999759557
1687,0.5000000002404438
1688,0.5000000002404438
1689,-0.4999999997595563
1690,-0.49999999975955634
1691,0.5000000002404438
1692,0.5000000002404438
1693,0.5000000002404438
1694,0.5000000002404438
1695,0.5000000002404438
1696,0.5000000002404438
1697,0.5000000002404438
1698,-1.4999999997595563
1699,-1.4999999997595563
1700,-0.49999999975955634
1701,-0.49999999975955634
1702,0.5000000002404438
1703,-0.49999999975955634
1704,-0.49999999975955634
1705,-1.4999999997595563
1706,0.5000000002404438
1707,0.5000000002404438
1708,-0.49999999975955634
1709,0.7000000390005765
1710,0.7000000390005766
1711,0.7000000390005766
1712,0.7000000390005766
1713,-0.2999999609994235
1714,-0.29999996099942344
1715,-3.051490881198835
1716,0.7000000390005766
1717,-2.0721517622406265
1718,0.7000000390005766
1719,0.7000000390005766
1720,0.7000000390005765
1721,0.7000000390005765
1722,-1.2999999609994237
1723,-0.2999999609994235
1724,-1.2999999609994237
1725,0.7000000390005766
1726,0.7000000390005766
1727,-0.2999999609994235
1728,-0.2999999609994235
1729,-1.2999999609994237
1730,-0.2999999609994235
1731,0.7000000390005766
1732,-1.2999999609994237
1733,0.7000000390005766
1734,-0.2999999609994235
1735,-0.2999999609994235
1736,0.7000000390005766
1737,0.7000000390005766
1738,0.7000000390005766
1739,0.7000000390005766
1740,-0.2999999609994235
1741,-0.2999999609994235
1742,0.7000000390005766
1743,-0.2999999609994235
1744,0.7000000390005766
1745,-0.29999996099942344
1746,-0.2999999609994235
1747,0.7000000390005764
1748,-0.2999999609994235
1749,-1.2999999609994237
1750,0.7000000390005766
1751,-0.2999999609994235
1752,0.7000000390005766
1753,0.7000000390005766
1754,-0.2999999609994235
1755,0.7000000390005766
1756,-0.2999999609994235
1757,-0.2999999609994235
1758,0.7000000390005766
1759,-0.2999999609994235
1760,0.7000000390005766
1761,-0.29999996099942344
1762,0.7000000390005766
1763,-1.2999999609994237
1764,-0.2999999609994235
1765,-0.2999999609994235
1766,-0.08525119940932072
1767,-0.2189330366058592
1768,0.1222356305112851
1769,0.18004975114996075
1770,0.7202671107047119
1771,-0.23127874839341037
1772,0.37140632776589877
1773,-0.69999999929293
1774,0.32222235939156296
1775,-0.6999999992929301
1776,-0.18850584773195778
1777,0.34698718346559837
1778,0.1553803926944978
1779,0.37664028997402765
1780,-0.27584851041840447
1781,-0.1701296014026744
1782,-0.7649191257853732
1783,0.2240915629131028
1784,-0.69999999929293
1785,0.3839717707622883
1786,-0.30051431290470487
1787,0.051796265057180095
1788,0.8946700120052442
1789,0.7476478601890671
1790,0.8998895015694823
1791,-0.10011049843051786
1792,0.031140461736585526
1793,0.30027481182620763
1794,-0.06333864738444343
1795,0.3454305828564897
1796,-0.6021710006732679
1797,-0.0998128187737549
1798,0.8707643695509933
1799,0.9123732066478829
1800,-0.1412600274768819
1801,-0.46695785149210967
1802,0.1287442036625229
1803,0.021083580641786306
1804,1.5722576389326774
1805,-1.1963300851637297
1806,1.1830636488258075
1807,1.286421372011831
1808,0.0031515664750821418
1809,0.5758783321346285
1810,-0.7001016681295924
1811,0.8876060360482687
1812,0.6068511909660518
1813,-1.0466574513436713
1814,-0.31243209589017196
1815,0.30771417753468083
1816,0.9243752135495529
1817,-0.033770103665676524
1818,0.8665549375832825
1819,0.5240869976268294
1820,-1.197682046930609
1821,-1.222112904886719
1822,0.8000000009876554
1823,-3.2
1824,-2.2
1825,0.7999999999999998
1826,-1.3657458563535914
1827,0.7999999999999998
1828,-0.20000000000000015
1829,-2.2
1830,-2.2
1831,-2.2
1832,-3.2000000000000006
1833,-3.2000000000000006
1834,0.7999999999999998
1835,-3.2000000000000006
1836,-3.2
1837,-1.2000000000000002
1838,0.7999999999999998
1839,-0.20000000000000015
1840,0.7999999999999998
1841,0.7999999999999999
1842,-3.2000000000000006
1843,0.7999999999999998
1844,0.7999999999999998
1845,0.7999999999999998
1846,-3.2000000000000006
1847,0.7999999999999998
1848,-1.2000000000000002
1849,-2.2
1850,-1.2000000000000002
1851,-1.2000000000000002
1852,-3.2000000000000006
1853,-1.2000000000000002
1854,-3.2000000000000006
1855,0.7999999999999999
1856,0.7999999999999999
1857,0.7999999999999998
1858,-3.2000000000000006
1859,-0.20000000000000018
1860,0.7999999999999997
1861,0.7999999999999999
1862,-3.2
1863,-1.2
1864,-0.20000000000000015
1865,0.7999999999999998
1866,0.7999999999999997
1867,-0.20000000000000018
1868,-0.20000000000000018
1869,-1.2
1870,0.7999999999999997
1871,0.7999999999999999
1872,0.7999999999999998
1873,-1.2000000000000002
1874,0.7999999999999998
1875,-3.2
1876,-0.20000000000000018
1877,-1.2000000000000002
1878,-1.2000000000000002
1879,-0.2000000000000002
1880,-1.2000000000000002
1881,0.7999999999999999
1882,0.7999999999999998
1883,-1.2000000000000002
1884,0.7999999999999998
1885,0.7999999999999998
1886,0.7999999999999998
1887,0.7999999999999998
1888,-0.20000000000000018
1889,0.7999999999999998
1890,-2.2
1891,-0.20000000000000018
1892,-1.2
1893,-0.20000000000000018
1894,0.7999999999999998
1895,0.7999999999999999
1896,0.7999999999999998
1897,0.6825494731985144
1898,0.7999999999999998
1899,-0.20000000000000018
1900,-0.20000000000000018
1901,0.7999999999999998
1902,-0.20000000000000018
1903,0.7999999999999998
1904,-0.20000000000000018
1905,-1.2000000000000002
1906,0.7999999999999999
1907,-0.20000000000000018
1908,-0.06196584449306235
1909,0.7999999999999998
1910,-0.20000000000000015
1911,0.7999999999999997
1912,0.7999999999999997
1913,0.7999999999999998
1914,0.7999999999999998
1915,0.7999999999999999
1916,0.7999999999999998
1917,0.7999999999999998
1918,0.7999999999999998
1919,0.7999999999999998
1920,-0.20000000000000018
1921,0.7999999999999998
1922,0.7999999999999998
1923,0.7999999999999998
1924,-0.20000000000000018
1925,-0.20000000000000018
1926,0.7999999999999998
1927,-1.2000000000000002
1928,0.7999999999999999
1929,-0.20000000000000015
1930,0.7999999999999999
1931,-0.20000000000000018
1932,-0.20000000000000018
1933,-0.20000000000000018
1934,-1.2000000000000002
1935,0.7999999999999998
1936,0.7999999999999998
1937,0.7999999999999998
1938,0.7999999999999998
1939,-0.20000000000000015
1940,-1.2
1941,0.7999999999999998
1942,-1.2000000000000002
1943,0.7999999999999998
1944,0.7999999999999998
1945,-1.2000000000000002
1946,-2.2
1947,-2.2000000000000006
1948,0.7999999999999999
1949,0.7999999999999998
1950,0.7999999999999998
1951,0.7999999999999998
1952,-0.20000000000000018
1953,-1.2000000000000004
1954,-0.20000000000000018
1955,-3.2
1956,-0.20000000000000018
1957,-0.20000000000000018
1958,-0.20000000000000018
1959,0.7999999999999998
1960,-3.2000000000000006
1961,0.7999999999999999
1962,-0.20000000000000018
1963,0.7999999999999997
1964,0.7999999999999998
1965,-0.20000000000000018
1966,0.7999999999999998
1967,-0.20000000000000015
1968,-2.2
1969,0.7999999999999999
1970,0.7999999999999998
1971,0.7999999999999997
1972,-0.20000000000000018
1973,-0.20000000000000018
1974,-1.2000000000000002
1975,0.7999999999999998
1976,-1.2000000000000002
1977,-1.2000000000000002
1978,0.7999999999999998
1979,0.7999999999999997
1980,0.7999999999999998
1981,-0.20000000000000015
1982,-1.2000000000000002
1983,-0.20000000000000018
1984,0.7999999999999998
1985,0.7999999999999997
1986,-0.20000000000000018
1987,0.7999999999999998
1988,-1.2000000000000002
1989,0.7999999999999999
1990,0.7999999999999998
1991,-0.20000000000000015
1992,0.7999999999999998
1993,0.7999999999999998
1994,0.7999999999999998
1995,0.7999999999999998
1996,-1.2000000000000004
1997,-1.2000000000000002
1998,0.7999999999999998
1999,0.7999999999999998
2000,0.7999999999999998
2001,0.7999999999999998
2002,0.7999999999999999
2003,0.7999999999999998
2004,0.7999999999999998
2005,0.7999999999999999
2006,0.7999999999999999
2007,0.7999999999999998
2008,0.7999999999999998
2009,0.7999999999999998
2010,-0.20000000000000018
2011,-0.20000000000000018
2012,0.7999999999999998
2013,-0.20000000000000018
2014,0.7999999999999998
2015,-0.20000000000000015
2016,0.7999999999999998
2017,0.7999999999999998
2018,-1.2000000000000002
2019,0.7999999999999998
2020,-1.2000000000000002
2021,-1.2000000000000002
2022,-0.20000000000000018
2023,0.7999999999999998
2024,-0.20000000000000018
2025,0.7999999999999998
2026,0.7999999999999998
2027,-0.20000000000000018
2028,0.7999999999999998
2029,0.7999999999999998
2030,0.7999999999999997
2031,0.7999999999999998
2032,0.7999999999999998
2033,0.7999999999999999
2034,0.7999999999999997
2035,0.7999999999999998
2036,0.7999999999999998
2037,0.7999999999999998
2038,0.7999999999999998
2039,-1.2000000000000002
2040,0.7999999999999998
2041,-1.2000000000000002
2042,0.7999999999999998
2043,0.7999999999999998
2044,0.7999999999999999
2045,0.7999999999999999
2046,-0.20000000000000018
2047,0.7999999999999998
2048,-0.20000000000000018
2049,0.7999999999999998
2050,-0.20000000000000018
2051,-0.20000000000000018
2052,-0.20000000000000018
2053,0.7999999999999998
2054,-0.20000000000000018
2055,0.7999999999999999
2056,0.7999999999999998
2057,-0.20000000000000018
2058,-0.20000000000000018
2059,0.7999999999999998
2060,0.7999999999999999
2061,0.7999999999999998
2062,0.7999999999999998
2063,0.7999999999999999
2064,-0.20000000000000018
2065,-1.2000000000000002
2066,0.7999999999999998
2067,-0.20000000000000018
2068,0.7999999999999999
2069,-0.20000000000000018
2070,-0.20000000000000018
2071,-0.20000000000000018
2072,0.7999999999999998
2073,0.7999999999999999
2074,0.7999999999999998
2075,-0.20000000000000018
2076,0.7999999999999998
2077,0.7999999999999998
2078,-3.2
2079,-1.2000000000000002
2080,0.7999999999999999
2081,-1.2
2082,-0.20000000000000018
2083,0.7999999999999998
2084,0.7999999999999998
2085,-0.20000000000000018
2086,0.7999999999999998
2087,0.7999999999999998
2088,-2.2
2089,-0.20000000000000018
2090,-0.2000000000000002
2091,0.7999999999999998
2092,0.7999999999999998
2093,-1.2000000000000002
2094,0.7999999999999999
2095,0.7999999999999999
2096,-0.20000000000000018
2097,0.7999999999999998
2098,-0.20000000000000018
2099,-0.20000000000000018
2100,-0.20000000000000018
2101,-1.2000000000000004
2102,0.7999999999999998
2103,-1.2000000000000002
2104,-0.20000000000000018
2105,-2.2000000000000006
2106,-1.2000000000000002
2107,-0.20000000000000018
2108,-0.20000000000000018
2109,-0.20000000000000018
2110,0.7999999999999998
2111,-1.2000000000000002
2112,-0.20000000000000018
2113,0.7999999999999999
2114,0.7999999999999999
2115,0.7999999999999998
2116,0.7999999999999998
2117,-1.2000000000000002
2118,-0.20000000000000018
2119,0.7999999999999998
2120,0.7999999999999998
2121,0.29415019270051973
2122,0.7999999999999998
2123,0.7999999999999999
2124,0.7999999999999999
2125,0.7999999999999998
2126,0.7999999999999998
2127,0.7999999999999999
2128,0.7999999999999998
2129,0.7999999999999999
2130,0.7999999999999999
2131,0.7999999999999999
2132,-0.20000000000000015
2133,0.7999999999999998
2134,0.7999999999999998
2135,0.7999999999999998
2136,-0.20000000000000015
2137,0.7999999999999998
2138,-0.20000000000000018
2139,0.7999999999999998
2140,-0.20000000000000018
2141,0.7999999999999998
2142,-2.2
2143,0.7999999999999998
2144,0.7999999999999997
2145,0.7999999999999998
2146,-0.20000000000000018
2147,-0.20000000000000018
2148,-0.20000000000000018
2149,0.7999999999999998
2150,0.7999999999999998
2151,-0.20000000000000018
2152,-2.2000000000000006
2153,-1.2
2154,-0.20000000000000018
2155,0.7999999999999998
2156,0.7999999999999998
2157,0.7999999999999998
2158,0.7999999999999998
2159,-0.20000000000000015
2160,0.7999999999999998
2161,0.7999999999999997
2162,-0.20000000000000018
2163,-0.20000000000000018
2164,-0.20000000000000018
2165,0.7999999999999998
2166,-0.20000000000000018
2167,-0.20000000000000018
2168,-0.2000000000000002
2169,0.7999999999999998
2170,-3.2000000000000006
2171,0.3540766788458304
2172,-0.8984863802260379
2173,0.16158751076345687
2174,1.2959333636415524
2175,-0.08793236220844478
2176,1.2000000757121556
2177,1.2000000757121556
2178,0.2000000757121556
2179,1.2000000757121556
2180,0.2000000757121556
2181,1.2000000757121556
2182,1.2000000757121556
2183,-2.799999924287845
2184,0.20000007571215558
2185,1.2000000757121554
2186,1.2000000757121554
2187,0.2000000757121556
2188,-1.7999999242878448
2189,0.2000000757121556
2190,-1.7999999242878448
2191,-0.7999999242878444
2192,-0.7999999242878444
2193,1.2000000757121554
2194,1.2000000757121556
2195,1.2000000757121556
2196,1.2000000757121556
2197,1.2000000757121556
2198,1.2000000757121556
2199,-0.7999999242878444
2200,0.20000007571215558
2201,0.2000000757121556
2202,-0.7999999242878444
2203,-0.7999999242878444
2204,0.2000000757121556
2205,0.2000000757121556
2206,1.2000000757121556
2207,-0.7999999242878444
2208,0.2000000757121556
2209,-0.7999999242878443
2210,1.2000000757121556
2211,-1.7999999242878446
2212,-0.7999999242878444
2213,1.2000000757121556
2214,1.2000000757121554
2215,0.2000000757121556
2216,-0.5062936499628294
2217,-0.7999999242878444
2218,-0.7999999242878443
2219,0.2000000757121556
2220,-0.7999999242878444
2221,-0.7999999242878444
2222,-1.7999999242878448
2223,1.2000000757121556
2224,1.2000000757121556
2225,-0.7999999242878444
2226,-0.7999999242878444
2227,-1.7999999242878448
2228,-1.7999999242878448
2229,1.2000000757121556
2230,1.2000000757121556
2231,0.2000000757121556
2232,0.2000000757121556
2233,0.6140497498093751
2234,0.620100745460047
2235,0.5000000096437696
2236,0.5000000096437696
2237,0.5000000096437696
2238,-0.49999999035623044
2239,-0.4999999903562305
2240,0.5000000096437696
2241,-0.4999999903562305
2242,0.5000000096437696
2243,-0.49999999035623055
2244,0.5000000096437696
2245,0.5000000096437696
2246,0.5000000096437696
2247,-0.4999999903562305
2248,0.5000000096437696
2249,-0.4999999903562305
2250,0.5000000096437696
2251,0.5000000096437696
2252,0.5000000096437696
2253,-0.4999999903562305
2254,0.5000000096437696
2255,0.5000000096437696
2256,-0.4999999903562305
2257,0.5000000096437696
2258,0.5000000096437694
2259,0.5000000096437696
2260,-0.49999999035623044
2261,0.5000000096437696
2262,0.5000000096437696
2263,-0.4999999903562305
2264,0.5000000096437696
2265,-0.4999999903562305
2266,-0.374435584973241
2267,-0.49999999035623044
2268,0.5000000096437696
2269,0.5000000096437696
2270,-0.4999999903562305
2271,0.5000000096437696
2272,-0.4999999903562305
2273,-1.4999999903562307
2274,-0.6999999951781152
2275,0.5000000096437696
2276,0.5000000096437696
2277,0.5000000096437696
2278,0.5000000096437696
2279,-1.4999999903562307
2280,0.5000000096437696
2281,0.5000000096437696
2282,0.5000000096437696
2283,0.5000000096437696
2284,0.5000000096437696
2285,-0.4999999903562305
2286,-0.4999999903562305
2287,0.5000000096437696
2288,0.5000000096437696
2289,-2.4999999903562307
2290,0.5000000096437696
2291,0.5000000096437696
2292,-0.4999999903562305
2293,-0.4999999903562305
2294,-0.49999999035623044
2295,0.5000000096437696
2296,0.5000000096437696
2297,-0.4999999903562305
2298,0.5000000096437696
2299,0.5000000096437696
2300,0.5000000096437696
2301,-0.4999999903562305
2302,0.5000000096437696
2303,-0.4999999903562305
2304,-1.4999999903562304
2305,0.5000000096437696
2306,0.5000000096437696
2307,-0.4999999903562305
2308,-0.4999999903562305
2309,-0.4999999903562305
2310,0.5000000096437696
2311,0.5000000096437696
2312,0.5000000096437697
2313,0.5000000096437696
2314,-0.12145480709497239
2315,0.33776598745422387
2316,0.8668112793282066
2317,-1.1747339430415826
2318,0.6589377647134795
2319,-0.10003392466779125
2320,-0.8312884058001079
2321,0.899999002390287
2322,0.19011329114291825
2323,-0.10000099760971304
2324,-0.10000099760971305
2325,0.8104318565828147
2326,0.80029438398845
2327,1.0430414128241707
2328,0.8072802964191004
2329,0.4556618505452605
2330,0.2879909506620493
2331,0.646176450642579
2332,-1.2370541642788733
2333,0.6577585593042526
2334,0.780799263336126
2335,1.0873307559786725
2336,-0.08272138240174524
2337,0.14625480596226856
2338,0.5240684765665163
2339,0.26054377625256764
2340,0.6584757643222157
2341,-2.20008173615699
2342,0.8954708174272202
2343,0.08172263821184443
2344,-1.076062259322522
2345,0.923937740677478
2346,0.10807631443563234
2347,-0.4099096042787529
2348,0.01223639714079414
2349,-0.8524840523842261
2350,1.3229883038290147
2351,1.3229883038290147
2352,0.4160446707104264
2353,-0.33055350810110473
2354,-0.2875876797364442
2355,-2.9012787209110726
2356,0.849044814710321
2357,0.4870424308705861
2358,-0.20475026035764518
2359,1.1425404689772467
2360,-0.6195335460757637
2361,0.7655922956073089
2362,1.2853029163013352
2363,1.285302916301335
2364,0.3018357311969345
2365,-0.699789144998233
2366,0.3036555143897569
2367,-0.20000000000000018
2368,0.8252204289849833
2369,-0.20000000000000018
2370,-0.20000000000000018
2371,-0.20000000000000018
2372,-0.20000000000000015
2373,0.7999999999999998
2374,-1.2000000000000002
2375,0.7999999999999998
2376,0.7999999999999998
2377,-0.20000000000000018
2378,-0.20000000000000018
2379,0.7999999999999998
2380,0.7999999999999998
2381,-1.2000000000000002
2382,-0.20000000000000018
2383,-2.2
2384,-0.20000000000000018
2385,0.7999999999999998
2386,0.7999999999999997
2387,0.7999999999999999
2388,-0.20000000000000018
2389,-0.20000000000000018
2390,-0.20000000000000018
2391,-0.20000000000000018
2392,-0.20000000000000018
2393,-0.20000000000000018
2394,0.7999999999999998
2395,-0.20000000000000018
2396,0.7999999999999998
2397,-0.20000000000000015
2398,0.7999999999999998
2399,-0.20000000000000018
2400,-0.20000000000000018
2401,0.7999999999999998
2402,-1.4999991172622862
2403,0.7999999999999998
2404,0.7999999999999998
2405,-0.20000000000000015
2406,0.7999999999999998
2407,0.7999999999999998
2408,0.7999999999999998
2409,-0.20000000000000018
2410,0.7999999999999998
2411,-0.20000000000000018
2412,-0.20000000000000018
2413,-1.2000000000000002
2414,0.7999999999999998
2415,0.7999999999999998
2416,-0.20000000000000018
2417,-0.20000000000000018
2418,-1.2000000000000002
2419,-0.20000000000000018
2420,-0.20000000000000018
2421,-0.20000000000000018
2422,0.7999999999999998
2423,0.7999999999999998
2424,-0.20000000000000018
2425,-0.20000000000000018
2426,0.7999999999999999
2427,-0.20000000000000018
2428,-0.20000000000000018
2429,0.7999999999999998
2430,0.7999999999999998
2431,-0.20000000000000018
2432,0.7999999999999999
2433,-0.20000000000000018
2434,0.7999999999999998
2435,0.7999999999999998
2436,-2.2
2437,-0.20000000000000018
2438,-1.2000000000000002
2439,-1.2000000000000002
2440,0.7999999999999998
2441,-0.20000000000000018
2442,0.7999999999999998
2443,-1.2000000000000002
2444,-2.2
2445,0.7999999999999998
2446,-1.05
2447,-1.2000000000000002
2448,0.7999999999999998
2449,-0.20000000000000018
2450,-0.20000000000000018
2451,0.7999999999999998
2452,0.7999999999999998
2453,0.7999999999999998
2454,-2.2
2455,-0.20000000000000018
2456,-1.2000000000000002
2457,0.7999999999999998
2458,0.7999999999999998
2459,-0.20000000000000018
2460,-0.20000000000000018
2461,0.7999999999999998
2462,-0.20000000000000018
2463,0.7999999999999998
2464,-0.20000000000000018
2465,-0.20000000000000018
2466,-0.20000000000000018
2467,-1.2000000000000002
2468,1.1860838232580546
2469,-0.4999987711324932
2470,-0.547278858977929
2471,0.5000012288675066
2472,0.5000012288675066
2473,0.5000012288675066
2474,0.49585185127414566
2475,0.5000012288675066
2476,0.5000012288675066
2477,0.5000012288675066
2478,0.5000012288675068
2479,-0.49999877113249314
2480,-0.4999987711324932
2481,-1.4999987711324927
2482,-0.49999877113249314
2483,0.5000012288675066
2484,0.5000012288675066
2485,-1.499998771132493
2486,0.5000012288675066
2487,-0.49999877113249314
2488,0.5000012288675066
2489,0.5000012288675066
2490,0.5000012288675066
2491,0.5000012288675066
2492,0.5000012288675066
2493,0.5000012288675066
2494,0.5000012288675066
2495,0.5000012288675066
2496,-1.499998771132493
2497,0.5000012288675066
2498,-1.499998771132493
2499,0.5000012288675066
2500,-0.49999877113249314
2501,-0.49999877113249314
2502,-0.49999877113249314
2503,0.5000012288675066
2504,0.5000012288675066
2505,-1.499998771132493
2506,0.5000012288675066
2507,0.5000012288675066
2508,0.5000012288675066
2509,0.5000012288675066
2510,0.5000012288675068
2511,-0.4999987711324932
2512,-0.49999877113249314
2513,-1.499998771132493
2514,0.5000012288675066
2515,0.5000012288675066
2516,0.5000012288675066
2517,-1.4999987711324927
2518,0.5000012288675066
2519,0.5000012288675066
2520,0.5000012288675066
2521,-1.499998771132493
2522,-0.4999987711324932
2523,0.5000012288675066
2524,-1.499998771132493
2525,-0.4999987711324932
2526,-0.49999877113249314
2527,0.5000012288675066
2528,0.5000012288675066
2529,0.5000012288675066
2530,0.5000012288675066
2531,-0.49999877113249314
2532,-1.3999973517868585
2533,0.6000026482131414
2534,0.6000026482131414
2535,0.6000026482131414
2536,0.5380808505275497
2537,-0.4780092512664702
2538,-1.3999973517868585
2539,0.6000026482131414
2540,-0.31945738518352085
2541,0.6000026482131414
2542,0.6000026482131414
2543,-0.3999973517868586
2544,0.6000026482131413
2545,0.6000026482131414
2546,0.6000026482131414
2547,0.6000026482131414
2548,0.6000026482131414
2549,0.6000026482131414
2550,0.6000026482131414
2551,0.6000026482131414
2552,0.6000026482131414
2553,0.6000026482131414
2554,0.6000026482131414
2555,0.6000026482131414
2556,0.6000026482131414
2557,-0.3999973517868586
2558,0.6000026482131414
2559,0.6000026482131414
2560,0.6000026482131414
2561,0.6000026482131414
2562,0.6000026482131414
2563,0.6000026482131414
2564,0.6000026482131414
2565,0.6000026482131414
2566,0.6000026482131414
2567,0.6000026482131414
2568,0.6000026482131414
2569,0.6000026482131414
2570,-0.3999973517868585
2571,0.6000026482131414
2572,0.6000026482131414
2573,0.6000026482131414
2574,0.6000026482131414
2575,-0.3999973517868586
2576,0.6000026482131414
2577,0.6000026482131414
2578,0.6000026482131414
2579,-0.3999973517868586
2580,0.6000026482131414
2581,0.6000026482131414
2582,0.6000026482131414
2583,-0.3999973517868585
2584,0.6000026482131414
2585,-0.3999973517868585
2586,0.6000026482131414
2587,-0.3999973517868586
2588,-0.1574678569240553
2589,-1.3999973517868585
2590,-1.3999973517868587
2591,0.6000026482131413
2592,-0.3999973517868586
2593,-0.3999973517868586
2594,-0.3999973517868586
2595,-1.3999973517868582
2596,0.6000026482131414
2597,0.6000026482131414
2598,-1.3999973517868585
2599,-1.3999973517868585
2600,-2.3999973517868587
2601,0.6000026482131414
2602,0.6000026482131414
2603,-2.3999973517868582
2604,-0.3999973517868585
2605,-0.3999973517868585
2606,0.6000026482131414
2607,0.6000026482131414
2608,-1.3999973517868585
2609,0.6000026482131414
2610,-0.3999973517868585
2611,-1.3999973517868585
2612,-0.3999973517868586
2613,0.6000026482131414
2614,0.6000026482131414
2615,-1.3999973517868585
2616,-0.3999973517868586
2617,-0.3999973517868586
2618,-0.39999735178685863
2619,0.6000026482131414
2620,0.6000026482131414
2621,-0.3999973517868586
2622,0.6000026482131414
2623,-1.3999973517868585
2624,0.6000026482131414
2625,-0.3999973517868586
2626,-0.3999973517868586
2627,0.6000026482131414
2628,-0.14999867589342922
2629,0.6000026482131414
2630,0.6000026482131414
2631,0.6000026482131414
2632,-0.14999867589342922
2633,-0.3999973517868586
2634,-2.3999973517868587
2635,-0.3999973517868586
2636,0.6000026482131414
2637,0.6000026482131414
2638,0.6000026482131414
2639,-0.3999973517868586
2640,0.6000026482131414
2641,0.6000026482131414
2642,-0.3999973517868586
2643,-0.3999973517868586
2644,-0.3999973517868586
2645,1.1
2646,1.1
2647,-1.9
2648,-1.7577400293984276
2649,0.10000000000000009
2650,0.10000000000000009
2651,0.10000000000000009
2652,0.10000000000000009
2653,1.1
2654,0.10000000000000009
2655,0.08325798454134468
2656,0.09487411609993417
2657,0.10000000000000009
2658,0.10000000000000007
2659,1.1000000000000003
2660,-0.8999999999999999
2661,1.1
2662,1.1
2663,-0.8999999999999999
2664,-0.8999999999999999
2665,0.10000000000000009
2666,0.10000000000000009
2667,0.10000000000000009
2668,-1.9
2669,1.1
2670,0.10000000000000009
2671,-0.8999999999999999
2672,0.10000000000000009
2673,-0.9
2674,0.10000000000000009
2675,0.10000000000000007
2676,0.10000000000000009
2677,1.1
2678,0.10000000000000009
2679,0.10000000000000007
2680,-0.8999999999999999
2681,0.10000000000000009
2682,0.10000000000000009
2683,0.10000000000000009
2684,0.10000000000000009
2685,0.10000000000000009
2686,0.10000000000000009
2687,-0.8999999999999999
2688,1.1
2689,-0.8999999999999999
2690,1.1
2691,1.1
2692,1.1000000000000003
2693,1.1
2694,0.10000000000000009
2695,-1.9000000000000001
2696,0.10000000000000009
2697,-0.8999999999999999
2698,-0.8999999999999999
2699,-0.8999999999999999
2700,0.10000000000000009
2701,1.1
2702,0.10000000000000009
2703,0.10000000000000009
2704,-0.8999999999999999
2705,1.1
2706,-0.8999999999999999
2707,1.1
2708,1.1
2709,1.1
2710,-1.9
2711,0.10000000000000009
2712,1.1
2713,0.11945521652698443
2714,0.10000000000000009
2715,-0.8999999999999999
2716,0.7239992546869035
2717,-0.0829739229539936
2718,-2.204923879567948
2719,-1.2049238795679487
2720,-0.7244375194811008
2721,-2.707723884312814
2722,-0.1000889274136014
2723,-2.1000889274136014
2724,-0.13061434786159729
2725,0.4749185087514314
2726,0.31408280935929483
2727,0.305143499566359
2728,-0.8568103927810541
2729,0.9109836066829355
2730,0.7940454585173179
2731,-0.46553910126028125
2732,0.7773275660062111
2733,-0.10032027353238958
2734,0.8647436166489545
