worker_id,task_id,label
0,3,4
0,0,2
0,7,3
0,14,4
0,20,4
0,21,2
0,298,4
0,297,2
0,25,2
0,294,3
0,293,2
0,40,2
0,41,3
0,44,4
0,272,2
0,270,4
0,60,4
0,66,4
0,70,4
0,100,3
0,199,4
0,194,4
1,0,3
1,300,5
1,60,5
1,62,4
1,67,3
1,254,3
1,244,4
1,234,3
1,93,2
1,105,5
1,158,5
1,154,5
2,0,2
2,5,5
2,6,3
2,42,3
2,45,4
2,46,4
2,60,5
2,70,3
2,254,3
2,73,3
2,74,4
2,100,3
2,152,5
3,0,3
3,5,4
3,4,4
3,308,3
3,7,4
3,9,2
3,11,5
3,12,4
3,15,4
3,304,4
3,301,4
3,20,5
3,21,4
3,298,3
3,297,3
3,295,5
3,293,4
3,28,4
3,32,4
3,33,4
3,37,4
3,38,5
3,39,5
3,40,5
3,42,4
3,43,5
3,44,4
3,49,4
3,50,3
3,51,5
3,272,4
3,54,3
3,271,4
3,270,4
3,269,3
3,56,5
3,268,4
3,58,5
3,59,4
3,60,5
3,264,5
3,61,5
3,263,5
3,262,4
3,63,5
3,64,4
3,65,4
3,261,5
3,66,3
3,260,4
3,67,3
3,258,5
3,257,5
3,70,4
3,256,4
3,254,4
3,75,4
3,251,4
3,249,4
3,246,3
3,244,5
3,240,4
3,239,4
3,238,5
3,234,3
3,85,4
3,88,5
3,89,4
3,91,3
3,92,3
3,93,3
3,94,4
3,95,4
3,100,4
3,212,3
3,211,4
3,112,3
3,193,5
4,0,5
4,4,4
4,308,5
4,5,5
4,7,5
4,8,3
4,9,5
4,11,4
4,12,5
4,14,4
4,15,5
4,16,5
4,17,4
4,18,5
4,19,5
4,301,5
4,20,5
4,299,4
4,21,5
4,24,5
4,295,5
4,25,4
4,294,5
4,30,5
4,39,4
4,40,5
4,42,3
4,44,5
4,45,5
4,54,5
4,270,4
4,60,5
4,61,5
4,62,5
4,63,4
4,261,5
4,66,5
4,67,4
4,70,5
4,71,5
4,251,5
4,249,5
4,242,4
4,239,5
4,236,4
4,88,5
4,89,5
4,91,5
4,92,4
4,93,5
4,94,4
4,95,5
4,96,5
4,97,5
4,98,4
4,100,5
4,101,4
4,102,4
4,103,5
4,106,5
4,107,4
4,108,4
4,109,5
4,114,5
4,115,5
5,0,4
5,14,4
5,304,4
5,302,5
5,300,4
5,20,3
5,21,3
5,293,5
5,60,5
5,62,4
5,63,2
5,252,5
5,236,3
5,233,4
5,86,5
5,231,5
5,88,3
5,90,5
5,94,4
5,97,4
5,105,2
6,5,4
6,4,4
6,8,3
6,15,4
6,17,4
6,19,4
6,40,5
6,261,3
6,258,5
6,70,4
6,251,4
6,246,3
6,245,4
6,239,4
6,102,4
7,0,4
7,6,4
7,7,3
7,9,3
7,11,4
7,19,4
7,300,5
7,297,5
7,293,4
7,34,5
7,36,4
7,40,3
7,46,5
7,54,5
7,66,5
7,67,4
7,70,4
7,74,4
7,78,3
7,234,3
7,90,4
7,100,5
7,102,5
7,109,4
7,113,4
7,115,4
8,0,5
8,5,3
8,306,5
8,308,4
8,307,5
8,11,5
8,13,5
8,305,5
8,304,4
8,303,5
8,302,5
8,301,4
8,300,5
8,20,4
8,21,3
8,298,5
8,297,4
8,24,5
8,295,4
8,25,5
8,294,5
8,26,5
8,293,5
8,28,5
8,30,5
8,34,5
8,36,4
8,37,4
8,38,5
8,41,5
8,50,4
8,60,5
8,66,5
8,71,3
8,233,5
8,85,5
8,232,3
8,231,5
8,89,5
8,90,4
8,222,5
8,95,5
8,217,5
8,212,5
8,211,5
8,113,5
8,199,5
8,134,5
8,138,5
8,140,2
8,142,5
8,170,5
8,143,4
8,167,5
8,166,5
8,165,5
8,163,5
8,160,4
8,159,5
8,158,5
8,154,4
8,156,1
8,157,3
9,0,2
9,4,2
9,9,2
9,15,4
9,20,5
9,21,5
9,296,4
9,49,3
9,61,4
9,62,4
9,70,5
9,71,4
9,83,3
9,85,3
9,88,4
9,92,4
9,115,3
10,0,4
10,4,5
10,7,4
10,9,5
10,11,4
10,12,5
10,15,5
10,16,4
10,17,5
10,18,4
10,290,4
10,40,4
10,41,5
10,42,4
10,277,5
10,54,5
10,270,4
10,62,5
10,262,4
10,261,5
10,67,3
10,258,5
10,70,5
10,74,4
10,251,5
10,249,5
10,246,3
10,245,5
10,239,4
10,237,4
10,236,5
10,100,4
10,101,5
10,102,5
10,106,4
10,107,5
10,109,4
10,110,4
10,114,5
10,115,4
11,0,2
11,46,4
11,57,5
11,60,5
11,64,3
11,94,3
12,0,4
12,4,2
12,5,3
12,6,2
12,9,4
12,11,3
12,15,1
12,17,3
12,300,5
12,20,4
12,21,2
12,293,4
12,40,2
12,42,5
12,45,3
12,46,3
12,275,5
12,54,5
12,270,2
12,59,3
12,60,3
12,69,5
12,70,2
12,254,2
12,245,5
12,239,4
12,236,1
12,235,5
12,86,3
12,101,2
12,102,1
12,107,3
12,108,3
12,109,5
12,202,5
12,115,2
12,154,5
13,0,4
13,270,4
13,58,5
14,1,5
14,0,4
14,7,4
14,11,3
14,40,5
14,53,4
14,62,4
15,1,4
15,2,4
15,3,2
15,0,3
15,4,2
15,6,4
15,7,3
15,8,2
15,9,2
15,12,2
15,14,2
15,15,5
15,16,3
15,17,4
15,303,2
15,302,4
15,300,5
15,296,3
15,26,5
15,28,4
15,31,4
15,45,3
15,70,2
15,245,3
15,243,3
15,236,2
15,233,4
15,231,2
15,88,2
15,92,4
15,93,2
15,100,1
15,102,3
15,105,3
15,106,3
15,114,3
15,115,4
15,119,4
16,0,3
16,298,1
16,24,5
16,50,4
16,62,2
16,232,4
16,90,3
16,91,2
16,192,5
17,0,4
17,4,2
17,7,4
17,18,4
17,293,4
17,29,3
17,283,3
17,280,4
17,39,3
17,40,4
17,42,5
17,44,3
17,46,5
17,49,5
17,51,4
17,54,3
17,56,3
17,267,4
17,58,3
17,266,5
17,60,4
17,62,2
17,66,5
17,67,5
17,258,4
17,73,3
17,251,3
17,76,4
17,250,5
17,248,5
17,78,5
17,240,5
17,82,5
17,236,4
17,86,5
17,91,3
17,100,1
17,101,3
17,102,5
17,107,4
17,211,4
17,198,4
17,193,4
17,178,4
18,1,2
18,0,4
18,7,4
18,244,5
19,3,4
19,0,4
19,6,5
19,11,5
19,14,4
19,300,5
19,21,4
19,298,4
19,296,4
19,26,5
19,27,5
19,30,4
19,37,5
19,63,4
19,66,5
19,74,4
19,233,5
19,90,5
19,92,5
19,102,5
19,113,4
19,115,4
19,138,5
19,169,5
19,167,5
19,163,5
19,160,5
19,154,4
20,0,4
20,306,5
20,4,4
20,299,5
20,26,5
20,45,4
20,70,4
20,239,4
20,102,5
21,3,4
21,0,4
21,4,4
21,5,5
21,7,4
21,9,1
21,15,4
21,18,4
21,298,3
21,40,5
21,44,3
21,45,4
21,46,5
21,275,4
21,54,5
21,268,4
21,60,5
21,62,5
21,66,5
21,77,4
21,234,3
21,88,4
21,90,5
21,92,3
21,98,4
21,101,4
21,114,3
21,154,5
22,0,5
22,7,2
22,9,4
22,11,3
22,301,4
22,20,5
22,24,4
22,294,4
22,293,5
22,27,3
22,40,4
22,66,4
22,67,2
22,70,5
22,212,5
22,135,4
22,153,3
22,154,5
23,1,3
23,0,5
23,4,4
23,9,5
23,10,5
23,11,4
23,14,4
23,300,5
23,251,4
23,100,4
23,106,5
23,109,3
24,3,4
24,0,5
24,9,4
24,12,4
24,15,5
24,17,5
24,30,4
24,70,5
24,108,5
25,0,5
25,48,5
26,0,3
26,304,4
26,21,3
26,24,4
26,293,3
26,35,3
26,40,4
26,45,3
26,233,4
26,138,4
27,3,5
27,0,4
27,308,5
27,6,5
27,7,5
27,8,5
27,9,5
27,10,5
27,11,5
27,12,5
27,13,5
27,15,4
27,16,4
27,17,4
27,18,5
27,301,5
27,20,5
27,299,5
27,23,4
27,296,5
27,24,4
27,25,5
27,293,4
27,29,5
27,44,4
27,51,5
27,57,5
27,61,5
27,64,5
27,67,4
27,69,4
27,70,4
27,236,4
27,232,4
27,231,4
27,92,4
27,96,4
27,98,5
27,99,5
27,100,4
27,103,4
27,106,4
27,109,4
27,113,5
27,152,4
27,156,4
28,3,4
28,0,2
28,4,4
28,10,3
28,12,3
28,17,4
28,40,4
28,41,4
28,44,3
28,51,4
28,52,4
28,58,4
28,59,4
28,69,4
28,70,3
28,72,4
28,73,3
28,74,3
28,76,4
28,77,3
28,248,4
28,78,4
28,245,4
28,79,2
28,82,3
28,83,4
28,100,1
28,101,3
28,105,4
28,109,3
28,110,3
28,113,3
28,114,3
28,115,3
28,117,4
28,135,4
28,145,4
28,116,2
29,0,4
29,306,5
29,11,4
29,15,3
29,300,5
29,21,4
29,294,4
29,293,5
29,30,4
29,41,4
29,70,4
29,89,5
29,120,4
29,134,4
29,138,5
29,152,4
30,0,4
30,308,5
30,307,5
30,5,4
30,13,3
30,15,5
30,301,4
30,300,5
30,20,5
30,299,5
30,297,5
30,296,3
30,293,4
30,30,5
30,45,5
30,61,5
30,251,5
30,249,5
30,246,4
30,237,5
30,85,5
30,232,4
30,89,5
30,92,5
30,95,5
30,100,4
30,105,4
30,211,5
30,192,4
30,191,5
30,138,5
30,163,5
31,1,3
31,3,3
31,60,5
31,92,4
31,98,3
31,100,4
31,106,4
31,114,4
32,1,4
32,308,4
32,4,4
32,6,3
32,12,3
32,13,4
32,14,3
32,15,4
32,19,3
32,20,2
32,24,4
32,295,5
32,293,5
32,59,5
32,60,4
32,67,3
32,69,5
32,70,4
32,71,4
32,254,4
32,73,4
32,84,4
32,109,3
33,1,4
33,13,3
33,32,3
33,35,5
33,60,5
33,188,3
33,143,4
33,146,3
33,166,5
33,156,4
34,1,3
34,3,4
34,300,4
34,203,5
35,1,4
35,17,4
35,39,4
35,101,3
36,1,3
36,3,5
36,9,1
36,14,5
36,15,5
36,247,5
36,246,3
37,1,3
37,9,3
38,1,5
38,3,4
38,4,4
38,5,3
38,6,4
38,7,3
38,9,3
38,10,4
38,14,5
38,17,2
38,18,5
38,19,4
38,21,4
38,298,4
38,25,4
38,293,4
38,32,3
38,40,3
38,42,2
38,67,5
38,232,4
38,100,5
38,101,4
38,106,3
38,108,5
38,109,3
38,110,4
38,114,4
38,115,5
39,1,3
39,3,4
39,4,5
39,5,3
39,7,4
39,8,3
39,9,4
39,11,4
39,12,5
39,15,4
39,18,4
39,302,3
39,20,5
39,299,3
39,21,3
39,23,4
39,24,4
39,294,5
39,26,5
39,293,5
39,60,4
39,61,4
39,63,4
39,67,4
39,70,5
39,71,5
39,242,4
39,85,4
39,231,4
39,89,3
39,90,4
39,92,4
39,95,5
39,100,4
40,1,3
40,3,4
40,308,4
40,6,5
40,8,4
40,11,5
40,12,4
40,13,5
40,14,3
40,15,4
40,16,2
40,305,4
40,304,5
40,18,2
40,19,3
40,303,5
40,302,5
40,301,4
40,300,4
40,299,4
40,21,5
40,297,4
40,23,5
40,24,5
40,295,5
40,25,5
40,294,4
40,26,4
40,293,4
40,27,4
40,28,3
40,30,3
40,32,5
40,34,5
40,37,5
40,50,5
40,60,3
40,70,4
40,232,3
40,231,5
40,165,4
40,163,5
40,161,4
41,1,2
41,293,5
41,45,3
41,46,4
41,86,4
41,88,3
41,105,5
42,1,1
43,1,5
43,39,5
43,60,5
43,61,1
43,85,5
43,204,3
43,191,5
44,20,4
44,39,3
44,40,5
44,45,4
44,46,5
44,52,5
44,60,5
44,67,5
44,255,5
44,252,5
44,247,4
44,236,5
44,88,4
44,104,5
44,107,5
44,115,5
45,1,4
45,3,5
45,4,4
45,9,5
45,12,5
45,291,3
45,42,3
45,46,3
45,47,5
45,48,4
45,54,5
45,259,4
45,70,3
45,72,4
45,73,4
45,74,3
45,75,4
45,76,4
45,77,2
45,80,3
45,83,4
45,109,4
45,114,4
46,1,4
46,21,4
46,263,2
46,212,2
46,205,4
46,196,4
46,194,5
47,1,4
47,3,5
47,7,5
47,9,5
47,10,5
47,17,5
47,300,4
47,20,5
47,61,3
47,115,3
48,1,3
48,3,3
48,5,5
48,4,4
48,7,4
48,8,2
48,9,4
48,11,3
48,15,3
48,304,4
48,18,3
48,20,4
48,21,3
48,45,5
48,60,5
48,61,4
48,62,3
48,63,4
48,64,3
48,75,5
48,246,3
48,240,5
48,85,2
48,86,4
48,89,5
48,92,4
48,94,4
48,95,4
48,101,4
48,200,5
48,199,4
48,196,4
48,194,3
48,193,4
48,192,5
48,191,5
48,143,2
48,154,4
49,1,2
49,18,4
49,70,4
49,77,3
50,6,3
50,26,5
50,293,4
50,60,3
50,245,5
50,233,4
50,90,2
50,102,3
51,1,4
51,9,3
52,1,3
52,20,5
52,246,3
52,242,4
52,240,5
52,239,4
52,236,5
52,235,4
52,86,4
52,93,3
52,191,5
53,1,3
53,3,3
53,4,2
53,306,3
53,11,4
53,305,3
53,21,3
53,294,2
53,50,4
53,66,4
53,70,4
53,238,2
53,92,4
53,101,4
53,135,3
53,180,3
53,138,4
53,146,2
54,1,3
54,4,3
54,7,4
54,9,5
54,10,3
54,11,4
54,12,2
54,14,4
54,15,4
54,17,3
54,18,4
54,300,4
54,20,4
54,288,4
54,38,4
54,61,5
54,63,3
54,70,3
54,71,5
54,251,4
54,77,4
54,246,3
54,244,4
54,242,4
54,85,3
54,94,3
54,221,3
54,95,4
54,100,4
54,216,3
54,102,3
54,213,2
54,212,2
54,107,4
54,208,4
54,206,4
54,203,4
54,113,4
54,201,4
54,115,4
54,197,4
54,196,4
54,194,3
54,193,4
54,135,5
54,170,3
55,1,3
55,4,4
55,9,4
55,20,5
55,295,5
55,293,5
55,27,4
55,271,4
55,259,5
55,72,4
55,73,4
55,74,4
55,95,4
55,100,5
55,102,4
55,211,5
55,115,4
55,134,4
56,1,3
56,5,4
56,308,3
56,9,4
56,15,4
56,306,3
56,305,4
56,17,4
56,303,3
56,300,5
56,299,4
56,295,5
56,25,3
56,31,4
56,32,3
56,231,4
56,113,4
56,138,5
56,139,4
56,146,4
56,165,5
56,163,5
56,151,4
57,1,4
57,5,4
57,306,4
57,308,4
57,6,4
57,9,4
57,11,3
57,13,5
57,14,4
57,17,4
57,304,5
57,18,3
57,302,4
57,300,5
57,20,4
57,299,4
57,21,5
57,297,4
57,24,5
57,294,4
57,293,5
57,29,2
57,30,3
57,60,3
57,69,4
57,71,5
57,233,5
57,231,4
57,92,4
57,96,3
57,113,5
57,116,4
58,1,3
58,4,3
58,7,4
58,9,4
58,11,3
58,14,4
58,17,5
58,303,5
58,301,5
58,300,4
58,294,3
58,30,3
58,100,4
58,135,5
59,2,4
60,2,5
60,308,4
60,13,3
60,303,5
60,293,5
60,285,5
60,35,5
60,36,5
60,66,5
60,70,4
60,83,5
60,233,5
60,232,4
61,2,5
61,3,4
61,308,2
61,306,5
61,5,5
61,6,5
61,9,3
61,12,4
61,14,3
61,305,2
61,17,4
61,18,5
61,19,3
61,300,4
61,21,5
61,24,4
61,295,4
61,293,5
61,29,5
61,30,4
61,52,3
61,66,3
61,67,2
61,71,4
61,246,4
61,245,2
61,242,1
61,238,5
61,233,5
61,232,1
61,231,5
61,94,4
61,97,2
61,105,3
61,106,4
61,109,3
61,110,1
61,135,4
61,176,5
62,2,5
62,6,5
62,75,3
62,249,4
62,77,3
62,142,4
63,2,5
63,6,4
63,13,3
63,300,2
63,270,5
64,2,3
64,307,4
64,11,3
64,35,5
64,40,5
64,49,3
64,51,4
64,119,5
64,160,4
65,2,5
65,3,2
65,4,5
65,6,4
65,7,3
65,9,4
65,11,3
65,304,4
65,300,4
65,20,5
65,21,5
65,293,5
65,39,3
65,40,4
65,41,4
65,42,3
65,44,4
65,45,4
65,46,5
65,47,5
65,48,5
65,51,4
65,52,4
65,55,4
65,56,4
65,268,4
65,58,4
65,266,3
65,60,5
65,263,4
65,62,4
65,66,5
65,259,5
65,68,5
65,70,4
65,255,4
65,72,4
65,254,3
65,73,5
65,239,4
65,236,4
65,86,5
65,89,5
65,100,4
65,102,4
65,205,4
65,114,4
65,191,4
66,2,4
66,9,5
66,66,5
66,231,3
67,2,3
67,21,4
67,24,3
67,295,5
67,277,4
67,275,3
67,57,2
67,268,4
67,60,3
67,245,5
67,206,4
67,154,5
68,2,4
68,308,4
68,299,4
68,23,4
68,297,2
68,294,4
68,29,4
68,34,2
68,36,3
68,37,5
68,50,4
68,71,4
68,231,5
68,92,4
69,2,5
69,273,4
69,183,5
69,150,5
70,2,4
70,307,5
70,34,5
70,50,4
71,2,4
71,23,3
71,27,5
72,2,4
73,2,4
73,6,3
73,16,4
73,54,5
73,57,5
73,102,4
73,106,4
73,109,4
73,113,5
73,196,4
73,126,4
73,127,5
73,131,4
73,138,3
74,2,3
75,2,3
75,20,4
75,21,3
75,24,3
75,28,4
75,38,3
75,41,3
75,61,2
75,183,4
75,156,3
76,2,5
76,5,4
76,7,5
76,9,5
76,11,5
76,12,5
76,14,3
76,15,5
76,17,5
76,18,4
76,295,5
76,294,3
76,27,5
76,30,5
76,63,4
76,70,5
76,238,5
76,92,5
76,118,4
76,180,4
77,39,5
77,242,4
77,107,4
78,2,3
78,3,4
78,4,3
78,6,4
78,308,2
78,8,2
78,9,5
78,11,3
78,12,2
78,13,4
78,14,2
78,15,4
78,17,4
78,299,3
78,24,2
78,294,3
78,27,5
78,30,4
78,31,3
78,32,4
78,45,2
78,50,5
78,52,4
78,60,2
78,70,5
78,71,5
78,238,4
78,231,4
78,92,4
78,100,2
78,102,2
78,106,4
78,115,4
78,135,5
78,163,5
79,2,2
79,262,3
80,2,5
81,2,5
81,308,3
81,306,5
81,12,3
81,300,5
81,24,5
81,294,5
81,31,4
81,59,4
81,233,5
81,231,5
81,89,5
81,90,4
81,92,5
81,95,4
81,100,3
82,2,4
82,105,4
83,2,5
83,4,4
83,6,4
83,7,4
83,299,5
83,294,4
83,41,5
83,42,4
83,43,4
83,46,5
83,59,4
83,60,5
83,62,3
83,69,4
83,70,4
83,73,5
83,75,4
83,231,5
83,95,5
83,100,4
83,103,4
84,2,5
84,3,4
84,5,5
84,7,4
84,15,4
84,17,4
84,303,5
84,21,5
84,28,5
84,66,5
85,2,5
85,308,5
85,4,3
85,13,5
85,15,5
85,305,5
85,300,4
85,298,4
85,297,2
85,24,5
85,295,3
85,25,4
85,293,4
85,28,4
85,31,3
85,34,4
85,35,5
85,36,5
85,50,5
85,66,5
85,233,5
85,220,5
85,218,5
85,211,5
85,165,5
86,2,4
86,3,5
86,4,4
86,6,5
86,7,5
86,8,4
86,10,5
86,11,4
86,12,5
86,14,4
86,15,5
86,16,4
86,17,5
86,18,4
86,19,5
86,301,5
86,300,3
86,20,4
86,21,5
86,296,5
86,294,4
86,293,5
86,30,5
86,34,4
86,41,5
86,51,5
86,60,5
86,70,5
86,251,4
86,92,5
86,95,5
86,100,5
86,101,4
86,106,4
86,108,5
86,109,4
86,115,5
86,135,5
86,156,5
87,2,4
87,3,3
87,4,5
87,15,4
87,300,4
87,24,4
87,36,3
87,66,5
87,70,4
87,71,4
87,100,2
87,108,3
87,113,4
87,116,4
88,2,4
88,305,4
88,303,5
88,34,5
88,66,4
88,189,5
88,186,3
88,180,5
88,175,5
89,3,3
89,5,4
89,96,3
89,213,3
89,192,4
90,3,3
90,308,5
90,305,5
90,303,4
90,294,3
90,30,4
90,32,3
90,50,5
90,233,5
90,231,5
90,113,3
90,138,5
90,165,5
91,3,4
91,20,5
91,293,5
91,28,1
91,39,2
91,40,5
91,51,1
91,62,3
91,255,1
91,252,5
91,240,2
91,90,1
91,93,1
91,192,4
92,3,4
92,64,4
92,159,4
93,3,2
93,252,5
93,95,5
94,3,4
94,4,3
94,5,4
94,7,4
94,8,4
94,17,4
94,18,4
94,301,5
94,20,5
94,21,5
94,24,4
94,26,5
94,60,5
94,63,5
94,236,4
94,90,4
94,92,5
94,93,5
94,95,5
94,96,4
94,98,3
94,100,4
94,154,5
94,156,5
95,3,3
95,4,4
95,6,4
95,7,3
95,11,4
95,12,3
95,15,4
95,305,4
95,17,4
95,302,4
95,301,5
95,20,3
95,296,4
95,295,5
95,294,5
95,27,4
95,60,4
95,61,2
95,62,3
95,71,4
95,89,4
95,92,4
95,157,4
96,4,2
96,17,2
96,34,4
96,74,4
96,98,4
97,5,3
97,12,1
97,16,2
97,18,4
97,300,5
97,294,2
97,61,4
97,63,2
97,245,5
97,83,4
97,235,5
97,86,3
97,89,5
97,92,4
97,213,1
97,106,5
97,107,3
97,109,4
97,113,5
97,202,5
97,114,4
97,200,5
97,191,5
97,157,5
98,5,5
98,6,4
98,7,4
98,11,4
98,14,4
98,15,4
98,305,5
98,303,5
98,302,5
98,301,4
98,20,4
98,21,5
98,297,5
98,23,5
98,295,5
98,294,5
98,293,5
98,28,3
98,30,5
98,31,4
98,34,5
98,52,5
98,262,4
98,67,4
98,113,5
99,5,3
99,22,5
99,238,5
100,5,5
100,8,4
100,267,3
100,100,4
100,125,4
101,308,5
101,5,3
101,7,2
101,11,2
101,12,2
101,13,3
101,304,5
101,302,4
101,300,4
101,21,5
101,297,4
101,294,1
101,293,5
101,34,5
101,35,5
101,66,5
101,100,3
101,113,4
101,115,4
101,170,5
102,5,3
102,21,5
102,293,5
102,32,5
102,35,4
102,40,3
102,42,4
102,44,2
102,45,5
102,46,5
102,51,5
102,52,5
102,55,5
102,60,4
102,66,5
102,258,4
102,254,5
102,83,3
102,236,3
102,86,5
102,100,1
102,102,3
102,105,5
102,107,4
102,211,5
102,134,4
102,172,3
103,5,5
103,7,4
103,8,4
103,11,4
103,12,5
103,295,5
103,30,5
104,5,5
104,17,4
105,5,4
105,6,4
105,308,4
105,8,2
105,11,4
105,12,2
105,14,2
105,15,3
105,17,4
105,18,4
105,19,3
105,302,5
105,300,4
105,20,4
105,299,5
105,21,5
105,24,3
105,295,5
105,294,4
105,293,4
105,30,4
105,63,2
105,254,4
105,251,4
105,249,4
105,246,3
105,245,5
105,237,3
105,234,3
105,231,5
105,92,4
105,105,4
105,115,3
105,127,4
105,129,4
105,135,3
106,5,4
106,11,4
106,12,3
106,13,3
106,16,4
106,19,4
106,20,4
106,21,5
106,297,4
106,24,4
106,26,5
106,31,3
106,60,5
106,61,4
106,62,4
106,262,4
106,63,3
106,245,4
106,233,4
106,85,4
106,86,3
106,88,3
106,89,5
106,92,4
106,93,2
106,98,5
106,107,3
107,308,4
107,5,4
107,10,4
107,303,5
107,302,4
107,301,4
107,21,5
107,30,5
107,61,5
107,263,4
107,63,4
107,64,4
107,261,4
107,85,3
107,89,4
107,92,4
107,95,3
108,5,3
108,10,4
108,12,3
108,15,4
108,17,4
108,19,3
108,61,3
108,67,3
108,238,5
108,92,5
109,6,2
109,54,4
109,195,3
110,6,5
110,15,4
110,46,3
110,67,4
110,86,4
110,231,4
110,216,4
110,107,3
110,210,4
110,113,4
110,172,4
110,154,5
111,6,5
111,301,3
111,24,5
111,294,5
111,62,5
111,63,5
111,181,5
111,161,5
112,6,3
112,308,5
112,7,3
112,12,2
112,13,5
112,14,2
112,301,2
112,299,5
112,297,3
112,23,4
112,295,3
112,294,5
112,30,4
112,45,4
112,231,5
112,92,4
112,106,5
112,135,3
113,308,4
113,6,4
113,305,3
113,18,4
113,19,3
113,302,3
113,298,4
113,34,4
113,35,4
113,66,4
113,69,3
113,74,3
113,245,3
113,84,4
113,232,4
113,90,3
113,100,2
113,102,4
113,109,2
113,110,3
113,115,2
113,118,3
113,170,4
114,6,2
114,8,2
114,12,2
114,305,2
114,302,5
114,24,2
114,31,3
114,32,2
114,71,5
114,238,4
114,231,4
114,89,5
114,92,5
114,100,1
114,118,4
114,135,5
114,138,4
115,6,3
115,7,4
115,8,3
115,10,2
115,12,3
115,17,4
115,18,4
115,19,3
115,294,3
115,30,4
115,71,5
115,231,5
115,89,4
115,92,4
115,95,4
115,106,4
116,6,5
116,308,5
116,10,2
116,18,4
116,19,3
116,302,5
116,300,5
116,20,3
116,23,4
116,25,5
116,26,5
116,30,4
116,34,5
116,262,4
116,71,4
116,233,5
116,89,4
116,115,5
116,138,5
117,8,3
117,245,5
118,24,4
118,232,3
118,164,3
119,8,3
119,301,4
119,20,3
119,23,3
119,296,4
119,294,2
119,29,3
119,30,3
119,43,1
119,48,3
119,58,3
119,259,4
119,231,3
120,8,3
120,12,4
121,8,5
121,12,5
121,13,5
121,14,5
121,17,5
121,19,5
121,300,5
121,84,5
121,101,5
121,102,4
121,113,5
121,115,5
121,116,4
122,8,3
122,301,4
123,8,3
123,303,3
123,298,5
123,40,5
123,41,4
123,42,2
123,46,5
123,275,5
123,50,2
123,260,4
123,254,2
123,247,3
123,78,3
123,245,5
123,243,5
123,235,3
123,90,3
123,96,3
123,104,5
123,105,3
123,106,3
123,191,5
123,152,4
123,154,5
124,8,4
124,10,3
124,12,4
124,13,4
124,14,4
124,17,4
124,18,4
124,301,4
124,296,5
124,294,4
124,30,4
124,40,4
124,41,3
124,44,4
124,52,4
124,61,4
124,63,5
124,64,4
124,66,4
124,69,4
124,71,4
124,251,4
124,246,3
124,245,4
124,239,3
124,234,4
124,85,4
124,89,4
124,92,4
124,97,4
124,101,4
124,106,5
124,109,4
124,191,4
124,135,4
125,308,2
125,8,3
125,10,3
125,13,4
125,18,4
125,302,4
125,24,5
125,30,4
125,38,5
125,45,4
125,63,2
125,231,5
125,89,4
125,92,5
125,97,2
126,8,3
126,297,2
126,296,4
126,294,3
126,32,4
126,45,2
126,56,4
126,66,3
126,71,4
126,231,4
127,8,4
127,41,5
127,57,4
127,61,5
127,62,3
127,74,4
127,245,4
127,85,2
127,95,3
127,97,4
127,135,5
128,8,3
128,10,4
128,16,4
128,18,4
128,46,4
128,63,3
128,111,3
128,115,4
129,8,3
129,14,4
129,18,4
129,300,4
129,294,5
129,251,3
129,246,3
129,236,4
129,102,4
129,106,5
129,211,5
129,111,4
129,114,5
130,8,4
130,19,4
130,302,5
130,301,5
130,297,5
130,23,5
130,294,5
130,30,5
130,32,5
130,40,5
130,63,5
130,86,5
130,95,5
130,168,5
131,8,4
131,18,1
131,19,2
131,44,2
131,275,2
131,253,3
131,250,4
131,249,2
131,247,4
131,243,5
131,104,3
132,8,5
133,10,4
133,42,5
133,257,5
133,85,3
134,10,5
135,10,5
135,41,2
136,10,2
136,303,4
136,31,3
136,39,3
136,44,3
136,51,2
136,54,3
136,61,3
136,258,3
136,253,2
136,252,2
136,248,1
136,247,2
136,243,3
136,240,2
136,235,4
136,232,3
136,87,3
136,89,4
136,102,4
137,10,4
137,39,2
137,56,3
137,61,3
137,62,3
137,64,3
137,65,3
137,256,4
137,85,3
137,88,3
137,89,4
138,10,5
138,17,2
138,18,3
138,61,4
138,261,4
138,239,4
138,115,5
139,10,5
139,18,4
139,301,5
139,28,3
139,37,3
139,59,2
139,71,5
139,240,4
140,306,5
140,308,5
140,10,4
140,16,3
140,305,5
140,18,4
140,301,4
140,297,4
140,24,3
140,295,5
140,25,4
140,26,5
140,27,4
140,30,4
140,32,4
140,41,4
140,45,4
140,54,4
140,258,4
140,74,4
140,78,3
140,236,4
140,89,5
140,90,3
140,102,5
140,106,4
140,107,4
140,108,4
140,109,3
140,111,3
140,113,4
140,114,5
140,115,3
141,10,4
141,295,5
141,28,1
141,30,4
141,32,2
141,33,3
141,37,3
141,40,5
141,44,4
141,45,5
141,267,4
141,266,4
141,258,2
141,79,4
141,208,2
141,197,4
141,194,5
141,156,3
142,10,5
142,46,5
142,52,5
142,270,3
142,266,5
142,264,4
142,63,3
142,64,1
142,65,4
142,258,5
142,256,3
142,255,4
142,250,3
142,248,3
142,240,4
142,86,2
142,89,4
142,93,1
142,202,5
142,118,5
142,192,5
142,191,5
143,10,5
143,135,5
144,302,5
144,22,4
144,85,3
144,88,5
144,95,5
145,10,5
145,83,3
145,113,4
146,306,1
146,10,3
146,303,2
146,40,2
146,51,3
146,52,1
146,58,5
146,61,2
146,113,3
146,114,1
146,115,2
147,10,5
147,297,3
147,295,2
147,290,4
147,270,4
147,250,5
147,239,4
148,306,5
148,10,3
148,13,4
148,18,3
148,299,5
148,24,5
148,25,4
148,27,4
148,29,4
148,30,4
148,32,4
148,37,5
148,50,5
148,54,4
148,67,4
148,224,5
148,102,4
148,115,4
148,180,4
149,308,5
149,10,5
149,25,5
149,40,5
149,80,5
149,184,5
149,182,3
149,162,4
149,155,5
150,306,4
150,13,4
150,297,4
150,26,4
150,27,5
150,31,4
150,32,4
150,63,2
150,98,2
150,101,5
150,133,4
150,135,4
150,181,4
151,13,4
151,303,3
151,298,4
151,28,3
151,31,3
151,35,2
151,36,5
151,69,4
151,233,3
151,110,3
151,172,4
152,308,4
152,13,4
152,305,4
152,303,4
152,297,4
152,295,4
152,25,4
152,29,3
152,34,3
152,35,3
152,38,3
152,40,5
152,50,4
152,51,3
152,53,4
152,66,4
152,69,4
152,71,4
152,233,2
152,232,2
152,189,4
152,186,4
152,180,4
152,138,4
152,175,4
152,174,4
152,145,4
152,146,4
153,308,5
153,13,4
153,28,5
153,32,4
153,83,4
153,233,5
153,232,4
153,231,4
153,102,5
153,105,4
153,109,3
153,115,4
153,139,5
154,306,5
154,13,4
154,14,3
154,301,5
154,30,4
154,31,4
154,61,3
154,63,4
155,308,4
155,13,4
155,305,5
155,297,4
155,23,4
155,24,4
155,295,5
155,30,4
155,37,3
155,138,5
156,13,4
156,42,2
156,251,4
156,104,4
156,182,4
157,13,4
157,304,4
157,301,5
157,296,5
157,24,5
157,61,5
157,62,5
157,63,4
157,64,4
157,85,4
157,88,4
157,89,4
157,93,2
157,94,4
157,97,3
158,13,5
158,303,5
158,23,4
158,295,5
158,66,5
158,77,2
158,231,5
158,113,5
158,115,2
158,199,5
159,13,4
160,306,4
160,13,5
160,297,2
160,24,3
160,28,5
160,31,3
160,35,5
160,37,4
160,41,5
160,57,3
160,69,2
160,73,4
160,80,3
160,83,4
160,183,5
160,180,5
160,175,5
160,142,5
160,145,3
160,147,4
160,116,3
161,308,5
161,306,5
161,13,4
161,305,5
161,297,4
161,34,5
161,36,4
161,37,4
161,69,5
161,224,5
161,219,5
161,141,5
162,14,4
162,298,2
162,40,5
162,52,3
162,61,1
162,261,5
162,68,2
162,257,1
162,254,3
162,251,3
162,250,3
162,248,2
162,236,3
162,234,2
162,86,2
162,90,2
162,97,1
162,102,2
162,212,5
162,113,3
162,172,3
163,14,4
163,299,4
163,24,3
163,295,4
163,27,4
163,32,4
163,63,4
163,71,4
163,77,3
163,83,4
163,238,4
163,231,5
163,95,4
163,106,4
163,135,5
164,14,3
164,299,4
164,297,5
164,295,4
164,34,5
165,14,5
165,19,3
165,301,5
165,71,3
165,106,4
165,111,3
165,115,3
166,14,4
166,305,4
166,296,4
166,41,5
167,14,3
167,38,4
167,103,3
168,16,4
168,39,1
168,40,5
168,261,3
168,240,5
168,104,4
168,117,5
168,198,5
169,16,4
169,36,4
169,52,2
169,69,5
169,74,4
169,231,4
169,102,4
169,105,5
169,109,3
169,113,4
170,16,5
170,27,5
170,41,5
170,72,5
170,74,4
170,102,5
170,115,4
170,116,5
171,307,4
171,16,5
171,302,4
171,299,4
171,298,5
171,23,5
171,25,4
171,32,5
171,38,5
171,40,5
171,41,4
171,46,4
171,49,4
171,50,3
171,57,5
171,66,5
171,67,3
171,69,4
171,71,4
171,231,4
171,218,5
171,217,4
171,105,4
171,211,5
171,110,4
171,204,5
171,113,5
171,199,5
171,121,4
171,197,3
172,16,3
173,16,5
173,74,2
173,140,4
174,16,4
175,16,5
175,109,2
175,114,4
176,16,4
176,63,5
176,234,4
176,89,4
177,302,4
177,66,2
177,94,4
178,16,4
178,22,5
178,26,5
178,31,5
178,61,5
178,245,5
178,97,4
179,16,4
179,306,5
179,304,5
179,301,4
179,295,5
179,26,4
179,285,5
179,283,5
179,38,4
179,40,5
179,277,5
179,45,5
179,46,5
179,275,4
179,51,5
179,52,4
179,53,4
179,266,4
179,66,4
179,69,4
179,255,4
179,77,4
179,240,5
179,89,4
179,95,5
179,105,4
179,211,5
179,114,3
179,126,4
179,134,5
179,181,5
179,138,5
179,142,5
179,166,4
179,151,4
179,160,5
179,157,5
180,16,5
180,248,3
180,240,5
180,90,5
181,16,4
181,301,3
181,74,3
181,251,4
181,245,4
181,83,4
181,236,3
181,90,3
181,94,4
181,98,4
181,102,5
181,106,5
181,109,4
181,111,4
181,113,3
182,16,3
182,109,4
183,16,2
183,39,4
183,58,3
183,62,5
183,63,5
183,88,5
183,89,5
183,102,5
183,106,4
183,195,3
183,192,4
183,191,5
184,16,4
184,102,3
184,107,3
184,193,4
185,308,5
185,16,2
185,306,4
185,305,4
185,302,5
185,301,4
185,297,4
185,26,5
185,41,5
185,270,3
185,62,5
185,262,2
185,260,5
185,254,4
185,250,3
185,244,5
185,240,5
185,235,3
185,85,5
185,232,3
185,231,5
185,89,5
185,124,5
185,160,5
186,16,4
186,296,4
187,42,1
187,46,5
187,54,3
187,269,4
187,263,5
187,261,4
187,257,3
187,254,2
187,74,5
187,248,2
187,246,3
187,102,4
187,113,4
187,114,3
188,16,5
188,23,5
188,29,4
188,32,5
188,37,5
188,81,5
188,238,5
188,232,4
188,135,5
188,171,4
188,146,4
189,19,4
189,35,4
189,233,3
189,105,4
189,115,4
190,19,3
190,130,4
191,19,5
191,37,5
191,41,5
191,49,5
191,58,5
191,69,4
191,72,5
191,246,4
191,113,5
191,116,5
192,19,5
192,303,5
192,302,5
192,31,4
192,32,4
192,36,1
192,39,4
192,41,4
192,50,2
192,52,1
192,267,4
192,59,5
192,64,3
192,68,1
192,257,5
192,256,2
192,255,3
192,72,3
192,246,3
192,242,1
192,234,3
192,231,3
192,89,4
192,101,4
192,114,1
192,135,3
193,305,4
193,19,3
193,301,5
193,299,3
193,297,4
193,105,3
193,108,3
193,118,4
193,143,4
194,19,3
194,302,5
194,240,4
194,95,3
194,105,5
194,138,5
195,19,2
195,245,5
195,107,4
195,186,4
195,135,5
195,175,4
195,156,4
196,276,5
196,62,5
196,191,5
196,168,5
197,19,4
197,297,3
197,44,5
197,45,4
197,46,3
197,48,5
197,51,5
197,52,4
197,53,5
197,54,5
197,55,4
197,268,3
197,58,5
197,66,5
197,67,4
197,68,5
197,258,4
197,69,5
197,73,4
197,74,4
197,76,3
197,249,4
197,77,3
197,247,4
197,245,5
197,243,5
197,82,4
197,236,5
197,90,3
197,95,5
197,98,4
197,101,3
197,105,3
197,206,4
197,205,5
197,204,5
197,201,5
197,199,5
197,198,4
197,181,5
198,306,5
198,304,4
198,19,4
198,303,5
198,302,4
198,299,4
198,297,4
198,295,4
198,26,4
198,31,5
198,35,5
198,66,4
198,71,5
198,240,5
198,233,4
198,232,4
198,90,3
198,105,3
198,113,2
198,135,3
198,138,4
198,168,3
198,160,4
199,19,3
199,301,4
199,296,5
199,25,3
199,29,5
199,32,4
199,252,3
199,247,3
199,246,3
199,79,3
199,113,3
199,194,3
200,19,4
200,45,5
200,67,4
200,255,5
200,101,4
200,104,3
200,114,4
200,170,5
200,167,4
201,19,3
201,25,4
201,80,4
202,299,5
202,22,4
202,295,3
202,39,4
202,42,1
202,43,5
202,44,5
202,46,5
202,50,3
202,53,5
202,272,1
202,271,5
202,270,3
202,56,5
202,268,2
202,58,5
202,59,5
202,259,4
202,68,5
202,258,4
202,71,2
202,72,5
202,254,2
202,74,3
202,78,4
202,239,2
202,106,5
202,114,5
203,305,5
203,22,4
203,46,5
203,80,2
204,61,4
205,22,3
205,23,3
205,295,4
205,61,5
205,71,5
205,75,3
205,211,4
205,117,4
205,163,5
205,154,5
206,22,5
206,39,5
206,62,4
206,65,5
206,91,5
206,135,5
207,301,4
207,22,5
207,25,5
207,36,3
207,39,3
207,41,4
207,109,5
207,111,3
207,113,4
207,135,4
207,152,5
208,22,5
208,29,5
208,79,5
208,234,5
209,305,5
209,22,5
209,234,4
210,22,4
210,39,5
210,43,3
210,44,5
210,267,4
210,62,5
210,63,2
210,65,5
210,261,5
210,256,5
210,254,5
210,88,5
210,91,5
211,22,5
211,41,4
211,103,4
211,186,4
212,22,4
213,22,4
213,23,4
213,41,5
213,74,4
213,103,4
214,306,3
214,302,3
214,22,2
214,36,2
214,50,5
214,232,4
214,89,4
214,138,5
215,22,5
215,32,5
216,39,3
216,44,2
216,45,5
216,46,4
216,47,2
216,51,4
216,53,2
216,54,4
216,269,4
216,56,2
216,268,2
216,261,4
216,258,3
216,72,3
216,254,3
216,73,5
216,74,3
216,252,3
216,76,2
216,248,5
216,247,2
216,78,2
216,245,4
216,243,4
216,240,5
216,239,3
216,234,2
216,86,5
216,101,5
216,105,2
216,107,4
216,111,4
216,114,4
217,22,2
217,213,2
217,168,4
218,22,5
218,29,5
218,33,4
218,151,4
219,304,5
219,22,4
219,297,5
219,42,3
219,105,4
219,142,5
219,147,5
220,304,4
220,22,3
220,32,4
220,39,5
220,56,3
220,62,3
220,65,4
220,261,4
220,245,5
220,85,4
220,86,5
220,88,5
220,89,3
220,90,4
220,91,4
220,97,4
220,101,3
221,22,1
221,49,2
221,192,2
222,22,5
222,296,4
223,91,5
224,22,3
224,83,2
224,150,2
225,22,4
225,41,5
225,106,4
226,22,3
226,272,5
226,54,5
226,266,4
226,67,4
226,104,5
226,109,4
227,307,5
227,306,4
227,304,4
227,302,5
227,299,3
227,22,4
227,297,5
227,23,5
227,296,3
227,295,5
227,25,4
227,26,5
227,27,5
227,29,4
227,288,4
227,31,4
227,32,4
227,37,4
227,280,3
227,277,3
227,44,5
227,45,5
227,276,4
227,46,3
227,275,4
227,49,3
227,50,4
227,51,4
227,52,4
227,271,5
227,55,4
227,268,4
227,267,4
227,266,4
227,63,5
227,261,4
227,257,4
227,71,4
227,255,4
227,253,4
227,252,4
227,250,4
227,249,5
227,247,4
227,245,5
227,244,5
227,243,4
227,81,4
227,240,5
227,239,4
227,236,4
227,234,4
227,233,4
227,232,3
227,86,5
227,88,5
227,90,4
227,91,4
227,93,5
227,221,3
227,95,5
227,96,5
227,98,5
227,101,4
227,216,5
227,213,5
227,106,4
227,107,4
227,211,5
227,205,5
227,113,4
227,201,3
227,114,4
227,118,4
227,199,5
227,198,4
227,123,3
227,196,3
227,194,4
227,192,4
227,138,4
227,171,4
227,165,4
227,150,4
227,163,4
227,162,5
227,160,4
227,159,3
227,158,4
227,157,4
228,22,4
228,41,3
229,22,4
229,25,3
229,29,4
230,299,5
230,22,4
230,95,5
230,138,4
231,22,5
231,23,5
231,36,3
231,238,5
231,180,3
232,303,5
232,299,5
232,296,5
232,31,5
232,71,3
233,42,1
233,256,2
233,250,5
233,235,4
233,191,5
233,154,5
234,23,5
234,62,4
234,63,4
234,254,4
234,239,3
234,90,4
234,97,4
235,306,5
235,305,5
235,303,5
235,298,2
235,23,5
235,295,4
235,25,5
235,26,5
235,27,5
235,32,4
235,37,4
235,38,5
235,50,5
235,238,4
236,305,5
236,23,5
236,296,4
236,44,5
236,63,5
236,249,5
236,77,4
236,85,5
236,88,5
236,97,4
236,98,4
237,23,5
238,23,4
238,71,4
238,106,3
239,306,3
239,23,5
239,296,4
239,31,4
239,32,4
239,33,4
239,43,5
239,61,5
239,64,4
239,238,5
239,90,5
239,95,5
239,106,5
239,207,4
239,201,3
239,191,5
240,303,3
240,23,4
240,26,3
240,32,2
240,278,3
240,47,4
240,57,2
240,61,4
240,62,3
240,74,2
240,238,5
240,106,3
240,107,4
240,121,4
241,64,1
241,85,1
241,88,4
241,91,5
241,93,1
241,94,4
241,96,5
241,154,5
242,23,4
243,23,4
243,25,3
244,23,4
244,296,4
244,275,5
244,238,5
244,95,4
244,165,4
245,23,5
246,23,5
246,88,5
247,25,5
247,288,4
247,283,3
247,277,4
247,44,5
247,46,4
247,251,4
247,248,5
247,243,5
247,238,5
247,86,5
247,91,4
247,107,4
247,209,4
247,196,5
248,305,5
248,25,4
248,27,5
248,285,5
248,37,5
248,41,5
248,273,3
248,54,5
248,57,5
248,232,4
248,186,4
248,138,4
248,174,4
248,161,4
248,160,5
249,307,4
249,305,5
249,303,5
249,299,4
249,25,5
249,26,4
249,27,5
249,38,5
249,50,5
249,138,5
250,44,5
250,54,5
250,270,5
250,268,5
250,267,3
250,261,3
250,258,5
250,254,4
250,251,4
250,246,3
250,239,4
250,211,5
250,154,5
251,299,5
251,25,5
251,27,5
251,31,5
251,285,5
251,233,5
251,141,5
251,161,5
252,297,3
252,25,4
252,39,4
252,251,4
253,306,5
253,305,5
253,303,5
253,299,4
253,25,4
253,27,5
253,50,4
253,138,5
253,163,5
253,159,4
254,25,5
254,39,5
254,44,4
254,46,5
254,272,3
254,270,4
254,267,4
254,262,5
254,257,3
254,239,5
254,101,5
255,25,5
255,53,5
255,67,5
255,74,2
255,238,5
255,236,4
255,101,5
255,108,4
255,109,4
255,110,2
256,25,5
256,26,5
256,288,5
257,305,5
257,298,3
257,26,4
257,28,5
257,35,3
257,255,3
257,233,2
257,118,4
257,138,5
258,26,5
259,26,4
259,74,3
259,238,3
260,26,4
260,48,5
260,101,4
261,26,3
262,306,3
262,26,5
262,44,3
262,67,4
262,239,4
262,105,3
262,171,4
263,26,5
263,63,4
263,77,4
264,26,2
264,233,3
265,26,5
265,46,5
265,48,2
265,266,5
265,74,4
265,245,4
265,238,5
265,107,4
265,211,5
265,196,5
265,134,5
266,299,5
266,27,4
267,27,3
267,32,3
267,44,3
268,27,4
269,27,5
270,305,4
270,302,4
270,27,4
270,36,3
271,303,4
271,27,3
271,28,2
271,106,5
272,27,5
272,41,4
272,71,3
272,138,5
273,305,5
273,299,5
273,27,5
273,84,5
273,85,5
273,95,5
274,27,5
274,29,5
275,299,4
275,27,4
275,29,4
276,306,5
276,302,4
276,27,5
276,29,5
276,39,5
276,41,5
276,272,3
276,263,5
276,256,5
276,71,5
276,240,5
276,238,5
277,303,5
277,298,5
277,28,5
277,31,4
277,35,5
277,36,2
277,50,5
277,233,4
277,232,5
277,105,4
278,305,5
278,298,4
278,28,5
278,69,4
278,233,5
279,28,4
280,42,5
280,254,3
280,218,4
280,105,5
280,210,4
280,191,5
281,298,4
281,28,5
281,31,3
281,35,3
281,36,3
281,69,4
281,233,4
281,90,3
281,105,4
282,303,3
282,28,5
282,45,4
282,138,5
282,168,4
283,298,2
283,28,5
283,41,2
283,72,3
283,73,5
283,225,5
283,217,4
283,172,3
284,28,4
284,191,3
284,154,5
285,28,5
285,105,5
285,135,4
286,28,5
286,35,2
286,233,5
286,191,4
287,298,5
287,28,5
287,135,3
288,303,4
288,298,3
288,28,4
288,35,4
288,233,4
288,232,2
289,28,5
289,46,4
289,48,4
289,59,4
289,73,3
289,212,2
290,307,4
290,28,5
290,276,4
290,265,5
290,101,3
290,205,4
291,28,5
291,236,5
291,212,4
291,191,5
292,29,3
292,154,5
293,29,5
293,32,4
294,29,3
294,272,2
294,270,4
294,264,5
294,243,4
294,86,5
295,306,4
295,29,4
295,31,5
295,240,5
295,97,4
295,135,4
295,156,4
296,29,4
297,304,4
297,29,4
297,64,4
297,98,2
297,159,3
297,157,4
298,302,4
298,296,5
298,29,4
298,62,5
298,64,3
298,249,4
298,88,5
298,94,5
298,95,5
299,296,5
299,29,5
299,111,4
299,135,5
300,29,2
300,55,4
300,255,4
300,238,4
300,162,5
301,29,3
301,35,4
301,36,4
301,62,2
301,69,4
301,249,3
301,235,3
301,86,3
301,222,4
301,94,2
301,95,4
301,97,3
301,105,4
301,117,4
301,200,3
301,193,3
301,191,5
302,29,4
303,302,3
303,299,5
303,29,4
303,285,5
303,39,4
303,42,3
303,277,4
303,44,3
303,46,4
303,275,3
303,47,4
303,49,5
303,50,4
303,53,3
303,54,4
303,58,5
303,263,3
303,67,3
303,259,4
303,69,4
303,255,2
303,254,3
303,73,3
303,251,4
303,78,4
303,246,2
303,242,3
303,234,4
303,101,3
303,103,2
303,106,2
303,109,3
303,206,4
303,204,2
303,117,5
303,120,4
303,193,4
303,135,4
303,142,5
303,146,3
303,161,5
304,302,5
304,29,4
304,32,4
304,56,5
304,254,3
304,238,5
304,233,5
304,95,5
304,138,5
304,143,4
304,163,5
305,298,1
305,31,4
305,42,2
305,45,4
305,62,2
305,262,3
305,69,4
305,236,3
305,86,2
305,90,2
305,94,2
305,212,2
305,200,3
305,193,3
305,191,3
305,138,4
305,144,4
305,154,4
306,303,2
306,298,2
306,31,4
306,44,4
306,49,3
306,50,4
306,51,5
306,52,5
306,53,2
306,54,4
306,56,4
306,57,5
306,67,3
306,69,5
306,255,3
306,74,3
306,240,5
306,105,5
306,166,4
307,31,4
307,90,2
307,158,5
308,303,5
308,31,4
308,58,5
308,67,4
308,75,4
308,236,4
308,232,4
308,86,4
308,96,5
308,97,4
308,98,4
308,114,4
309,31,4
309,160,5
310,31,5
310,245,5
310,90,4
311,31,2
312,33,3
312,50,3
312,126,5
313,288,2
313,33,4
313,285,4
313,284,3
313,271,3
313,69,3
313,81,4
313,240,5
313,238,3
313,233,3
313,209,2
313,206,4
313,198,3
313,195,4
313,173,4
313,116,1
314,33,5
314,122,4
315,33,4
316,33,1
316,67,4
316,73,4
316,222,5
316,218,3
316,116,3
317,288,5
317,33,3
317,282,4
317,280,4
317,48,5
317,51,5
317,273,4
317,54,5
317,57,4
317,59,4
317,67,4
317,68,4
317,72,4
317,74,4
317,77,4
317,78,4
317,240,5
317,239,4
317,83,4
317,90,4
317,101,4
317,112,4
317,199,5
318,33,3
318,42,1
318,64,3
318,80,3
318,239,2
318,85,3
319,33,2
320,33,2
321,306,5
321,296,4
321,33,4
321,238,4
321,85,4
321,166,5
321,160,5
322,33,5
323,304,4
323,232,4
323,96,4
323,97,4
324,306,4
324,296,4
324,33,5
324,50,3
324,238,5
325,306,5
325,33,3
325,143,3
326,33,5
327,33,3
327,67,4
327,90,3
327,179,5
327,158,5
328,306,5
328,33,5
328,56,5
328,254,4
329,33,1
330,33,5
330,245,5
330,238,5
330,232,4
330,96,4
330,135,5
330,150,5
331,33,4
331,55,3
332,33,4
332,238,4
332,142,4
333,33,4
334,33,3
335,33,3
335,69,5
335,108,5
336,33,4
336,149,4
336,163,5
337,33,4
338,33,5
339,34,4
339,50,4
339,111,4
339,180,5
340,34,5
341,34,5
341,45,5
341,47,5
341,55,5
341,259,4
341,68,5
342,34,3
342,57,5
342,86,3
342,141,4
342,146,4
343,34,5
343,37,5
344,307,5
344,34,4
344,138,5
345,34,3
346,34,4
346,35,5
346,36,5
346,211,5
346,138,5
346,175,5
347,298,5
347,34,4
347,38,4
347,199,5
347,138,5
348,34,5
349,34,5
349,144,5
349,158,5
350,34,2
350,35,4
350,38,3
350,50,5
350,238,3
351,34,3
351,35,4
351,50,4
351,69,3
351,105,4
351,166,5
352,34,3
352,42,5
352,270,5
353,35,5
353,46,5
353,212,2
353,191,5
354,35,3
355,298,4
355,35,3
355,69,4
355,232,3
355,191,5
355,143,4
355,166,4
355,163,4
355,158,4
356,35,5
356,50,5
356,69,5
356,84,5
356,144,5
357,35,4
357,68,4
357,249,4
357,82,3
357,86,3
357,146,4
358,35,5
358,42,3
358,59,4
359,307,5
359,35,4
359,218,3
360,35,2
361,36,4
361,183,4
361,137,4
361,176,3
361,142,4
362,38,4
362,258,4
362,225,5
362,224,5
362,222,5
362,220,2
362,218,5
362,217,5
362,216,4
362,212,4
362,211,4
362,210,5
362,209,4
362,206,4
362,204,5
362,195,4
362,192,4
362,191,5
362,154,4
363,69,4
363,211,5
363,207,5
363,199,4
363,139,4
363,142,4
363,144,5
363,145,5
363,146,5
364,36,5
364,54,4
364,69,3
364,73,2
364,74,3
364,80,3
364,110,3
365,36,4
366,36,2
366,204,2
366,119,3
366,199,3
367,36,3
367,73,4
367,74,3
368,142,4
368,147,5
369,36,5
370,36,5
370,187,2
370,116,3
371,36,2
371,248,2
372,298,5
372,36,5
373,36,4
373,59,3
373,79,3
373,119,4
373,120,4
373,146,4
374,298,2
374,36,4
375,36,4
375,132,4
375,152,3
375,156,3
376,307,4
376,298,3
376,37,4
376,51,3
376,243,3
376,240,3
376,235,4
376,232,3
376,170,4
376,167,4
376,163,3
376,160,3
376,158,5
376,154,4
376,157,4
377,37,5
378,37,5
378,59,3
379,288,5
379,283,4
379,37,5
379,42,4
379,44,4
379,45,4
379,275,5
379,272,3
379,270,4
379,268,3
379,266,4
379,265,5
379,263,3
379,261,4
379,258,5
379,256,3
379,254,4
379,253,4
379,252,5
379,250,4
379,245,4
379,244,5
379,238,5
379,236,4
379,235,3
379,234,4
379,86,4
379,93,3
379,210,4
379,197,4
379,191,4
380,304,5
380,37,5
380,44,3
381,37,4
381,39,3
381,42,2
381,44,3
381,272,4
381,260,5
382,37,3
383,37,5
383,55,5
383,155,2
384,298,5
384,37,4
384,49,4
384,212,4
385,37,4
385,280,5
385,38,4
385,277,5
385,44,4
385,51,4
385,52,5
385,272,5
385,54,3
385,271,4
385,270,5
385,268,5
385,58,4
385,266,4
385,263,3
385,261,5
385,260,5
385,255,5
385,253,5
385,252,5
385,76,4
385,249,5
385,248,5
385,244,5
385,243,5
385,240,5
385,86,5
385,104,5
385,107,4
385,205,4
385,196,4
386,307,4
386,304,4
386,298,5
386,37,4
386,38,4
386,51,5
386,232,4
386,97,3
386,119,5
386,171,4
386,170,4
386,144,4
386,165,4
386,151,4
386,160,4
387,37,5
387,240,5
387,217,5
387,216,4
387,109,3
387,171,5
387,170,5
388,37,3
388,38,4
388,232,4
388,90,4
388,196,5
388,144,5
388,151,4
388,116,4
389,304,4
389,38,4
389,67,5
389,249,4
389,101,3
389,158,5
389,154,5
390,307,5
390,38,5
391,38,4
391,42,5
391,48,1
391,272,4
391,271,3
391,270,3
391,263,5
391,261,4
391,260,3
391,258,5
391,250,5
391,234,2
391,85,2
391,213,4
391,212,2
392,38,5
392,271,3
392,270,5
392,56,4
392,268,5
392,258,4
392,248,5
392,196,4
393,38,5
394,38,3
395,38,3
395,165,4
396,38,3
396,80,2
396,160,4
397,247,3
397,240,4
397,85,1
397,191,4
398,296,5
398,38,4
398,45,5
398,239,4
398,238,4
398,232,3
398,86,4
398,96,4
398,108,4
398,109,3
398,118,4
398,129,4
399,38,4
399,54,5
400,38,3
400,49,3
400,272,4
400,267,4
400,260,3
400,245,4
401,38,5
401,129,5
401,165,4
402,38,5
402,242,3
402,84,4
402,119,5
402,137,3
402,169,5
402,158,3
403,39,2
403,42,5
403,64,2
403,65,2
403,85,3
403,88,3
403,91,2
403,94,2
403,96,2
403,97,3
404,39,3
404,64,1
404,235,2
405,39,3
405,42,4
405,257,4
405,256,3
405,236,4
405,235,2
405,91,3
405,195,3
405,192,3
406,39,4
406,85,2
406,86,5
406,192,5
406,191,5
407,39,4
407,43,4
407,269,4
407,64,5
407,85,3
407,86,4
407,87,4
407,88,4
407,97,4
407,191,5
408,42,2
408,268,2
408,254,5
408,242,2
408,154,5
409,64,5
409,65,4
409,85,3
409,87,4
409,88,4
409,91,2
409,93,4
409,94,2
409,97,4
409,98,3
410,261,5
410,260,5
410,259,3
410,257,5
410,254,1
410,234,4
411,43,3
411,48,1
411,64,3
411,65,3
411,257,4
411,254,2
411,85,2
411,87,3
411,88,2
411,154,4
412,88,1
413,43,5
413,264,5
413,261,4
414,43,1
414,45,4
414,68,4
414,258,4
414,256,1
414,255,5
414,254,4
414,245,5
414,239,3
414,91,4
414,93,3
414,104,5
415,64,2
415,86,5
416,43,3
416,64,4
416,65,5
416,87,2
416,88,2
416,93,2
417,43,3
417,64,3
417,87,5
417,88,3
417,93,2
417,98,3
417,191,4
418,43,2
418,261,5
419,43,4
419,271,3
419,262,4
419,260,4
419,256,4
419,255,4
419,254,4
419,251,4
419,242,4
419,236,4
419,96,3
419,101,4
420,43,3
420,270,3
420,65,4
420,261,3
420,257,5
420,256,3
420,91,4
421,43,3
421,49,4
421,260,5
421,257,5
421,256,1
421,242,2
421,234,3
421,88,4
421,94,5
421,212,4
421,191,5
421,156,5
421,157,5
422,272,5
422,263,4
422,254,4
422,88,4
422,101,4
422,104,5
423,43,4
423,262,4
423,260,4
423,258,3
423,256,5
423,255,5
423,249,5
423,88,5
424,270,2
424,64,1
424,65,5
424,250,4
424,87,4
424,91,4
424,93,5
424,97,2
424,191,4
425,43,3
425,97,2
426,43,3
426,64,4
426,65,5
426,87,3
427,43,5
427,270,4
427,268,3
427,263,4
427,254,5
427,91,3
428,43,5
428,234,2
428,93,4
429,43,3
429,271,4
429,264,4
429,256,5
429,255,5
429,254,3
429,75,4
429,237,4
429,97,5
429,98,4
429,192,5
429,191,4
430,246,1
430,241,5
430,236,4
430,235,5
430,234,4
431,43,1
432,43,5
432,58,4
432,260,3
432,255,5
432,244,5
433,43,5
433,104,5
434,91,4
435,282,5
435,43,5
435,269,5
435,268,5
435,261,5
435,258,5
435,255,5
435,250,5
435,248,5
435,247,5
435,235,4
435,201,5
435,192,5
436,43,5
437,296,4
437,43,5
437,264,5
437,256,3
437,250,4
437,248,3
437,224,4
437,221,5
437,216,5
437,139,5
437,164,4
438,43,3
438,272,2
438,270,5
438,56,5
438,268,3
438,263,4
438,65,3
438,260,5
438,258,3
439,283,3
439,43,5
439,56,3
439,58,4
439,261,4
439,260,4
439,258,4
439,255,5
439,104,2
439,107,5
440,47,5
440,72,4
441,270,5
441,212,4
442,47,1
443,47,4
443,54,2
443,83,4
444,47,3
444,271,1
444,58,3
444,59,3
444,75,3
445,47,4
445,264,5
445,246,4
445,236,5
445,91,5
445,98,4
446,282,3
446,280,4
446,276,3
446,47,4
446,56,3
446,58,3
446,59,3
446,265,3
446,259,5
446,258,3
446,252,3
446,76,2
446,77,1
446,243,3
446,236,5
446,217,4
446,104,4
446,212,5
446,210,4
446,205,4
446,174,3
447,47,5
447,51,5
447,54,5
447,55,5
447,75,4
447,76,4
447,82,3
447,101,5
448,47,3
448,259,4
448,234,3
448,98,4
449,54,4
449,256,3
449,250,3
449,239,4
449,96,5
449,200,5
450,291,4
450,47,5
450,54,5
450,59,3
450,262,4
450,259,5
451,47,4
451,52,4
451,58,4
451,259,3
451,258,4
451,235,3
451,197,4
451,195,4
451,194,4
451,193,4
451,136,4
452,47,5
452,48,3
452,72,4
453,51,5
454,47,5
455,47,4
456,250,4
457,47,4
457,51,1
457,272,2
457,54,4
457,57,3
457,262,2
457,258,5
457,104,1
458,47,5
458,156,4
459,259,3
460,47,4
460,195,3
461,194,5
462,283,4
462,47,5
462,49,4
462,56,5
462,58,4
462,255,4
463,47,5
463,262,5
463,239,5
464,259,4
464,251,5
465,291,4
465,47,5
465,259,5
466,47,4
466,259,4
466,72,5
466,73,3
466,195,4
467,291,4
467,47,5
467,259,5
467,73,4
468,47,4
468,48,2
468,274,4
468,270,3
468,268,4
468,264,3
468,263,3
468,262,4
468,261,5
468,260,5
468,259,3
468,68,3
468,257,3
468,256,2
468,255,4
468,253,5
468,236,3
468,234,4
468,91,3
468,104,4
468,192,5
469,280,4
469,47,5
469,271,2
469,55,5
469,268,3
469,58,3
469,258,3
469,107,3
469,195,4
470,47,5
470,48,2
470,272,3
470,59,3
470,264,3
470,260,4
470,259,5
470,257,5
470,256,3
470,255,3
470,239,4
470,236,4
470,235,4
470,145,4
471,48,2
471,257,3
471,250,3
471,245,3
471,87,3
471,154,5
472,48,4
472,74,4
472,75,4
472,77,2
473,48,5
473,73,4
473,120,4
473,195,4
473,137,5
473,142,5
473,145,4
474,48,3
474,51,4
474,265,2
474,261,4
474,68,3
474,74,4
474,250,3
474,83,3
474,91,2
474,97,2
474,107,2
474,109,4
474,192,4
475,48,3
475,264,3
475,262,4
475,260,4
475,68,3
475,258,4
475,256,4
475,247,5
475,243,5
475,235,4
475,91,4
475,97,4
475,198,5
475,193,5
476,48,5
476,55,5
476,73,5
476,203,5
476,199,5
476,137,5
477,48,2
477,272,2
477,234,2
478,265,4
478,252,4
478,247,4
479,48,4
479,51,3
479,53,1
479,168,4
479,158,4
480,48,4
480,170,3
480,146,4
481,48,4
482,48,3
482,272,4
482,270,3
482,261,3
482,257,4
482,239,3
483,48,3
483,56,2
483,268,3
483,58,3
483,73,3
484,48,3
484,52,4
484,53,5
484,265,4
484,258,2
484,76,4
484,247,4
484,195,4
485,48,5
485,75,4
486,48,4
486,53,4
486,268,3
487,48,4
487,272,3
487,271,3
487,270,3
487,56,5
487,58,4
487,59,4
487,264,4
487,258,4
487,255,5
488,49,3
488,234,2
488,107,2
489,49,5
489,51,5
489,194,4
490,49,3
490,72,5
490,73,5
490,83,4
490,195,4
490,145,5
491,283,4
491,49,5
491,51,4
491,267,2
491,263,3
491,258,5
491,73,3
491,251,4
491,246,4
491,242,4
491,221,4
491,213,4
491,212,5
492,49,2
492,271,4
492,264,1
492,64,5
492,65,5
492,260,5
492,257,5
492,256,3
492,243,5
492,235,5
492,87,5
492,91,5
492,93,3
492,97,2
492,98,2
492,214,5
492,196,5
492,193,5
493,49,3
493,262,4
493,257,4
493,251,4
493,246,4
493,242,4
493,237,3
493,154,4
494,192,3
495,49,4
495,267,4
495,58,4
495,261,4
495,256,4
495,107,4
496,49,4
496,56,4
496,260,5
496,256,4
496,240,4
496,235,3
496,97,2
497,280,4
497,49,2
497,51,5
497,263,4
497,65,5
497,261,3
497,247,5
497,97,2
498,49,2
498,135,2
498,152,4
499,49,4
500,49,5
500,272,5
500,260,4
500,257,5
500,75,5
500,250,4
501,49,4
501,264,4
501,263,3
501,232,4
501,98,3
502,49,4
502,51,4
502,272,3
502,268,4
502,263,3
502,261,3
502,260,4
502,250,4
502,154,5
503,49,4
503,222,5
504,49,1
505,287,5
505,52,2
505,265,3
505,64,1
505,250,4
505,240,5
505,235,5
505,221,4
505,214,5
505,213,4
505,108,3
505,208,5
505,197,5
505,196,3
505,194,5
506,52,4
506,247,4
506,222,5
506,207,3
506,110,4
506,199,4
506,196,5
507,52,5
507,57,5
507,58,4
507,248,5
507,79,5
507,84,4
507,98,5
507,104,5
507,109,4
507,110,4
507,112,3
508,276,4
508,52,3
508,269,3
508,266,4
508,265,5
508,263,5
508,255,4
508,253,5
508,252,5
508,250,4
508,249,4
508,247,4
508,243,5
508,91,3
508,94,4
508,107,4
508,154,5
509,52,4
509,247,4
509,141,4
509,172,2
509,162,4
510,52,3
510,68,4
511,277,5
511,52,5
511,68,5
511,247,5
512,52,3
512,73,4
512,80,2
512,83,4
512,84,5
512,204,3
512,195,4
512,137,5
513,52,5
513,272,2
513,270,3
513,268,3
513,58,3
513,266,4
513,261,3
513,255,5
513,252,5
513,244,4
513,243,4
513,97,2
514,52,5
514,270,5
514,56,4
514,268,5
514,267,4
514,58,5
514,260,5
514,259,5
514,68,4
514,255,5
514,75,4
514,240,5
514,239,4
515,53,5
516,270,3
516,58,4
516,252,5
516,250,4
516,247,4
516,91,5
516,98,5
516,196,3
517,285,5
517,272,2
517,267,4
517,68,5
517,73,4
517,78,4
517,91,4
517,192,3
518,53,3
518,57,5
518,248,5
518,247,3
518,104,5
519,53,5
520,53,2
520,251,3
520,246,4
520,243,4
520,96,5
521,53,3
522,53,3
522,77,2
522,83,2
523,53,4
523,269,4
523,202,3
524,53,4
524,56,4
524,264,2
524,64,3
524,93,2
524,97,4
524,158,5
524,154,4
525,53,1
525,103,1
525,190,2
526,53,4
526,260,4
526,257,4
526,251,4
526,246,3
527,53,5
527,78,5
527,110,5
527,135,5
527,116,5
528,53,3
529,53,3
529,76,3
529,104,2
529,199,5
530,53,5
530,239,2
531,53,3
531,266,4
531,262,2
531,252,4
531,246,3
531,242,4
531,235,5
531,93,3
531,94,5
531,96,4
531,104,4
531,212,4
532,53,4
532,259,2
533,277,3
533,53,5
533,195,5
533,192,5
534,208,5
534,119,3
534,123,5
534,196,5
534,170,4
534,143,2
535,53,4
535,271,4
535,264,4
535,257,5
535,256,5
535,250,4
535,87,5
535,91,4
535,93,4
535,98,4
535,201,4
535,192,5
536,55,5
536,56,3
536,268,4
536,263,4
536,247,4
536,93,2
537,55,4
537,255,5
537,235,3
538,55,5
538,56,5
538,57,5
538,58,2
538,68,5
538,256,1
538,107,3
538,195,5
539,55,5
539,269,4
539,256,2
539,73,5
540,55,3
540,72,4
541,55,4
541,56,3
541,263,2
541,260,4
541,250,2
541,213,5
542,307,5
542,55,4
542,248,3
542,195,5
543,269,1
543,268,2
543,265,4
543,252,5
543,76,2
543,248,4
543,234,4
544,55,4
544,68,5
544,72,5
544,235,4
545,55,5
545,150,2
545,153,4
546,55,3
546,259,3
546,68,4
546,78,4
546,119,4
546,199,5
546,146,5
547,55,1
547,59,3
547,239,4
547,107,4
547,114,4
547,159,4
548,55,3
548,259,3
549,271,2
549,55,4
549,58,5
549,263,2
549,250,4
549,244,5
549,198,5
549,194,4
550,55,4
551,55,4
551,259,3
551,73,4
552,55,5
552,59,3
552,104,5
553,55,4
553,98,3
553,195,4
554,55,3
554,268,4
554,253,4
554,218,5
555,55,4
555,68,5
555,76,3
555,248,5
556,56,5
556,263,5
557,280,3
557,56,2
557,93,5
558,56,3
558,68,5
558,75,3
559,272,3
559,271,4
559,56,4
559,268,4
559,264,3
559,260,5
559,256,4
559,192,4
560,56,5
560,59,2
560,257,2
560,256,2
560,255,5
560,93,1
560,104,5
561,275,4
561,56,2
561,59,3
561,263,5
561,255,5
562,57,3
563,57,4
563,267,2
563,256,2
564,213,2
564,205,5
565,269,4
565,57,5
565,76,5
565,250,5
566,57,5
566,205,4
567,271,2
567,57,5
567,263,3
567,257,4
567,256,2
567,73,2
567,239,3
567,174,4
568,57,2
568,196,3
569,57,5
569,268,3
569,266,4
569,263,5
569,241,5
569,91,5
569,93,2
570,57,5
570,79,4
570,126,3
571,271,4
571,57,5
571,222,4
571,218,5
571,217,5
571,104,5
571,107,3
571,208,4
571,205,4
571,204,5
571,195,4
571,193,3
572,57,5
573,57,2
573,111,3
573,158,5
574,57,4
575,57,2
575,229,4
575,166,3
575,165,4
575,155,1
576,57,5
577,59,4
577,248,4
577,98,4
578,59,3
578,80,3
578,195,5
579,59,5
580,275,4
580,59,4
580,78,3
580,217,3
580,212,5
581,266,3
581,252,3
581,248,5
581,247,2
581,211,1
582,59,5
582,259,4
582,73,4
583,59,5
583,82,4
584,59,4
585,263,5
585,64,1
585,65,5
585,246,4
585,240,5
585,237,5
585,234,5
585,87,5
585,91,4
585,93,5
585,94,4
585,96,4
585,98,4
585,198,5
585,154,5
586,65,3
586,107,3
587,265,4
587,264,2
587,263,5
587,65,1
587,234,3
587,87,3
587,98,2
588,65,3
588,98,5
589,65,5
589,68,4
590,65,2
590,249,2
590,94,4
590,98,1
590,156,1
591,65,3
591,87,2
592,65,3
592,260,5
592,252,5
592,250,5
593,272,4
593,263,4
593,65,3
594,65,5
594,87,5
595,65,3
595,251,5
595,250,4
595,249,4
595,246,4
595,87,5
595,94,4
595,196,5
596,65,5
596,87,5
597,65,3
597,87,4
597,195,4
598,65,2
599,68,4
600,68,5
600,78,3
600,79,4
600,111,5
601,68,4
601,237,4
601,193,4
602,268,3
602,68,5
603,68,5
603,78,5
604,68,4
605,269,3
605,268,4
605,68,5
605,76,5
605,248,4
605,104,5
606,68,5
607,72,5
608,72,5
609,72,5
609,145,4
609,151,5
610,72,4
610,82,4
610,142,4
611,72,5
612,72,3
613,72,4
613,108,5
613,174,3
614,72,4
615,280,3
615,279,5
615,275,5
615,271,3
615,269,5
615,262,4
615,259,5
615,72,4
615,76,5
615,247,5
615,78,3
615,235,5
615,104,2
616,72,5
617,72,2
617,83,4
618,72,2
619,72,5
620,75,3
621,75,5
621,247,1
622,75,5
623,75,5
623,78,5
624,75,3
625,262,4
625,260,5
625,257,5
625,75,3
625,251,3
626,75,4
627,75,4
627,87,5
628,75,5
629,75,3
629,244,5
629,93,1
629,198,5
630,75,1
631,264,3
631,257,5
631,75,2
632,75,5
632,157,4
633,75,3
634,75,3
635,76,4
636,269,5
636,266,5
636,265,4
636,252,5
636,76,5
636,247,5
636,243,5
636,235,4
636,209,4
637,269,4
637,76,5
637,205,3
638,272,5
638,76,4
638,246,4
638,96,4
639,280,4
639,271,2
639,266,2
639,76,3
639,248,4
639,195,2
640,269,2
640,76,3
640,82,3
640,83,4
640,194,3
641,76,1
641,78,4
641,234,3
642,284,4
642,269,5
642,266,4
642,76,5
643,266,5
643,252,5
643,76,5
643,243,5
644,76,4
645,269,3
645,266,4
645,260,4
645,252,4
645,250,4
645,248,4
645,243,4
645,235,4
645,205,4
645,193,4
646,76,5
647,76,4
648,276,5
648,269,5
648,266,5
648,265,5
648,76,4
648,249,4
648,248,5
648,247,4
648,237,5
648,212,4
649,76,4
649,78,2
649,82,3
649,172,3
650,275,5
650,76,4
650,244,5
651,77,2
651,83,3
651,104,3
652,265,5
652,260,5
652,257,5
652,249,5
652,77,5
652,248,5
652,78,4
652,246,5
652,82,4
652,83,4
652,108,5
652,110,4
653,77,2
653,81,2
653,108,5
653,114,4
654,269,2
654,253,3
654,77,3
655,77,5
655,114,4
655,195,5
656,272,2
656,266,5
656,262,4
656,251,4
656,77,4
656,248,4
656,78,3
656,246,4
656,242,4
656,240,5
656,235,4
656,234,4
656,195,5
656,193,4
656,192,5
656,157,5
657,77,3
658,77,2
659,77,2
659,139,4
659,146,4
660,77,3
661,77,5
662,77,4
662,83,4
663,77,3
663,141,4
664,271,4
664,77,5
665,267,4
665,78,4
665,205,4
666,78,1
667,78,3
668,78,3
668,104,5
668,108,2
668,114,4
669,275,4
669,259,4
669,78,2
669,96,4
670,263,1
670,78,2
670,202,2
671,78,4
671,104,3
671,110,4
671,139,4
672,78,4
673,78,3
674,79,5
675,79,3
676,79,3
676,203,5
677,275,4
677,79,3
678,250,3
678,249,5
678,248,5
678,247,4
678,79,4
678,235,4
678,234,3
679,280,4
679,79,4
679,103,4
680,79,4
680,108,2
681,277,4
681,272,4
681,269,4
681,267,3
681,266,4
681,265,4
681,253,3
681,252,4
681,249,4
681,248,5
681,247,4
681,79,4
681,237,3
681,235,4
681,104,4
681,206,5
681,205,4
682,79,2
683,79,3
683,118,5
683,197,4
684,296,5
684,251,5
684,79,5
684,83,5
684,108,5
684,119,4
684,168,5
685,252,4
685,247,4
685,79,4
685,104,5
685,206,5
686,280,4
686,79,5
686,83,3
686,210,4
687,259,3
687,79,2
688,79,5
688,103,4
688,139,5
688,141,3
688,142,5
688,166,5
688,147,5
688,152,5
689,79,4
689,129,5
689,130,4
689,143,5
690,79,4
690,84,5
691,79,3
692,79,5
692,242,4
692,237,5
692,205,5
692,204,4
693,237,2
693,131,4
693,173,5
693,168,4
694,304,5
694,79,2
694,241,1
694,114,2
694,162,5
695,79,5
696,79,3
697,80,4
697,214,4
697,213,4
698,80,4
699,80,4
700,80,4
701,80,3
701,204,2
702,80,5
702,112,4
703,244,5
703,80,5
704,80,3
705,80,5
705,112,5
706,80,4
707,80,4
707,83,5
708,80,2
709,80,4
710,80,4
710,195,5
711,80,3
712,80,4
713,80,4
714,285,5
714,284,4
714,283,4
714,275,5
714,267,3
714,266,5
714,260,4
714,248,3
714,80,5
714,93,5
714,104,5
714,110,4
715,304,3
715,244,4
715,80,4
715,81,4
715,108,3
715,114,4
715,116,4
716,80,5
717,81,4
718,81,3
719,266,1
719,253,1
719,81,1
720,81,4
720,171,5
721,284,4
721,283,5
721,81,5
722,81,5
723,81,4
724,307,4
724,81,3
724,108,4
725,81,5
725,83,3
725,192,5
726,81,5
727,81,3
727,83,4
727,108,5
728,259,4
728,81,4
729,81,4
730,289,4
730,81,4
730,114,4
730,187,4
731,285,4
731,228,3
731,217,4
731,152,4
732,289,5
732,81,5
732,159,5
733,269,5
733,81,5
733,83,4
733,84,4
734,81,5
734,139,5
734,152,5
735,81,4
735,108,4
735,171,5
736,81,1
736,112,4
737,81,4
737,137,5
738,81,4
738,196,4
738,146,3
739,81,4
739,108,4
740,81,3
740,84,5
740,184,3
740,173,5
740,146,3
740,160,5
741,81,3
741,84,2
741,108,3
742,81,4
743,252,5
743,243,5
743,82,4
743,206,4
744,243,2
744,235,5
744,207,3
744,110,3
744,195,5
744,193,3
745,252,5
745,82,4
745,206,4
746,82,3
746,204,4
747,275,4
747,82,5
747,110,3
748,304,5
748,282,4
748,277,5
748,266,5
748,252,5
748,243,4
748,82,5
748,159,4
749,282,5
749,280,5
749,272,4
749,269,3
749,266,4
749,82,4
749,185,5
749,137,3
749,151,4
749,158,5
750,82,2
750,152,5
751,266,4
751,252,4
751,243,5
751,82,5
752,82,3
752,195,5
753,82,3
753,172,4
754,82,4
755,82,5
756,82,4
757,280,4
757,272,2
757,243,5
757,82,4
758,280,4
758,266,5
758,82,4
759,152,3
760,82,4
761,266,2
762,82,3
762,83,3
763,280,4
763,271,3
763,252,3
763,222,4
763,217,3
763,212,3
763,170,3
763,154,4
764,269,5
765,82,3
765,206,5
766,82,3
767,205,3
767,193,5
768,82,4
769,84,5
769,203,5
769,116,5
770,84,5
771,84,3
772,304,2
772,84,5
772,144,5
773,84,4
774,84,4
774,166,5
775,262,4
775,257,5
775,251,4
775,249,2
775,84,2
775,149,1
776,84,5
777,84,4
777,168,5
777,165,5
777,163,5
778,84,5
778,110,3
778,141,5
778,116,5
779,284,5
779,84,4
779,108,3
779,111,5
780,84,5
781,84,1
781,108,4
781,114,5
781,152,5
782,84,5
782,151,5
783,84,4
783,110,4
783,143,5
784,307,4
784,84,5
785,84,3
786,296,4
786,84,4
786,96,5
786,127,3
787,87,4
787,94,4
788,87,4
789,87,5
789,192,4
790,257,5
790,242,5
790,87,1
791,87,1
791,94,5
792,271,4
792,264,4
792,253,3
792,249,4
792,87,3
792,207,4
793,87,4
794,264,3
794,257,4
794,87,3
795,87,4
796,87,5
797,87,5
798,94,4
799,275,3
799,94,3
800,94,1
800,96,2
801,94,3
802,94,3
803,252,5
803,94,3
803,177,3
804,229,3
804,96,3
805,96,3
805,212,5
805,111,4
806,96,5
806,197,5
807,96,5
808,96,5
809,96,4
810,264,3
810,257,4
810,96,3
811,96,5
812,99,5
813,99,4
814,274,4
814,271,4
814,99,3
815,99,4
816,99,5
817,99,5
817,110,3
818,99,4
819,99,3
820,99,5
820,108,5
821,99,5
822,99,5
823,99,5
824,99,4
824,164,5
825,99,1
825,116,2
826,99,5
827,99,4
827,142,5
828,99,3
829,99,3
830,99,4
831,99,5
832,99,5
833,99,3
834,99,5
835,281,5
835,99,5
835,103,5
836,271,3
836,99,4
837,99,5
838,99,4
839,99,5
840,99,3
841,103,4
842,103,4
843,103,5
844,103,3
845,103,3
846,249,4
846,103,4
846,120,4
847,103,2
848,103,2
849,103,5
849,110,2
850,103,4
851,103,5
851,108,4
851,111,5
852,103,1
852,108,5
853,103,4
854,103,4
854,119,4
854,130,3
855,103,2
856,103,4
856,108,4
857,103,5
857,195,5
857,150,5
857,158,5
857,116,5
858,103,4
859,103,4
860,110,3
861,110,3
861,202,4
862,277,4
862,269,5
862,243,4
862,110,4
863,110,5
864,110,2
865,110,5
866,110,2
867,110,1
868,110,2
869,111,5
870,111,3
871,111,4
872,111,2
873,111,5
874,111,5
875,111,4
876,111,3
877,111,5
878,269,4
878,111,5
879,111,4
880,111,3
881,111,4
882,111,2
882,193,5
883,259,3
883,111,5
884,111,3
885,112,5
886,118,4
886,129,4
886,139,4
887,112,4
888,243,5
889,112,4
890,264,5
890,112,2
890,193,3
890,157,5
891,112,3
892,271,3
892,264,4
892,262,3
892,112,4
893,112,4
894,112,3
895,112,5
895,136,4
896,112,2
896,192,5
897,307,5
897,112,1
897,156,5
898,243,4
898,112,3
898,192,2
898,172,3
898,143,4
899,112,4
899,116,4
900,112,3
901,242,3
901,112,3
902,112,4
902,159,4
903,112,3
904,304,5
904,112,4
905,112,4
906,112,2
907,271,2
907,244,5
907,212,5
908,112,5
909,112,4
909,182,2
909,143,3
909,162,5
910,112,3
911,112,3
911,116,4
912,120,4
912,152,4
912,116,4
913,116,3
914,116,3
915,116,5
916,119,4
916,172,3
916,116,2
917,212,2
917,116,2
918,116,5
919,116,4
920,180,4
920,141,5
920,152,5
920,116,4
921,244,4
921,116,3
922,116,3
923,117,5
923,186,3
924,249,3
925,304,4
925,211,3
925,117,4
926,218,5
926,117,4
927,117,5
927,125,5
927,130,5
927,145,5
928,307,5
928,296,3
928,271,3
928,267,3
928,262,4
928,242,4
928,117,5
928,137,5
928,180,3
929,213,4
929,117,4
929,194,5
930,117,4
930,178,4
931,249,4
931,117,5
932,265,3
932,117,3
932,183,4
933,117,5
933,198,5
933,124,3
933,134,5
933,157,5
934,117,5
935,117,4
936,117,5
937,117,4
937,197,4
937,141,4
938,307,2
938,242,3
938,117,4
938,199,5
938,158,5
939,117,3
940,117,4
940,127,4
941,211,5
941,117,5
942,204,4
942,117,3
942,137,3
942,172,3
943,117,5
943,134,4
944,117,5
945,117,5
946,117,5
947,117,4
947,126,3
947,127,2
947,157,4
948,117,3
949,118,4
949,158,4
950,276,4
950,243,3
950,207,4
950,118,3
950,120,4
950,130,4
950,146,4
951,118,1
952,118,2
953,304,5
953,218,4
953,214,4
953,205,4
953,118,4
953,195,5
953,194,4
953,192,4
953,141,4
953,145,4
953,157,4
954,216,4
954,118,5
954,120,3
954,123,5
954,170,3
954,163,5
954,159,5
955,304,3
955,296,5
955,237,5
955,118,4
956,118,5
957,118,5
957,156,3
958,118,5
958,119,4
958,127,5
959,249,4
959,220,3
959,203,5
959,118,5
959,150,3
960,118,3
960,125,4
960,159,3
961,118,4
961,123,3
961,159,4
962,307,4
962,249,4
962,118,4
962,186,4
962,141,5
962,157,5
963,118,4
963,119,5
963,199,5
963,146,4
963,151,4
964,118,4
964,174,5
965,118,3
966,304,4
966,118,4
966,119,4
966,199,5
967,118,5
967,157,5
968,118,2
969,119,5
970,119,5
970,120,2
970,134,4
970,136,4
970,140,3
970,171,4
970,146,4
970,150,3
971,208,4
971,207,4
971,203,3
971,119,5
971,199,5
971,198,3
971,123,3
971,196,3
971,194,3
971,129,3
971,130,3
971,144,4
971,165,4
972,307,5
972,119,5
973,119,5
974,119,4
975,119,5
975,163,4
976,119,4
976,146,4
977,119,2
978,119,3
978,199,5
979,119,4
979,165,5
980,119,4
981,119,3
982,119,5
983,212,4
983,119,4
983,143,2
983,163,3
984,307,4
984,119,5
985,120,5
986,120,5
987,120,3
988,304,5
988,288,4
988,285,5
988,280,5
988,276,3
988,275,4
988,243,4
988,242,4
988,209,4
988,206,4
988,199,5
988,198,4
988,120,4
988,196,5
989,120,4
990,229,4
990,120,4
990,188,3
991,120,3
992,199,4
993,242,4
993,221,5
993,120,5
994,120,4
994,180,3
995,120,4
995,163,5
996,120,4
996,159,4
997,199,5
997,120,4
997,141,4
998,120,5
999,120,2
999,186,4
999,180,3
999,142,5
999,143,1
999,147,5
999,148,4
999,151,3
1000,120,3
1001,120,4
1001,121,2
1002,120,4
1002,189,4
1002,188,4
1002,180,4
1002,151,4
1003,280,4
1003,120,3
1003,197,4
1003,194,4
1003,192,4
1003,139,4
1003,162,5
1003,159,4
1004,211,4
1004,120,5
1005,120,4
1005,147,5
1006,120,4
1007,210,3
1007,209,3
1007,208,2
1007,207,3
1007,206,2
1007,205,3
1007,204,3
1007,203,3
1007,202,3
1007,201,3
1007,200,3
1007,199,4
1007,198,3
1007,121,3
1007,197,3
1007,196,3
1007,195,3
1007,194,4
1007,193,3
1007,192,3
1008,211,4
1008,121,3
1008,172,3
1009,210,2
1009,209,4
1009,206,3
1009,204,4
1009,201,3
1009,198,4
1009,121,3
1009,197,5
1009,195,5
1009,137,5
1010,220,3
1010,206,4
1010,121,4
1010,194,4
1010,152,5
1011,121,5
1011,142,5
1012,288,5
1012,276,4
1012,209,5
1012,208,4
1012,207,4
1012,205,4
1012,199,5
1012,198,4
1012,121,4
1012,197,4
1012,196,4
1012,194,5
1013,121,4
1014,262,5
1014,121,1
1015,121,2
1016,273,5
1016,121,5
1016,127,4
1016,136,3
1016,137,3
1017,211,5
1017,121,3
1018,121,4
1018,194,3
1019,121,4
1020,211,4
1020,207,4
1020,199,4
1020,121,4
1021,213,3
1021,121,4
1022,121,4
1022,122,4
1022,125,3
1022,136,3
1022,137,5
1022,180,3
1022,140,4
1022,141,2
1022,142,4
1022,145,4
1022,146,3
1022,147,4
1022,148,4
1022,149,4
1022,150,5
1022,152,4
1022,153,4
1023,121,5
1024,121,5
1025,209,4
1026,273,5
1026,121,4
1026,194,5
1027,121,4
1028,121,4
1028,197,5
1028,194,4
1028,129,4
1029,121,3
1029,137,3
1030,121,1
1030,197,4
1030,194,1
1031,121,3
1031,198,2
1032,121,5
1033,205,4
1033,121,4
1033,136,3
1033,146,3
1033,152,4
1034,121,5
1035,122,4
1036,122,4
1036,137,4
1037,122,3
1037,146,4
1037,156,3
1038,122,4
1038,142,5
1039,122,4
1039,187,3
1039,183,5
1040,122,3
1041,122,4
1042,122,5
1042,145,5
1043,122,5
1043,132,4
1043,134,4
1043,141,5
1043,142,4
1043,145,4
1043,148,4
1043,150,5
1044,122,4
1045,122,5
1046,122,3
1047,273,5
1047,122,5
1048,122,5
1048,126,5
1048,130,5
1049,122,5
1050,122,1
1051,122,5
1052,122,3
1053,285,5
1053,122,5
1053,161,5
1054,122,2
1055,122,5
1056,211,4
1056,209,5
1056,206,3
1056,122,5
1056,189,5
1056,184,3
1056,180,5
1056,176,2
1056,170,5
1056,166,4
1057,199,4
1057,122,4
1058,122,5
1059,122,2
1059,158,4
1059,157,5
1060,203,4
1060,122,4
1061,212,5
1061,122,4
1061,129,5
1061,146,5
1061,165,4
1062,122,4
1063,216,4
1063,208,4
1063,205,4
1063,204,4
1063,123,4
1063,197,5
1063,168,4
1063,156,3
1064,211,5
1064,123,4
1064,134,2
1065,123,5
1066,206,4
1066,204,4
1066,199,3
1066,123,5
1066,130,2
1066,137,5
1066,146,5
1066,152,4
1067,123,4
1068,123,5
1068,197,5
1068,194,4
1068,143,5
1068,157,5
1069,123,4
1070,123,5
1070,171,4
1071,201,3
1071,199,4
1071,123,2
1072,123,5
1073,269,4
1073,209,4
1073,123,4
1074,123,2
1074,124,1
1074,125,1
1074,127,5
1074,183,5
1074,180,1
1074,165,1
1074,160,1
1075,123,4
1076,307,2
1076,123,2
1076,183,4
1076,142,3
1076,169,2
1076,147,4
1076,163,3
1076,160,3
1077,276,5
1077,216,5
1077,123,4
1077,129,3
1077,146,4
1078,274,3
1078,199,5
1078,123,4
1078,194,5
1078,193,3
1079,242,4
1079,123,3
1079,143,4
1080,123,4
1080,159,5
1081,123,5
1081,167,5
1081,163,5
1081,158,5
1082,123,5
1083,123,4
1083,170,4
1084,123,4
1085,123,3
1085,137,4
1085,142,5
1085,168,3
1085,146,3
1085,165,4
1085,152,3
1086,123,4
1086,141,5
1087,123,4
1087,131,4
1087,139,4
1087,141,4
1087,146,4
1087,159,3
1088,124,4
1089,307,5
1089,267,3
1089,124,4
1090,125,5
1091,124,5
1092,124,4
1092,194,4
1092,157,4
1093,124,2
1094,307,5
1094,124,4
1094,139,5
1095,124,4
1096,221,5
1096,124,4
1096,143,4
1097,124,1
1097,127,1
1097,130,1
1097,132,1
1097,172,1
1097,159,2
1097,155,1
1098,124,4
1098,157,4
1099,124,4
1099,170,5
1099,168,2
1099,160,5
1100,124,5
1100,143,5
1100,165,5
1101,124,4
1102,262,3
1102,206,3
1102,124,3
1103,124,5
1104,124,4
1105,124,2
1106,124,5
1107,124,4
1107,167,4
1108,282,4
1108,124,2
1109,124,5
1110,124,3
1111,124,2
1112,209,4
1112,124,5
1113,124,3
1113,125,3
1113,130,3
1114,124,3
1114,167,5
1115,124,5
1116,148,4
1117,125,4
1118,211,4
1118,125,2
1118,192,3
1119,125,4
1119,140,5
1119,156,5
1120,125,3
1120,196,4
1120,157,5
1121,217,5
1121,125,5
1122,125,3
1122,165,4
1123,242,4
1123,125,4
1124,125,4
1125,125,4
1126,222,5
1126,125,5
1127,125,5
1128,277,5
1128,269,5
1128,265,5
1128,262,5
1128,253,5
1128,244,5
1128,125,3
1129,125,3
1129,158,4
1130,125,5
1131,125,3
1131,140,4
1132,125,3
1133,125,4
1134,125,5
1134,187,5
1134,182,5
1134,145,5
1134,168,5
1135,125,3
1136,125,5
1136,145,4
1137,267,3
1137,242,3
1137,125,3
1138,125,3
1139,125,4
1139,168,5
1140,126,5
1141,126,3
1142,277,4
1142,126,4
1142,168,2
1143,126,5
1144,126,3
1145,126,4
1145,141,4
1146,126,1
1147,126,2
1148,126,1
1149,126,4
1150,126,4
1151,126,2
1152,126,3
1152,164,3
1153,126,4
1153,163,4
1154,126,4
1155,126,5
1156,126,4
1157,126,1
1158,126,2
1159,126,4
1160,307,3
1160,126,5
1161,126,3
1162,126,5
1163,126,2
1164,142,5
1164,147,3
1165,127,5
1166,220,2
1166,217,1
1166,127,2
1167,127,4
1168,127,5
1168,170,5
1168,160,3
1169,127,5
1170,127,5
1171,127,4
1172,206,4
1172,127,4
1172,146,4
1172,162,4
1173,127,4
1174,271,2
1174,244,5
1174,237,2
1174,212,5
1174,127,2
1175,127,4
1175,157,5
1176,127,4
1176,171,3
1176,144,4
1177,127,5
1177,158,5
1178,127,4
1179,208,4
1179,127,4
1180,127,4
1180,159,5
1181,127,1
1182,127,4
1182,168,5
1182,152,4
1183,127,4
1184,291,5
1184,127,4
1184,130,5
1184,145,5
1184,152,5
1185,225,5
1185,127,4
1185,169,4
1185,163,5
1186,214,4
1186,194,5
1186,128,3
1187,128,2
1187,157,5
1188,228,5
1188,217,4
1188,216,4
1188,128,4
1188,171,4
1188,164,4
1189,128,2
1189,164,4
1190,128,5
1191,307,5
1191,221,5
1191,219,5
1191,217,5
1191,216,5
1191,128,5
1191,144,5
1192,128,3
1193,128,1
1194,227,5
1194,226,4
1194,216,4
1194,197,5
1194,128,4
1195,128,3
1195,131,5
1195,167,3
1196,128,5
1197,128,3
1198,128,5
1199,128,5
1200,128,5
1201,128,5
1202,128,5
1203,128,5
1204,128,5
1205,128,5
1206,128,5
1207,128,5
1208,128,5
1209,128,4
1210,128,3
1211,128,2
1212,128,5
1213,128,5
1214,128,5
1215,128,2
1216,129,4
1216,148,3
1217,224,2
1217,221,2
1217,129,5
1217,162,5
1218,129,3
1219,129,4
1219,161,4
1220,280,5
1220,129,5
1221,156,3
1222,129,4
1222,164,4
1223,129,5
1224,129,3
1225,129,4
1226,129,5
1226,176,5
1226,174,5
1226,163,5
1227,262,4
1227,129,3
1228,129,3
1228,181,3
1228,158,4
1229,129,4
1230,129,5
1231,129,4
1232,205,3
1232,129,3
1233,129,4
1234,129,4
1235,129,4
1236,129,3
1236,147,5
1237,129,5
1238,205,3
1238,130,3
1239,130,4
1240,130,4
1241,130,4
1242,207,5
1242,205,4
1242,198,5
1242,194,5
1242,193,5
1242,130,5
1243,130,5
1244,218,4
1244,213,2
1244,211,2
1244,209,5
1244,207,3
1244,206,4
1244,198,3
1244,196,4
1244,194,3
1244,130,5
1244,170,3
1244,162,4
1244,158,4
1244,157,5
1245,130,4
1245,157,4
1246,130,3
1247,130,4
1248,262,4
1248,130,4
1249,130,5
1250,130,5
1251,130,4
1252,275,4
1252,130,3
1252,141,4
1253,130,3
1254,130,3
1255,130,4
1256,130,4
1256,146,5
1257,131,2
1258,131,2
1258,139,4
1258,141,5
1258,150,4
1258,159,4
1259,131,3
1259,142,5
1259,145,2
1260,131,4
1260,177,4
1261,131,1
1262,265,2
1262,131,3
1262,166,4
1263,131,4
1264,274,4
1264,223,3
1264,222,3
1264,217,4
1264,216,3
1264,131,4
1265,204,5
1265,131,3
1266,131,4
1267,131,3
1268,131,3
1269,131,3
1270,307,5
1270,203,4
1270,131,4
1271,131,1
1272,131,4
1273,131,4
1273,133,3
1273,178,4
1273,157,3
1274,131,1
1275,131,5
1276,131,5
1277,131,4
1278,131,2
1279,131,4
1280,213,4
1280,193,4
1280,131,3
1281,131,1
1282,131,4
1283,222,4
1283,198,4
1283,132,5
1283,137,4
1283,141,5
1283,146,5
1283,162,5
1283,152,5
1284,132,2
1285,132,3
1286,242,4
1286,132,5
1287,132,5
1288,132,4
1289,132,3
1290,204,3
1290,132,3
1290,141,5
1291,132,3
1292,132,3
1293,132,4
1293,133,4
1294,132,4
1294,145,4
1294,159,4
1295,307,1
1295,203,2
1295,132,2
1295,133,2
1295,137,3
1295,140,4
1295,168,1
1295,151,3
1296,132,4
1297,273,4
1297,132,3
1298,132,2
1298,170,5
1299,132,3
1300,132,4
1300,137,4
1300,141,3
1301,132,4
1302,132,5
1303,188,5
1303,132,5
1304,132,2
1305,132,4
1306,132,4
1307,132,4
1308,132,5
1309,132,4
1310,133,4
1310,137,5
1310,139,5
1310,147,4
1310,152,5
1311,285,5
1311,133,4
1311,161,5
1312,269,3
1312,265,4
1312,133,3
1312,165,3
1312,159,3
1313,133,4
1313,165,4
1314,133,5
1314,174,5
1315,133,3
1316,133,4
1317,292,3
1317,285,2
1317,282,4
1317,280,4
1317,278,4
1317,275,3
1317,273,4
1317,133,3
1318,133,4
1318,178,3
1318,177,3
1319,189,3
1319,133,4
1319,186,3
1319,184,4
1319,180,4
1319,139,5
1319,172,4
1320,179,5
1320,166,4
1321,133,5
1321,181,4
1321,151,4
1322,133,3
1322,136,4
1323,133,4
1323,137,4
1323,166,5
1324,133,5
1325,133,5
1326,133,5
1327,307,4
1327,220,4
1327,133,3
1328,273,5
1328,197,5
1328,133,2
1328,139,5
1328,168,5
1328,152,5
1329,133,1
1330,133,4
1330,177,4
1330,176,4
1330,171,5
1330,169,4
1330,167,5
1330,166,4
1330,151,4
1331,133,4
1331,147,5
1331,152,5
1332,133,3
1332,181,3
1332,171,3
1332,152,3
1333,133,3
1334,133,5
1335,133,4
1336,133,5
1337,134,3
1338,134,3
1339,134,3
1340,134,3
1341,134,3
1342,134,4
1343,134,5
1344,134,5
1345,134,4
1346,134,2
1347,134,5
1348,134,5
1349,211,5
1349,134,5
1350,267,3
1350,134,5
1351,134,3
1351,141,4
1351,150,4
1352,222,5
1352,217,4
1352,196,5
1352,134,1
1352,139,4
1353,206,2
1354,134,5
1355,134,5
1355,136,5
1356,212,4
1356,134,4
1357,136,4
1358,136,5
1358,150,5
1358,158,5
1358,156,3
1359,193,3
1359,136,1
1360,136,4
1361,136,3
1362,136,5
1363,136,4
1364,136,5
1364,155,4
1365,136,4
1365,143,3
1365,148,2
1366,136,5
1367,136,5
1368,262,3
1368,213,3
1368,193,4
1368,136,3
1369,136,4
1370,136,5
1371,136,3
1372,136,5
1372,152,3
1373,136,5
1374,136,5
1375,244,5
1375,198,4
1375,136,5
1375,163,5
1376,136,5
1377,136,5
1378,136,5
1379,137,5
1380,137,3
1381,287,4
1381,222,4
1381,137,5
1381,143,5
1381,167,4
1381,161,4
1381,160,5
1382,137,5
1382,140,5
1383,137,4
1384,137,4
1385,137,4
1386,137,3
1387,193,3
1387,137,5
1388,139,3
1389,139,5
1390,205,3
1390,139,5
1391,216,5
1391,178,5
1391,139,5
1392,280,4
1392,269,4
1392,211,4
1392,196,4
1392,139,4
1393,202,4
1393,139,5
1394,139,5
1395,139,4
1396,139,4
1396,150,4
1396,161,4
1396,152,4
1397,139,5
1398,139,4
1399,139,5
1399,159,5
1400,139,5
1401,140,5
1402,140,5
1403,140,5
1404,140,5
1405,140,5
1406,180,4
1406,140,3
1406,141,4
1406,152,5
1406,157,4
1407,140,4
1408,140,4
1409,218,4
1409,196,4
1410,140,5
1411,140,4
1412,140,5
1412,142,5
1412,158,5
1413,140,5
1414,140,3
1415,140,4
1416,140,4
1416,150,1
1417,140,3
1417,147,5
1418,140,4
1419,140,5
1420,218,5
1420,216,5
1420,140,5
1420,166,5
1421,140,5
1422,184,4
1422,140,4
1422,163,2
1423,140,4
1423,157,5
1424,141,5
1425,197,4
1425,141,4
1426,141,2
1426,145,3
1427,141,4
1428,141,3
1429,141,5
1430,142,4
1431,142,2
1432,161,5
1433,142,5
1434,142,5
1435,142,4
1435,150,5
1436,142,5
1437,143,2
1438,208,4
1438,143,5
1439,143,4
1440,159,4
1441,218,3
1441,143,4
1441,153,4
1442,143,3
1443,273,4
1443,198,4
1443,143,4
1444,143,5
1444,168,4
1445,143,3
1446,285,4
1446,143,4
1446,166,4
1446,165,3
1446,151,4
1446,160,4
1447,143,4
1447,150,5
1448,225,5
1448,181,4
1448,173,5
1448,170,4
1448,144,4
1448,169,4
1448,167,3
1448,166,3
1448,151,5
1448,158,4
1449,144,5
1450,213,2
1450,212,4
1450,144,3
1451,265,5
1451,197,5
1451,144,5
1452,201,5
1452,144,5
1453,174,5
1453,144,4
1453,160,4
1454,144,3
1454,167,3
1455,222,3
1455,207,3
1455,144,4
1456,212,3
1456,144,5
1456,163,5
1457,221,5
1457,144,5
1458,144,5
1459,170,5
1459,144,5
1460,144,4
1461,224,4
1461,221,3
1461,144,4
1462,218,4
1462,217,4
1462,216,5
1462,209,5
1462,208,5
1462,144,4
1462,159,4
1463,222,5
1463,216,4
1463,171,5
1463,144,5
1464,244,5
1464,218,5
1464,206,5
1464,144,5
1465,144,4
1465,167,3
1466,283,3
1466,201,3
1466,144,5
1467,229,4
1467,228,4
1467,227,4
1467,225,5
1467,222,4
1467,218,4
1467,217,4
1467,216,4
1467,144,4
1467,166,5
1468,145,2
1469,145,5
1470,145,3
1471,145,2
1472,145,5
1472,148,4
1473,145,5
1474,287,4
1474,286,4
1474,273,4
1475,145,5
1476,145,5
1477,145,5
1478,145,4
1479,145,4
1480,181,4
1480,177,4
1480,147,4
1481,147,5
1482,147,4
1482,158,5
1482,157,4
1483,147,5
1483,155,3
1484,147,5
1485,147,3
1486,147,2
1487,147,4
1488,285,5
1488,186,5
1488,182,5
1488,147,5
1489,147,4
1489,158,5
1490,186,5
1490,147,5
1491,277,4
1491,275,5
1491,222,4
1491,147,4
1491,151,5
1492,147,3
1493,277,4
1493,147,3
1494,198,4
1494,178,4
1494,151,4
1495,147,3
1496,147,5
1497,170,4
1497,147,5
1498,174,3
1498,148,3
1499,148,3
1500,273,4
1500,197,4
1500,148,4
1501,148,4
1502,225,4
1502,203,4
1502,176,3
1502,170,3
1502,166,4
1502,148,3
1502,163,3
1503,148,4
1504,148,5
1505,148,3
1505,153,4
1506,175,4
1506,148,3
1506,150,5
1506,151,3
1506,157,3
1507,148,4
1508,148,3
1509,148,4
1509,150,5
1510,148,4
1511,148,5
1512,148,1
1513,148,3
1514,284,4
1514,148,4
1514,149,4
1515,148,5
1516,186,3
1516,175,4
1516,148,5
1516,150,5
1517,148,3
1518,148,1
1519,148,4
1520,148,4
1521,217,5
1521,203,5
1521,181,5
1521,171,5
1521,170,5
1521,169,4
1521,166,5
1521,149,4
1521,160,5
1522,149,5
1522,153,3
1523,150,4
1524,277,4
1524,275,4
1524,207,5
1524,198,4
1524,197,3
1524,149,4
1525,149,3
1526,206,5
1526,149,2
1527,179,5
1527,149,5
1528,149,2
1528,151,5
1529,186,3
1529,149,4
1529,150,4
1530,197,4
1530,149,4
1531,185,5
1531,181,5
1531,149,5
1531,150,5
1531,162,5
1531,151,4
1532,292,5
1532,277,4
1532,276,4
1532,220,5
1532,167,3
1532,166,5
1532,165,4
1532,149,5
1532,151,3
1533,273,4
1533,207,5
1533,197,5
1533,183,5
1533,166,4
1533,149,5
1534,168,4
1534,149,1
1534,163,3
1534,159,3
1534,158,3
1535,149,1
1535,159,3
1536,169,2
1536,168,3
1536,149,5
1536,150,4
1537,286,4
1537,175,5
1537,149,2
1537,151,4
1537,153,4
1538,149,5
1539,149,4
1540,149,5
1541,149,4
1542,282,5
1542,274,4
1542,209,4
1542,208,4
1542,206,5
1542,205,4
1542,201,4
1542,149,5
1543,149,3
1544,149,5
1545,149,2
1546,149,3
1547,149,4
1548,150,5
1549,150,5
1550,150,4
1551,150,4
1552,150,4
1553,213,3
1553,150,4
1554,285,4
1554,209,3
1555,230,5
1555,222,5
1555,217,5
1555,151,5
1556,151,3
1557,206,4
1557,204,5
1557,151,4
1558,151,4
1559,151,3
1560,230,5
1560,225,5
1560,170,5
1560,151,5
1561,227,3
1561,179,4
1561,176,5
1561,175,3
1561,163,4
1561,151,4
1561,158,4
1562,153,3
1563,153,3
1564,153,5
1565,153,3
1566,153,4
1567,153,4
1568,153,5
1569,153,2
1570,153,3
1571,153,3
1572,153,4
1573,153,3
1574,153,4
1575,153,5
1576,153,5
1577,153,3
1578,153,1
1579,153,5
1580,153,4
1581,168,4
1581,153,4
1582,153,1
1583,153,3
1584,153,3
1585,155,4
1585,156,5
1586,155,3
1587,155,1
1588,229,3
1588,183,5
1588,155,3
1589,155,1
1590,161,4
1590,155,5
1591,155,1
1592,155,4
1593,155,5
1594,155,3
1595,225,5
1595,216,4
1595,203,4
1595,155,4
1596,155,2
1597,155,5
1598,155,1
1599,155,3
1600,155,4
1601,269,3
1601,237,1
1602,155,2
1603,213,3
1603,197,3
1603,155,2
1604,155,2
1605,155,4
1606,155,4
1607,155,3
1608,193,5
1608,155,3
1609,237,2
1609,155,2
1610,156,4
1611,265,5
1611,156,5
1612,156,3
1613,156,4
1614,205,5
1614,203,4
1614,156,5
1615,217,5
1616,156,2
1617,156,1
1618,156,5
1619,156,3
1620,253,4
1620,237,5
1620,159,4
1621,159,3
1622,159,5
1623,159,4
1624,160,5
1625,201,3
1625,160,4
1626,216,5
1626,160,4
1627,166,4
1627,163,5
1627,160,5
1628,160,4
1629,160,5
1630,277,4
1630,229,4
1630,225,4
1630,218,4
1630,197,5
1630,196,4
1630,160,5
1631,160,4
1632,161,5
1633,161,2
1634,161,5
1635,161,4
1636,165,4
1636,161,5
1637,161,5
1638,237,3
1638,161,5
1639,164,3
1639,161,3
1640,161,4
1641,161,5
1642,161,5
1643,161,2
1644,161,5
1645,242,4
1645,222,5
1645,216,4
1645,206,5
1645,190,5
1645,186,4
1645,180,4
1645,173,4
1645,170,4
1645,169,4
1645,167,4
1645,162,4
1645,161,4
1646,161,5
1647,288,5
1647,282,5
1647,280,4
1647,275,5
1647,265,5
1647,242,4
1647,193,4
1647,161,5
1648,186,4
1648,165,3
1648,161,5
1649,165,4
1649,161,3
1650,169,4
1650,162,5
1651,288,4
1651,253,4
1651,224,4
1651,219,3
1651,167,5
1651,162,4
1652,162,5
1653,207,5
1654,210,2
1654,206,3
1654,204,2
1654,197,4
1654,162,4
1655,229,4
1655,225,4
1655,209,4
1655,205,3
1655,171,4
1655,166,4
1655,162,4
1656,222,5
1656,167,4
1656,162,4
1657,280,5
1657,162,5
1658,162,5
1659,217,4
1659,204,4
1659,162,5
1660,201,4
1661,288,4
1661,226,3
1661,218,5
1661,162,5
1662,162,5
1663,162,3
1664,162,5
1665,217,5
1665,162,5
1666,207,4
1666,201,4
1666,196,5
1666,184,4
1666,173,5
1666,162,5
1667,162,5
1668,229,3
1668,213,3
1668,162,3
1669,164,5
1670,164,5
1671,164,2
1672,164,5
1673,242,4
1673,213,3
1673,197,5
1673,164,2
1674,164,3
1675,164,4
1676,164,4
1677,164,4
1678,164,4
1679,164,5
1680,205,3
1680,204,5
1680,164,2
1681,193,5
1681,164,5
1682,205,4
1682,164,4
1683,275,5
1683,164,1
1684,164,5
1685,164,4
1686,164,2
1687,164,4
1688,164,4
1689,164,3
1690,164,4
1691,165,4
1692,165,5
1693,165,3
1694,165,5
1695,166,4
1696,166,5
1697,172,4
1697,171,5
1697,166,4
1698,166,4
1699,176,4
1699,166,5
1700,167,3
1701,167,3
1702,171,4
1702,167,4
1703,167,3
1704,167,5
1705,244,4
1706,167,4
1707,167,3
1708,277,5
1708,276,5
1708,201,4
1708,167,5
1709,287,3
1709,267,5
1709,226,4
1709,218,3
1709,213,5
1709,167,4
1710,167,4
1711,167,2
1712,167,2
1713,167,3
1714,168,5
1715,168,3
1716,244,5
1716,168,3
1717,168,3
1718,168,3
1719,203,4
1720,168,2
1721,168,1
1722,168,5
1723,171,5
1724,169,3
1725,171,5
1725,169,4
1726,169,3
1727,196,4
1727,169,4
1728,169,5
1729,280,3
1729,169,4
1730,173,5
1730,169,4
1731,169,5
1732,230,3
1732,184,4
1732,169,5
1733,169,1
1734,169,5
1735,169,5
1736,169,4
1737,169,5
1738,169,5
1739,169,5
1740,230,5
1740,225,5
1740,218,5
1740,217,5
1740,181,4
1740,169,5
1741,277,4
1741,185,4
1741,169,4
1742,169,5
1743,171,5
1743,170,4
1743,169,4
1744,170,5
1745,170,2
1746,170,5
1747,170,4
1748,253,4
1748,213,3
1748,171,4
1749,171,3
1750,171,4
1751,171,4
1752,171,4
1753,171,4
1754,171,5
1755,171,5
1756,171,5
1757,172,1
1758,172,4
1759,264,3
1760,172,4
1761,172,3
1762,172,3
1763,172,3
1764,172,4
1765,172,2
1766,172,3
1767,172,4
1768,172,4
1769,275,5
1769,201,4
1769,172,4
1770,172,1
1771,172,5
1772,285,4
1772,172,3
1773,173,5
1774,173,5
1775,222,5
1775,219,3
1775,173,5
1776,173,2
1777,173,5
1778,173,5
1779,173,5
1780,173,5
1781,173,3
1782,244,5
1782,173,5
1783,173,3
1784,285,5
1784,244,4
1784,179,3
1784,173,4
1785,173,5
1786,173,2
1787,173,5
1788,173,5
1789,173,5
1790,179,3
1790,173,4
1791,173,5
1792,288,5
1792,173,4
1793,173,5
1794,173,4
1795,173,5
1796,174,2
1797,174,4
1798,183,5
1798,174,5
1799,174,4
1800,174,4
1801,174,5
1802,204,5
1802,174,3
1803,174,3
1804,174,5
1805,174,5
1806,174,4
1807,174,5
1808,174,4
1809,174,3
1810,174,4
1811,285,5
1811,204,2
1811,174,2
1812,174,4
1813,174,5
1814,174,5
1815,174,5
1816,175,5
1817,186,5
1817,175,5
1818,175,4
1819,175,5
1820,180,3
1820,175,4
1821,189,4
1821,186,4
1821,183,4
1821,175,5
1822,189,5
1822,180,4
1822,175,5
1823,186,4
1823,175,5
1824,175,4
1825,175,5
1826,186,3
1826,175,5
1827,186,5
1827,180,4
1827,175,5
1828,175,5
1829,175,4
1830,175,5
1831,283,5
1831,280,5
1831,278,5
1831,181,5
1831,175,5
1832,189,5
1832,175,5
1833,175,5
1834,175,5
1835,175,5
1836,189,4
1836,186,4
1836,175,5
1837,176,5
1838,176,4
1839,176,2
1840,189,5
1840,176,3
1841,176,5
1842,176,4
1843,284,4
1843,176,5
1844,176,4
1845,216,4
1845,176,4
1846,176,4
1847,176,4
1848,187,5
1848,179,5
1848,176,5
1849,176,4
1850,176,4
1851,183,5
1851,178,4
1851,176,4
1852,176,4
1853,176,4
1854,176,3
1855,176,3
1856,176,3
1857,176,4
1858,179,2
1858,176,3
1859,177,3
1860,177,2
1861,177,4
1862,177,2
1863,177,4
1864,177,3
1865,177,5
1866,177,4
1867,177,4
1868,177,5
1869,177,4
1870,177,5
1871,177,2
1872,177,5
1873,177,3
1874,177,3
1875,267,3
1875,177,5
1876,177,4
1877,177,3
1878,177,5
1879,177,5
1880,197,3
1880,177,2
1881,177,4
1882,177,3
1883,177,4
1884,280,4
1884,207,5
1884,178,4
1885,178,1
1886,178,5
1887,178,4
1888,178,4
1889,178,3
1890,291,4
1890,178,4
1891,178,4
1892,178,4
1893,178,5
1894,178,3
1895,285,3
1895,283,3
1895,275,3
1895,267,3
1895,209,3
1895,208,3
1895,204,3
1895,201,4
1895,198,5
1895,178,3
1896,178,5
1897,184,5
1897,178,4
1898,178,4
1899,178,5
1900,178,2
1901,178,3
1902,178,4
1903,178,4
1904,178,5
1905,267,3
1905,178,4
1906,180,4
1906,178,3
1907,179,3
1908,206,5
1908,204,5
1908,179,4
1909,183,4
1910,184,4
1910,179,4
1911,179,2
1912,180,3
1912,179,3
1913,179,5
1914,179,5
1915,179,3
1916,179,3
1917,179,4
1918,179,2
1919,179,5
1920,179,4
1921,185,4
1921,179,3
1922,179,3
1923,179,1
1924,179,2
1925,179,5
1926,179,4
1927,179,2
1928,179,3
1929,179,3
1930,180,5
1931,186,4
1931,180,5
1932,180,3
1933,180,3
1934,180,3
1935,183,3
1935,180,3
1936,181,3
1937,181,3
1938,181,3
1939,206,4
1939,181,4
1940,181,4
1941,181,4
1942,181,4
1943,216,5
1944,181,4
1945,185,4
1945,181,4
1946,181,5
1947,218,4
1947,181,4
1948,181,3
1949,181,2
1950,222,4
1950,181,3
1951,181,5
1952,181,4
1953,181,3
1954,182,4
1955,182,2
1956,182,4
1957,187,4
1957,182,4
1958,182,4
1959,182,4
1960,221,5
1960,182,5
1961,182,5
1962,283,4
1962,280,5
1962,276,4
1962,253,4
1962,182,4
1963,182,3
1964,182,5
1965,187,4
1965,182,3
1966,182,5
1967,182,4
1968,182,3
1969,284,5
1969,277,5
1969,210,4
1969,209,5
1969,198,5
1969,182,3
1970,182,4
1971,182,3
1972,290,4
1972,285,4
1972,267,3
1972,189,4
1972,182,4
1973,182,4
1974,182,4
1975,182,4
1976,182,3
1977,182,4
1978,182,4
1979,183,5
1980,183,5
1981,183,4
1982,291,4
1982,285,5
1982,282,5
1982,183,3
1983,183,2
1984,291,3
1984,183,4
1985,198,1
1986,183,5
1987,183,5
1988,183,5
1989,282,4
1989,280,4
1989,183,4
1990,183,5
1991,183,4
1992,183,4
1993,183,4
1994,281,4
1994,237,3
1994,213,1
1994,183,4
1995,184,4
1996,184,5
1997,184,5
1998,184,4
1999,184,5
2000,184,3
2001,280,3
2001,217,5
2001,198,5
2001,184,3
2002,184,4
2003,184,5
2004,184,3
2005,184,5
2006,184,4
2007,184,4
2008,184,5
2009,184,4
2010,190,4
2010,184,3
2011,184,3
2012,184,4
2013,184,5
2014,184,4
2015,184,5
2016,185,5
2017,185,5
2018,288,3
2018,275,4
2018,253,4
2018,209,4
2018,185,5
2019,185,3
2020,185,4
2021,273,3
2021,208,4
2022,185,5
2023,288,5
2023,185,5
2024,185,5
2025,185,4
2026,208,4
2026,198,5
2026,185,3
2027,185,5
2028,185,5
2029,185,5
2030,285,5
2030,185,5
2031,185,4
2032,185,5
2033,285,4
2033,230,4
2033,226,4
2033,225,5
2033,221,4
2033,219,4
2033,216,4
2033,203,3
2033,185,5
2034,185,5
2035,185,5
2036,225,5
2036,218,5
2036,185,5
2037,185,4
2038,185,5
2039,185,4
2040,229,4
2040,185,5
2041,185,5
2042,186,5
2043,218,3
2043,186,5
2044,186,4
2045,186,4
2046,244,5
2047,186,4
2048,275,5
2048,206,4
2049,186,2
2050,186,5
2051,208,3
2051,186,4
2052,189,5
2052,187,3
2053,187,3
2054,276,5
2054,265,5
2054,207,5
2054,187,3
2055,189,5
2055,187,5
2056,187,5
2057,187,3
2058,288,4
2058,285,4
2058,283,4
2058,280,4
2058,279,4
2058,277,4
2058,201,4
2058,198,4
2058,187,4
2059,187,5
2060,187,4
2061,187,4
2062,187,5
2063,187,2
2064,187,2
2065,187,4
2066,187,4
2067,187,4
2068,187,5
2069,187,5
2070,187,5
2071,187,1
2072,187,3
2073,187,5
2074,187,5
2075,188,5
2076,188,2
2077,204,5
2077,188,4
2078,188,5
2079,188,5
2080,188,3
2081,188,3
2082,188,4
2083,188,4
2084,188,4
2085,188,5
2086,188,5
2087,188,4
2088,188,4
2089,188,3
2090,220,4
2090,188,4
2091,189,4
2091,188,4
2092,188,4
2093,188,4
2094,291,5
2094,188,4
2095,189,5
2095,188,5
2096,188,5
2097,188,4
2098,188,5
2099,188,4
2100,188,5
2101,189,5
2102,189,5
2103,189,5
2104,189,4
2105,189,5
2106,189,4
2107,190,5
2107,189,5
2108,189,4
2109,189,4
2110,189,3
2111,189,5
2112,202,4
2112,189,5
2113,189,3
2114,189,5
2115,189,5
2116,190,5
2117,190,1
2118,216,3
2118,190,4
2119,190,5
2120,190,3
2121,190,5
2122,190,5
2123,190,3
2124,190,4
2125,190,4
2126,190,5
2127,225,5
2127,222,4
2127,190,4
2128,190,5
2129,190,4
2130,190,5
2131,190,4
2132,190,4
2133,190,5
2134,190,4
2135,190,5
2136,190,4
2137,190,4
2138,190,5
2139,190,3
2140,190,4
2141,190,4
2142,201,4
2142,193,5
2143,198,4
2144,200,4
2145,200,3
2146,200,2
2147,200,4
2148,200,4
2149,284,5
2149,210,3
2149,201,2
2149,200,4
2150,200,5
2151,200,5
2152,274,4
2152,200,4
2153,277,5
2153,200,5
2154,284,5
2154,200,5
2155,213,4
2155,200,3
2156,200,5
2157,200,4
2158,201,4
2158,200,5
2159,264,4
2159,225,3
2159,200,4
2160,200,5
2161,200,4
2162,200,3
2163,253,4
2163,237,4
2163,200,4
2164,288,5
2164,283,4
2164,276,4
2164,265,5
2164,237,4
2164,213,5
2164,209,5
2164,208,4
2164,207,4
2164,204,3
2164,201,4
2164,200,5
2165,221,1
2165,200,5
2166,253,5
2166,200,5
2167,200,3
2168,201,4
2169,201,5
2170,283,4
2170,276,3
2170,244,5
2170,201,4
2171,209,4
2171,201,3
2172,267,4
2172,201,4
2173,207,5
2173,201,4
2174,202,5
2174,201,3
2175,202,3
2176,202,5
2177,202,5
2178,202,5
2179,202,4
2180,202,2
2181,202,3
2182,202,4
2183,202,4
2184,202,3
2185,202,4
2186,273,2
2186,202,4
2187,202,4
2188,202,1
2189,202,3
2190,202,5
2191,202,4
2192,265,3
2192,202,4
2193,292,4
2193,202,5
2194,202,1
2195,203,4
2196,285,5
2196,203,5
2197,225,5
2197,222,3
2197,214,5
2197,213,3
2197,203,2
2198,203,4
2199,216,4
2199,203,5
2200,203,4
2201,203,5
2202,282,4
2202,203,2
2203,203,5
2204,203,4
2205,203,5
2206,203,4
2207,203,2
2208,204,5
2209,204,4
2210,207,5
2211,209,3
2211,207,3
2212,213,3
2212,207,3
2213,277,1
2213,210,4
2213,209,3
2213,208,4
2213,207,5
2214,207,4
2215,207,4
2216,207,4
2217,207,4
2218,217,4
2218,215,3
2218,207,3
2219,208,3
2220,208,4
2221,208,2
2222,276,4
2222,208,4
2223,292,3
2223,290,4
2223,288,3
2223,285,3
2223,284,4
2223,283,4
2223,277,3
2223,276,4
2223,209,3
2223,208,3
2224,209,3
2224,208,2
2225,208,3
2226,208,5
2227,216,4
2227,208,4
2228,253,4
2228,208,4
2229,221,4
2229,208,3
2230,209,4
2231,285,3
2231,267,2
2231,210,4
2231,209,4
2232,209,4
2233,265,4
2233,209,5
2234,210,5
2235,210,4
2236,210,5
2237,210,4
2238,210,4
2239,210,4
2240,210,2
2241,265,4
2241,210,5
2242,267,3
2242,265,5
2242,210,4
2243,210,4
2244,210,5
2245,237,4
2245,210,4
2246,265,5
2246,210,5
2247,210,4
2248,210,5
2249,210,4
2250,210,5
2251,213,4
2252,213,5
2253,214,2
2254,218,5
2254,214,4
2255,277,4
2255,214,3
2256,214,5
2257,214,2
2258,214,4
2259,229,5
2259,221,5
2259,214,5
2260,214,3
2261,214,1
2262,214,3
2263,267,4
2263,214,2
2264,214,3
2265,244,5
2265,214,5
2266,214,4
2267,291,4
2267,222,3
2267,220,3
2267,219,5
2267,214,4
2268,214,5
2269,214,5
2270,214,3
2271,214,5
2272,214,5
2273,214,3
2274,214,5
2275,214,5
2276,214,4
2277,215,4
2278,215,5
2279,215,4
2280,215,1
2281,215,5
2282,215,5
2283,215,3
2284,215,5
2285,215,5
2286,215,5
2287,215,4
2288,215,5
2289,215,4
2290,215,4
2291,215,5
2292,218,4
2292,215,5
2293,215,5
2294,215,5
2295,215,5
2296,215,5
2297,215,3
2298,215,5
2299,215,5
2300,229,3
2300,215,4
2301,215,5
2302,215,5
2303,215,4
2304,215,4
2305,264,3
2305,215,3
2306,217,4
2306,216,2
2307,230,4
2307,219,5
2307,218,5
2307,216,4
2308,217,4
2308,216,4
2309,225,4
2309,222,5
2309,217,4
2310,229,2
2310,217,4
2311,218,5
2312,218,4
2313,218,3
2314,225,5
2314,219,4
2315,219,4
2316,219,2
2317,219,3
2318,219,5
2319,219,4
2320,219,5
2321,219,5
2322,225,3
2322,219,5
2323,222,5
2323,219,4
2324,219,5
2325,219,5
2326,219,4
2327,226,5
2327,225,5
2328,219,3
2329,219,4
2330,219,5
2331,230,3
2331,222,3
2331,219,4
2332,219,5
2333,219,4
2334,219,4
2335,219,3
2336,285,5
2336,219,5
2337,219,3
2338,220,5
2339,220,4
2340,220,1
2341,220,5
2342,220,2
2343,220,3
2344,220,3
2345,229,3
2345,220,2
2346,220,1
2347,224,5
2347,220,4
2348,220,5
2349,220,5
2350,220,3
2351,220,4
2352,285,5
2352,220,3
2353,220,2
2354,228,1
2354,224,5
2354,222,4
2354,220,3
2355,225,5
2355,220,4
2356,220,5
2357,220,4
2358,220,4
2359,221,3
2360,221,4
2361,221,5
2362,221,5
2363,221,2
2364,221,4
2365,221,3
2366,221,5
2367,221,4
2368,221,4
2369,230,5
2369,226,5
2369,225,5
2369,224,5
2369,221,4
2370,221,3
2371,221,4
2372,221,4
2373,222,5
2374,223,3
2375,223,3
2376,223,2
2377,223,4
2378,223,3
2379,223,5
2380,229,4
2380,223,3
2381,223,4
2382,223,4
2383,223,5
2384,223,5
2385,223,5
2386,223,3
2387,223,3
2388,223,5
2389,223,4
2390,223,5
2391,223,5
2392,223,4
2393,223,5
2394,223,2
2395,223,5
2396,223,4
2397,223,4
2398,223,5
2399,223,3
2400,223,2
2401,223,2
2402,223,5
2403,224,5
2404,224,3
2405,224,3
2406,224,4
2407,224,4
2408,224,4
2409,226,3
2409,225,4
2409,224,4
2410,224,4
2411,224,4
2412,224,5
2413,224,5
2414,224,5
2415,224,5
2416,229,5
2416,225,5
2416,224,5
2417,228,5
2417,224,5
2418,224,4
2419,224,4
2420,224,5
2421,224,5
2422,224,5
2423,225,5
2424,225,5
2425,225,5
2426,225,5
2427,225,5
2428,225,3
2429,226,4
2430,226,5
2431,244,5
2431,226,4
2432,226,4
2433,226,5
2434,226,5
2435,283,3
2435,277,5
2435,227,5
2435,226,4
2436,230,5
2436,226,4
2437,226,3
2438,226,4
2439,226,4
2440,226,3
2441,226,5
2442,226,5
2443,226,3
2444,227,4
2444,226,5
2445,226,3
2446,226,5
2447,226,3
2448,226,4
2449,226,4
2450,226,3
2451,226,5
2452,282,4
2452,227,3
2453,227,5
2454,227,5
2455,227,4
2456,227,5
2457,227,4
2458,227,5
2459,227,4
2460,283,4
2460,227,5
2461,227,5
2462,227,5
2463,283,3
2463,227,4
2464,227,5
2465,227,4
2466,227,4
2467,227,5
2468,227,5
2469,227,4
2470,227,5
2471,276,4
2471,273,4
2471,227,4
2472,227,4
2473,227,3
2474,227,5
2475,227,5
2476,227,5
2477,228,4
2478,228,3
2479,228,3
2480,228,5
2481,228,1
2482,228,1
2483,228,5
2484,228,3
2485,228,4
2486,228,5
2487,228,4
2488,228,1
2489,228,3
2490,228,2
2491,228,4
2492,228,3
2493,228,5
2494,228,3
2495,230,3
2495,228,2
2496,228,4
2497,228,3
2498,228,3
2499,228,2
2500,228,4
2501,228,5
2502,229,4
2503,229,3
2504,229,1
2505,229,5
2506,229,5
2507,229,4
2508,229,5
2509,229,5
2510,229,4
2511,229,2
2512,229,3
2513,229,4
2514,229,5
2515,229,4
2516,229,4
2517,230,4
2518,230,4
2519,230,4
2520,230,5
2521,230,3
2522,230,4
2523,230,4
2524,230,5
2525,230,5
2526,230,3
2527,230,5
2528,230,4
2529,230,5
2530,230,5
2531,230,4
2532,230,5
2533,230,5
2534,230,2
2535,230,3
2536,230,5
2537,264,3
2537,237,4
2538,237,5
2539,237,4
2540,237,5
2541,237,5
2542,237,5
2543,237,5
2544,237,4
2545,237,4
2546,253,5
2546,241,5
2547,264,4
2547,244,5
2547,241,5
2548,241,4
2549,241,4
2550,241,3
2551,241,5
2552,241,5
2553,253,3
2553,241,5
2554,241,4
2555,241,2
2556,274,5
2557,241,4
2558,241,1
2559,253,4
2559,241,5
2560,253,5
2560,241,5
2561,241,5
2562,241,5
2563,241,4
2564,241,5
2565,241,5
2566,265,4
2567,241,5
2568,241,5
2569,241,4
2570,241,3
2571,241,5
2572,241,2
2573,241,4
2574,241,3
2575,253,4
2576,264,3
2576,253,4
2577,253,4
2578,253,2
2579,253,4
2580,264,3
2581,265,4
2582,273,3
2583,273,4
2584,278,5
2584,274,5
2584,273,5
2585,273,4
2586,273,4
2587,273,4
2588,273,5
2589,273,5
2590,273,5
2591,273,5
2592,273,4
2593,273,3
2594,273,3
2595,288,4
2595,273,4
2596,276,5
2597,274,4
2598,274,3
2599,274,5
2600,274,5
2601,282,5
2601,274,4
2602,274,5
2603,274,1
2604,274,2
2605,274,5
2606,274,5
2607,279,5
2608,274,5
2609,274,4
2610,283,3
2610,274,4
2611,274,3
2612,281,5
2612,274,5
2613,282,5
2613,274,5
2614,274,5
2615,292,3
2615,291,4
2615,290,3
2615,289,2
2615,288,5
2615,284,4
2615,283,3
2615,282,5
2615,281,3
2615,279,4
2615,277,5
2615,276,2
2615,274,3
2616,274,3
2617,274,5
2618,277,3
2618,274,5
2619,274,4
2620,276,4
2621,276,4
2622,276,5
2623,276,5
2624,288,3
2624,283,4
2624,282,4
2624,279,4
2624,276,3
2625,276,5
2626,276,4
2627,276,4
2628,276,5
2629,278,3
2630,278,5
2631,278,3
2632,278,5
2633,278,3
2634,287,4
2634,286,5
2634,278,4
2635,287,5
2635,286,5
2635,278,5
2636,286,3
2636,278,4
2637,287,5
2637,286,5
2637,278,5
2638,286,5
2638,278,4
2639,278,5
2640,287,5
2640,286,5
2640,278,5
2641,278,5
2642,278,3
2643,278,5
2644,278,4
2645,287,5
2645,278,5
2646,278,5
2647,278,3
2648,278,5
2649,278,2
2650,278,4
2651,286,5
2651,278,5
2652,278,5
2653,287,4
2653,278,5
2654,290,4
2654,288,3
2654,283,3
2654,278,4
2655,279,4
2656,279,3
2657,279,4
2658,279,4
2659,279,5
2660,279,5
2661,279,5
2662,279,3
2663,279,4
2664,279,5
2665,279,4
2666,279,5
2667,279,4
2668,279,4
2669,283,5
2669,279,5
2670,279,4
2671,279,4
2672,279,5
2673,279,4
2674,279,3
2675,279,5
2676,279,4
2677,279,4
2678,279,2
2679,279,5
2680,291,3
2680,281,5
2681,281,5
2682,281,5
2683,281,5
2684,281,4
2685,281,4
2686,292,3
2686,290,3
2686,288,3
2686,284,4
2686,283,3
2686,281,3
2687,281,5
2688,281,5
2689,281,2
2690,281,5
2691,281,4
2692,284,4
2692,281,4
2693,288,5
2693,283,4
2693,281,4
2694,281,5
2695,281,4
2696,281,5
2697,281,5
2698,281,5
2699,281,3
2700,281,5
2701,281,4
2702,281,4
2703,281,4
2704,288,3
2704,283,3
2704,281,3
2705,281,4
2706,284,5
2706,282,4
2707,282,5
2708,282,4
2709,282,5
2710,282,5
2711,282,4
2712,282,5
2713,282,3
2714,282,4
2715,282,5
2716,290,5
2716,288,4
2716,282,5
2717,282,5
2718,283,5
2718,282,5
2719,283,5
2720,284,4
2721,284,5
2722,284,3
2723,284,1
2724,284,4
2725,284,5
2726,284,3
2727,284,5
2728,284,4
2729,284,4
2730,284,5
2731,284,4
2732,284,3
2733,284,5
2734,290,4
2734,284,5
2735,286,5
2736,286,5
2737,287,5
2737,286,4
2738,286,4
2739,286,5
2740,286,5
2741,286,3
2742,286,5
2743,286,5
2744,286,4
2745,286,5
2746,286,3
2747,286,5
2748,286,5
2749,286,5
2750,286,5
2751,286,5
2752,286,5
2753,286,5
2754,286,5
2755,286,4
2756,287,4
2757,292,4
2757,287,5
2758,287,5
2759,287,2
2760,287,4
2761,287,4
2762,287,5
2763,287,3
2764,287,5
2765,287,5
2766,287,4
2767,287,2
2768,287,4
2769,287,5
2770,287,5
2771,287,3
2772,287,5
2773,287,5
2774,287,4
2775,292,4
2775,290,4
2775,288,3
2776,288,3
2777,288,5
2778,288,4
2779,289,4
2780,289,3
2781,289,3
2782,289,5
2783,292,4
2783,289,4
2784,289,4
2785,289,4
2786,289,3
2787,289,5
2788,289,4
2789,292,4
2789,289,4
2790,289,2
2791,289,4
2792,289,5
2793,289,3
2794,289,5
2795,289,4
2796,289,3
2797,289,5
2798,289,4
2799,289,4
2800,289,4
2801,289,5
2802,289,4
2803,289,5
2804,289,3
2805,289,2
2806,290,3
2807,290,1
2808,290,5
2809,290,4
2810,290,3
2811,290,4
2812,290,4
2813,290,4
2814,290,3
2815,290,3
2816,290,5
2817,290,3
2818,290,4
2819,290,5
2820,290,2
2821,290,3
2822,290,3
2823,290,4
2824,290,5
2825,290,5
2826,291,3
2827,291,5
2828,291,2
2829,291,3
2830,291,4
2831,291,4
2832,291,3
2833,291,3
2834,291,4
2835,291,3
2836,291,4
2837,291,5
2838,291,5
2839,291,4
2840,291,4
2841,291,4
2842,291,3
2843,291,4
2844,292,4
2845,292,5
2846,292,5
2847,292,5
2848,292,2
2849,292,4
2850,292,4
2851,292,4
2852,292,5
2853,292,4
2854,292,2
2855,292,3
2856,292,4
2857,292,4
2858,292,3
2859,292,4
2860,292,4
2861,292,4
2862,292,5
2863,292,4