# 节点数  边数   ,0  293298
1800,1160
461,963
461,776
461,1912
944,1363
944,949
1689,1799
522,1363
1750,1008
1750,2384
1750,1284
1750,3346
1750,154
1750,3323
1750,1328
1750,661
1750,3164
3168,184
2127,317
506,153
16,2500
16,944
16,516
16,1191
16,3168
16,1508
16,798
16,297
16,2954
16,620
16,1905
16,406
16,1027
16,3061
16,1499
16,2570
16,603
16,416
16,1384
16,2359
16,718
16,2313
16,1069
16,1306
16,559
16,1799
16,2839
16,2223
16,1965
16,2675
16,1903
16,165
16,483
16,2295
16,2564
16,928
16,2870
16,1357
16,1583
16,2654
16,1231
16,712
16,2633
16,1120
16,1124
16,2771
16,2883
16,2587
16,1846
16,696
16,1025
16,2566
16,2653
16,1851
16,1014
16,2561
16,2822
16,3010
16,3406
16,2639
16,568
16,3403
16,164
16,3349
16,378
16,954
16,845
16,447
16,3008
16,3179
16,710
16,890
16,632
16,2741
16,771
16,455
16,3251
16,2252
16,1209
16,454
16,2449
16,2646
16,1765
16,1285
16,229
16,2143
16,296
16,1614
16,533
16,1266
16,3241
16,1568
16,2347
16,1340
16,468
16,61
16,1698
16,3036
16,3119
16,291
16,2903
16,919
16,3226
16,1289
16,10
16,1342
16,1407
16,2694
16,1032
16,2334
16,2603
16,3218
16,2972
16,1328
16,2595
16,88
16,2755
16,569
16,2924
16,1273
16,2563
16,1716
16,2301
16,1755
16,800
16,702
16,489
16,1366
16,1115
16,726
16,332
16,2270
16,65
16,1189
16,1267
16,2141
16,2407
16,2757
16,1370
16,3164
16,60
16,2395
16,2540
16,3006
16,2382
16,1389
16,745
16,1756
16,218
16,1185
16,2695
16,3245
16,1777
16,386
16,1644
16,829
16,267
16,730
16,3242
16,482
16,1761
16,2503
16,2851
16,2260
16,754
16,2592
16,11
16,395
16,2994
16,3093
16,366
16,3077
16,2800
16,279
16,738
16,2489
16,902
16,502
16,2698
16,3266
16,1238
16,865
16,443
16,1648
16,2339
16,2494
16,2853
16,168
16,3393
16,723
16,1617
798,317
720,153
720,1933
1430,2
1430,60
1430,1149
1430,888
1438,1673
1438,332
1438,1370
1217,181
1217,231
1217,1605
1217,2141
670,1707
34,2667
34,1027
34,603
34,3089
34,1356
34,310
34,2566
34,2282
34,890
34,849
34,2862
34,1286
34,2820
34,1340
34,126
34,788
34,153
34,2414
34,745
34,3135
34,184
34,2463
34,2589
2501,2871
2501,1490
2501,3098
2501,1767
2501,3075
1975,1184
128,2489
768,2115
1151,1469
1151,1062
835,153
2552,1752
2552,2564
2552,3090
2552,1847
2552,447
2552,2539
2552,2330
2552,13
2552,2592
2552,752
2552,1376
2552,738
1516,2181
1516,175
1516,2489
906,1537
915,565
1943,1951
1943,2822
927,1306
927,1062
927,2489
2788,1471
2667,2940
2667,1648
1293,2530
1293,1432
1293,202
3265,634
3265,2843
3265,1428
3265,1881
3265,3143
2866,3103
2866,530
2866,3297
2866,2897
2866,1035
2866,2850
2866,1881
2866,745
2866,1648
22,1419
22,175
22,153
22,502
2529,2291
234,283
234,1419
234,56
234,909
234,2489
1739,603
1739,2
1739,608
1101,1024
1101,158
1101,2754
1101,2441
1101,3158
1101,1216
1101,1031
1101,598
1101,3171
1101,745
1101,1607
1101,1321
406,153
406,626
98,714
98,153
340,1673
340,2334
1531,2124
2404,1014
2783,1689
135,184
3407,2564
691,184
1182,2489
1499,976
2195,846
512,440
49,1478
49,200
49,1817
49,2341
49,1814
49,133
49,1344
49,38
49,27
49,1521
49,608
49,1332
49,153
49,1017
49,574
49,203
49,420
2794,2511
895,154
895,2124
895,1557
2752,2771
2752,2801
2752,876
2752,477
1060,3388
1728,1863
603,153
59,317
1776,297
1776,2390
1776,1246
1776,2790
1384,203
2359,297
2359,2564
35,100
35,136
35,4
35,859
35,1225
35,2772
35,175
35,508
35,235
35,51
35,2141
35,153
35,1399
35,386
35,485
35,437
708,2771
708,333
2823,1943
2421,2472
2071,691
2071,603
2071,2306
2071,97
2071,184
1569,1799
2233,2771
2233,2392
2233,332
2233,184
1306,1014
1753,718
1753,1014
1753,89
1753,3081
299,317
2429,2654
2429,1017
2429,1648
1024,445
1024,109
2371,1027
2371,3089
2371,2427
2371,83
698,75
698,48
698,153
936,153
114,603
114,264
55,1008
55,558
55,2359
55,1799
55,1876
55,1583
55,399
55,1120
55,3
55,403
55,2448
55,1878
55,181
55,805
55,1407
55,409
55,175
55,38
55,27
55,1521
55,2072
55,126
55,441
55,2141
55,749
55,153
55,1585
55,641
55,2489
55,902
767,399
100,1027
100,603
100,1384
100,1478
100,399
100,712
100,1356
100,1073
100,2771
100,403
100,707
100,444
100,1482
100,136
100,632
100,1463
100,2236
100,2458
100,2143
100,133
100,1340
100,3360
100,266
100,1678
100,322
100,90
100,332
100,1605
100,441
100,56
100,1343
100,153
100,2875
100,1591
100,3188
100,1321
100,386
100,1872
100,198
100,267
100,3242
100,477
100,1070
100,395
100,752
100,1714
100,969
100,565
100,902
100,202
100,3393
1799,1432
2374,2472
1752,1220
1752,568
1752,2539
1752,957
1752,291
1752,3212
1752,2994
102,1275
102,1235
102,181
1701,1682
1876,69
1876,445
1876,3275
1876,2072
1876,715
9,372
9,235
9,153
2451,2654
1737,1478
1737,193
1871,1638
1871,476
1871,1757
1871,718
1871,1799
1871,1752
1871,228
1871,1402
1871,1478
1871,3046
1871,399
1871,712
1871,2666
1871,2115
1871,2771
1871,403
1871,1014
1871,539
1871,845
1871,3272
1871,1919
1871,2573
1871,288
1871,496
1871,2236
1871,975
1871,154
1871,2143
1871,296
1871,1614
1871,1105
1871,918
1871,1340
1871,3114
1871,3119
1871,3390
1871,3053
1871,3052
1871,1407
1871,2603
1871,1810
1871,505
1871,800
1871,379
1871,2350
1871,332
1871,2757
1871,60
1871,3377
1871,105
1871,1415
1871,1761
1871,477
1871,1714
1871,2489
1871,3035
1871,865
1871,723
898,1395
3210,416
3210,2276
3210,2564
3210,706
3210,403
3210,3049
3210,2508
3210,3406
3210,154
3210,181
3210,175
3210,2498
3210,751
3210,3077
3210,780
3340,2897
8,447
8,1463
8,454
8,1285
8,957
8,133
8,425
8,1505
8,1144
8,1006
8,38
8,126
8,153
8,218
8,386
8,1575
8,408
8,2489
725,3127
846,317
2683,2390
838,872
838,1555
838,752
1540,283
1540,332
1540,2889
1821,447
1821,1328
1821,1681
228,3012
228,890
228,834
816,1652
2675,203
2675,738
1478,718
1478,608
764,153
1831,2603
2697,1799
2697,3090
2697,1820
2697,2714
2697,1171
2697,1225
2697,702
2697,184
1971,1084
1971,1593
419,1193
419,185
419,1528
419,619
419,2760
419,267
419,641
355,3140
1760,2307
1760,3105
2496,3125
1424,2977
1424,1293
1424,1757
1424,2570
1424,3042
1424,1447
1424,2711
1424,559
1424,2374
1424,1478
1424,2245
1424,2564
1424,185
1424,1357
1424,712
1424,201
1424,2115
1424,2771
1424,310
1424,2566
1424,2653
1424,1014
1424,2384
1424,3234
1424,3094
1424,1173
1424,1227
1424,154
1424,2360
1424,296
1424,1614
1424,1360
1424,1271
1424,1340
1424,805
1424,1407
1424,2603
1424,175
1424,1006
1424,2563
1424,1366
1424,726
1424,332
1424,921
1424,441
1424,3164
1424,3006
1424,829
1424,267
1424,2577
1424,888
1424,2489
1424,902
1424,2038
1424,553
2152,153
804,3076
804,1189
604,1876
604,153
604,2664
3371,89
3197,184
32,444
32,1766
32,447
32,1817
32,1814
32,181
32,10
32,175
32,1344
32,38
32,2100
32,176
32,608
32,153
32,184
32,969
404,2794
404,153
404,2489
3048,1027
3048,228
3048,288
3048,357
697,2603
2184,2929
483,1799
483,3
483,696
483,200
483,67
483,2119
483,2582
497,288
2495,3089
2495,2508
2495,2301
2495,1767
2305,1014
610,1284
610,1240
2447,1370
2447,1972
2564,1512
3064,718
3064,1356
3064,1014
3064,754
185,2673
185,2074
185,3275
1434,239
1951,1943
1951,2564
1951,3406
117,153
1780,42
2898,185
2898,1349
912,697
3166,3379
2369,603
2369,3103
2369,89
2369,83
2369,409
2369,2867
2369,1881
2369,2141
2369,1648
2795,1876
2795,2852
283,399
283,153
399,510
399,29
399,38
399,126
2738,603
2738,2654
2584,399
510,399
510,97
510,1407
2663,2920
2663,447
2663,2539
2663,957
2663,1242
201,248
2328,1587
2328,1767
2471,181
199,1470
199,1684
199,976
199,2489
887,608
1368,1469
1356,175
2666,2564
2666,310
2666,2350
2666,1761
2666,2532
1889,2801
214,2516
2272,89
2272,2539
2272,2924
2272,800
2272,60
2272,1863
1120,153
3,603
3,2683
3,697
3,1357
3,1365
3,1124
3,706
3,1284
3,1766
3,710
3,154
3,1253
3,69
3,1765
3,1518
3,1974
3,805
3,425
3,175
3,417
3,1031
3,3187
3,2
3,153
3,3188
3,3242
3,1761
3,460
3,574
3,184
3,1510
3,3045
3,969
3,2489
3,359
3,1648
3,2207
1582,292
676,2939
701,1027
701,2711
701,873
701,2603
1808,2654
1808,3328
1808,2900
1808,447
1808,1370
1808,3184
1808,902
424,2771
424,97
595,3103
2218,3346
2218,447
2218,184
2218,2994
2218,3172
2762,1338
2636,2065
157,1814
872,126
2469,299
2469,1284
2469,401
2469,1463
2469,137
2469,175
2469,702
2469,317
2469,2141
2469,153
2469,1399
2469,588
2469,184
2469,969
2469,202
3106,2085
2368,603
2368,3047
2368,2564
2368,957
2368,1225
2368,3178
2368,1665
2372,2423
2372,1299
2372,399
2372,2771
2372,1455
2372,1014
2372,2561
2372,164
2372,158
2372,89
2372,1832
2372,2097
2372,291
2372,3142
2372,409
2372,2755
2372,745
2372,429
2372,2790
2372,1680
2372,2589
621,1008
2587,1799
2587,97
2587,3065
2521,1799
2521,2083
2521,3234
2521,1820
2521,447
2521,1132
2521,97
2521,2582
3003,1151
3003,2496
3003,2456
3003,712
3003,3410
3003,2762
3003,2307
3003,2561
3003,331
3003,2929
3003,890
3003,560
3003,2332
3003,1925
3003,463
3003,2396
3003,90
3003,2301
3003,1421
3003,818
3003,184
3003,3120
3003,2614
3003,1376
3003,865
2264,2973
1759,2073
2383,288
23,62
23,558
23,100
23,1630
23,1014
23,1817
23,1814
23,2347
23,1431
23,106
23,1344
23,2003
23,317
23,153
696,632
2373,1217
2373,3406
2373,568
2373,2301
2373,2596
711,3397
711,3105
711,3081
433,2500
433,3397
433,310
433,2508
433,447
433,2301
433,1755
433,1644
433,1767
433,2596
433,2489
433,3081
2916,3127
2916,2253
2916,1557
3021,1785
3103,1896
3103,3360
3103,619
3103,545
3103,203
3103,641
3103,1972
735,153
878,317
1414,587
1414,1361
403,3248
2524,1412
369,608
1338,76
709,1305
2204,1293
2204,284
2204,3297
2204,2415
2204,1045
2204,477
2204,3002
3102,1271
2307,1412
1771,1284
1771,1036
1589,153
459,1583
459,1014
459,745
2427,718
2427,1328
2427,2672
1790,1700
1790,2489
251,185
251,608
251,1648
1143,3127
1143,2482
2686,203
1379,153
1379,184
1683,2564
1014,181
1014,425
1014,231
1014,175
1014,1006
1014,153
200,89
200,1285
967,815
967,2150
967,1945
967,2038
2561,153
2384,175
3165,718
3165,2635
3165,2920
3165,2511
3165,2567
3165,2921
3165,97
3165,1242
3165,2757
3165,1761
3165,754
3165,1665
3165,3170
3165,3065
3165,949
2018,89
2277,2894
2277,1305
2277,2800
1529,2009
2490,1757
2490,528
2490,1771
2490,1790
2490,1785
2490,2731
2490,1820
2490,1337
2490,447
2490,3040
2490,3008
2490,3348
2490,1810
2490,1700
2490,1413
2490,2489
1010,1508
1010,8
1010,1120
1010,2469
1010,2073
1010,3272
1010,1463
1010,1363
1010,2603
1010,1344
1010,1521
1010,317
1010,1881
1010,2141
1010,153
1010,1548
1010,1585
240,2794
240,185
240,447
240,771
240,154
240,914
240,2801
240,2009
240,477
240,700
240,548
240,2489
31,718
31,403
31,164
31,447
31,468
31,680
31,126
31,153
31,386
2857,2771
182,1176
2262,1027
2262,928
2262,568
2262,661
2262,3081
1772,67
1772,2489
1772,2589
2581,3049
2581,154
2581,2596
2581,1648
3016,3090
3016,1589
3016,2920
3016,447
3016,184
3016,2489
3027,1014
3027,2782
1481,184
3010,1027
3010,3059
3010,2088
3010,3251
3010,3226
3010,1057
3010,1700
3010,2489
3010,2589
2366,928
2366,2654
2366,3170
2026,1224
2026,603
2026,2374
2026,2245
2026,2083
2026,697
2026,1583
2026,850
2026,1073
2026,3068
2026,872
2026,1630
2026,696
2026,1025
2026,33
2026,178
2026,140
2026,2714
2026,2236
2026,2539
2026,1018
2026,2481
2026,432
2026,1924
2026,3390
2026,360
2026,1035
2026,2462
2026,2072
2026,126
2026,65
2026,608
2026,1881
2026,2141
2026,2953
2026,3374
2026,105
2026,2415
2026,13
2026,754
2026,1113
2026,485
2026,460
2026,184
2026,959
2026,526
3395,1761
3009,3417
1116,2820
1116,153
1469,559
1469,2375
1469,60
1469,184
301,674
3017,1589
3017,2672
3017,2489
396,798
396,62
396,2654
396,399
396,1463
396,1266
396,253
396,1363
396,292
396,175
396,38
396,312
396,27
396,21
396,153
396,460
396,791
1536,619
1536,85
444,1384
444,718
444,2294
444,2517
444,83
444,2489
427,1799
427,2603
427,153
215,502
3403,399
3403,3079
3403,2603
63,1284
63,296
63,284
63,27
63,2
63,317
63,608
63,153
63,888
2730,2703
2730,240
2730,444
2730,266
2730,2603
2730,2665
2730,1013
2730,3164
2730,184
2730,3182
2730,1796
2014,3103
2014,1629
2014,1817
2014,1518
2014,235
2014,36
2014,184
2014,202
1624,1521
82,310
82,589
82,229
82,468
82,848
82,805
82,1746
82,1399
82,36
82,203
82,969
82,1515
1026,3079
2145,2463
196,315
196,153
196,574
3215,3241
1498,1799
1766,1027
1766,890
1766,1340
1766,949
2559,2564
164,1050
164,2072
3349,2771
3349,2489
1007,2771
1007,425
1007,1370
1007,969
394,1284
394,1057
2671,1988
2076,619
2076,608
2076,1718
910,62
158,181
158,175
158,2072
52,558
52,2711
52,399
52,2384
52,1197
52,1363
52,3036
52,2992
52,2945
52,27
52,379
52,3164
52,3332
728,399
3214,1515
401,317
401,153
2410,11
2466,1268
1132,2967
583,2664
1794,1761
1794,2489
1794,3025
1842,574
1406,987
2258,1284
2258,60
1919,530
1919,3114
1919,2592
532,715
225,702
225,153
78,317
78,153
78,1585
78,574
78,184
2397,3090
3084,2
3084,430
2148,2943
350,167
18,2576
18,1008
18,691
18,603
18,2823
18,698
18,102
18,760
18,510
18,2115
18,2771
18,1025
18,3103
18,1014
18,1949
18,164
18,890
18,288
18,75
18,2741
18,72
18,1612
18,2236
18,57
18,236
18,1878
18,111
18,1105
18,1814
18,1518
18,1340
18,1698
18,805
18,106
18,2205
18,335
18,2124
18,231
18,2030
18,2603
18,175
18,1344
18,2001
18,2021
18,38
18,803
18,1748
18,317
18,2212
18,1428
18,1605
18,2141
18,1746
18,153
18,324
18,105
18,1358
18,1510
18,202
18,1263
18,1269
710,297
710,97
769,184
41,707
41,181
41,175
41,235
41,1521
41,317
41,626
1015,1509
1015,1027
1015,1799
1015,846
1015,403
1015,1014
1015,1284
1015,401
1015,350
1015,136
1015,743
1015,1105
1015,80
1015,834
1015,828
1015,1032
1015,195
1015,175
1015,51
1015,876
1015,153
1015,1399
1015,13
1015,386
1015,829
1015,462
1015,3212
1015,1510
1015,759
1015,1359
513,1575
2391,2302
2391,1988
2391,1171
2391,186
2391,2921
2391,1978
1037,317
1037,153
1037,203
1037,1221
692,399
2813,332
2573,1220
2573,197
2573,1014
2573,2664
238,1293
50,1463
50,133
50,440
50,153
329,839
2873,2654
2254,2564
2254,510
2254,1025
2254,288
2254,1242
2254,3164
2254,959
2254,1238
772,376
33,461
33,1638
33,798
33,297
33,1483
33,2667
33,2866
33,503
33,691
33,1757
33,1384
33,2359
33,718
33,559
33,102
33,1402
33,1649
33,404
33,2305
33,1357
33,850
33,2738
33,510
33,201
33,870
33,459
33,200
33,2639
33,164
33,158
33,1076
33,1200
33,225
33,350
33,3179
33,3203
33,2890
33,885
33,288
33,496
33,2756
33,771
33,3251
33,2236
33,2222
33,812
33,2539
33,1178
33,1106
33,2343
33,3348
33,3316
33,2093
33,2680
33,2979
33,1765
33,1285
33,636
33,1628
33,1236
33,3342
33,83
33,1266
33,957
33,80
33,1946
33,186
33,2439
33,1477
33,1340
33,3196
33,2575
33,2464
33,1698
33,3114
33,3119
33,2480
33,2574
33,995
33,10
33,1407
33,2125
33,322
33,2334
33,3007
33,566
33,195
33,1181
33,2425
33,2662
33,1130
33,505
33,938
33,2768
33,3122
33,1328
33,662
33,1216
33,803
33,753
33,3321
33,569
33,504
33,3201
33,2906
33,2545
33,2717
33,90
33,2939
33,489
33,1429
33,452
33,726
33,332
33,1352
33,2270
33,3072
33,441
33,801
33,714
33,2757
33,2634
33,2395
33,3006
33,2382
33,2414
33,1389
33,745
33,1756
33,2696
33,3140
33,2135
33,1017
33,2415
33,3131
33,13
33,1277
33,729
33,333
33,1644
33,926
33,198
33,267
33,1761
33,802
33,1850
33,2585
33,2737
33,1626
33,1440
33,752
33,880
33,985
33,2690
33,1796
33,112
33,2479
33,2800
33,279
33,224
33,2489
33,3035
33,902
33,502
33,1238
33,526
33,362
33,2339
33,1863
33,2589
2364,2576
2364,603
2364,718
2364,2753
2364,3145
2364,610
2364,2771
2364,2594
2364,3328
2364,2920
2364,2871
2364,2431
2364,899
2364,1673
2364,2756
2364,2539
2364,2093
2364,1128
2364,1345
2364,1893
2364,3114
2364,3142
2364,2801
2364,2425
2364,457
2364,505
2364,2692
2364,2755
2364,1437
2364,2381
2364,1704
2364,788
2364,2838
2364,2953
2364,2872
2364,3002
2364,3075
2364,985
2364,2800
2364,3220
2364,224
2364,1680
2364,1648
2364,2207
2364,1269
2364,1912
178,399
178,2347
178,153
254,1147
254,153
375,1646
375,952
375,1487
375,987
375,1356
375,159
375,164
375,899
375,3354
375,1673
375,1128
375,3240
375,919
375,332
375,153
375,1399
853,403
853,2801
257,2124
257,1796
257,1557
1348,2359
1348,712
1348,3226
1348,1407
1348,1810
1100,288
149,1799
149,2870
149,403
149,1014
149,164
149,2539
149,2684
149,1340
149,1345
149,1225
149,3119
149,1071
149,2536
149,1709
149,1328
149,702
149,796
149,379
149,332
149,3164
149,745
149,3377
149,1875
149,408
149,184
149,203
389,696
288,1128
288,2963
1497,181
1186,3162
3408,2564
3408,2516
3408,3202
75,1193
75,1478
75,153
75,1585
496,1905
4,2195
4,3042
4,300
4,1478
4,399
4,1356
4,2115
4,2198
4,444
4,1105
4,253
4,409
4,3178
4,60
4,386
4,1045
4,203
4,700
4,1376
4,969
1811,317
353,153
481,2312
481,2603
481,3164
1888,1689
1888,154
1888,1184
1888,1933
1152,798
1152,315
1460,2010
140,902
72,1630
72,1014
72,106
72,619
72,2603
72,1344
72,317
72,888
72,1557
1918,1905
1918,558
1918,1384
1918,1447
1918,559
1918,2276
1918,399
1918,1365
1918,2771
1918,3068
1918,1197
1918,3406
1918,159
1918,378
1918,447
1918,3179
1918,632
1918,89
1918,67
1918,689
1918,3159
1918,258
1918,80
1918,2827
1918,186
1918,97
1918,2574
1918,2801
1918,195
1918,2972
1918,88
1918,2828
1918,876
1918,332
1918,3164
1918,1028
1918,2505
1918,430
1918,415
1918,2652
1918,2592
1918,2577
1918,121
1918,3212
1918,1510
1918,2489
1918,1863
1918,2291
1112,468
1112,3201
1112,60
1112,2162
1112,985
1112,1863
693,1799
693,399
693,1284
693,75
693,175
693,1992
173,559
173,1583
173,175
173,126
173,60
173,203
173,1648
1817,608
771,264
771,754
771,184
771,203
2057,175
451,560
451,468
451,598
451,87
451,985
89,153
89,574
1463,1025
1463,253
1463,1344
1463,38
1463,317
2983,3375
654,283
1501,1146
1501,1879
1501,2072
1827,2115
1827,3234
1827,888
2987,1799
3086,1878
3086,153
2966,1894
2673,2539
1020,3096
1020,1072
1020,3130
1020,1363
1020,702
1020,608
1020,153
1020,1399
1020,1321
1020,1358
2236,2195
2236,2129
2236,2009
2236,2141
943,283
943,153
1736,1583
1736,186
1427,2667
1427,1356
1427,857
1427,97
1427,2563
1427,926
1427,184
1118,1689
703,603
703,718
703,1306
703,2771
703,3234
703,447
703,2539
703,154
703,97
703,2319
703,2388
703,800
703,3164
703,1700
703,1796
703,3045
703,1863
1836,1757
1836,3332
2458,56
127,2500
127,696
127,225
127,89
127,2
127,829
704,969
1106,2143
1106,153
57,1120
57,1817
57,1246
57,2536
57,175
57,1344
57,38
57,1521
57,1332
57,1399
57,437
2343,1876
2343,2654
2343,3316
2343,184
1235,102
1235,153
1906,608
1341,1217
1341,3121
1341,718
1341,2276
1341,760
1341,3059
1341,1356
1341,3068
1341,3090
1341,1014
1341,1076
1341,3078
1341,97
1341,426
1341,2641
1341,3323
1341,661
1341,800
1341,633
1341,1189
1341,749
1341,3147
1341,1700
1341,1615
1341,1761
1341,1819
1341,3170
1341,2532
1341,1376
1341,1648
3285,1407
600,2820
67,506
67,153
67,574
1897,2
1897,608
2051,97
2051,184
734,608
734,888
1119,608
259,803
2217,603
2217,2771
2217,696
2217,2916
2217,1025
2217,2653
2217,3127
2217,568
2217,455
2217,2539
2217,2841
2217,674
2217,1491
2217,2205
2217,3390
2217,2124
2217,1035
2217,2603
2217,2850
2217,1344
2217,1549
2217,1521
2217,608
2217,1881
2217,2141
2217,745
2217,2135
2217,485
2217,184
2217,3393
1573,195
1832,175
1832,783
1832,3002
1222,97
2274,60
2330,2564
2330,2871
546,1357
1719,2124
1719,608
1719,184
1986,2390
3315,2195
3315,1522
3315,1292
3315,1197
3315,52
3315,334
3315,1988
3315,669
3315,2143
3315,2931
3315,2439
3315,2124
3315,1686
3315,2924
3315,2084
3315,2864
3315,1343
3315,745
3315,1067
3315,348
3315,875
3315,3112
3315,1911
3315,3318
3315,1977
3315,1978
3315,1747
3315,1243
3315,1561
2259,718
2259,1789
2259,1849
2259,2303
2259,2294
2259,3164
2259,738
2259,2489
2259,2007
2259,2454
2419,2498
514,2931
514,231
681,2563
1253,1708
1253,315
342,559
342,97
589,153
58,1356
58,75
58,1463
58,589
58,97
58,181
58,619
58,1344
58,38
58,27
58,109
58,126
58,328
58,153
58,184
2370,3121
2370,3317
2370,3127
2370,2931
2370,83
2370,3196
2370,941
2370,2924
2370,13
1158,96
1158,2
2979,69
1016,2771
1016,2549
1316,1191
1316,2150
1316,3241
2180,2195
2180,603
2180,1220
2180,1630
2180,3103
2180,3127
2180,2073
2180,3298
2180,178
2180,290
2180,92
2180,1745
2180,1225
2180,106
2180,1879
2180,422
2180,38
2180,235
2180,2
2180,608
2180,650
2180,2141
2180,715
2180,1899
2180,1885
2180,36
2180,264
2180,1149
2180,1557
2180,202
2180,17
669,1069
669,1583
669,972
669,1522
669,673
669,555
669,519
669,317
669,2053
1765,2665
1765,714
471,1344
471,60
1676,1537
1692,235
93,1434
93,1817
93,2827
93,619
93,1344
93,38
93,588
93,1995
2202,1524
2202,2080
2186,1463
2186,1344
2186,3275
2186,317
2186,608
2186,2141
2186,485
1329,153
2249,2603
229,1399
1937,329
1778,1027
1778,1799
1778,399
1778,890
1778,89
1778,296
1778,818
1778,203
1778,1863
1778,1311
2519,3170
458,43
2517,2920
2517,444
2517,2672
1576,1660
400,1293
400,3036
336,403
2257,1508
2257,603
2257,718
2257,1688
2257,2753
2257,3074
2257,2406
2257,2512
2257,2771
2257,3090
2257,3149
2257,1589
2257,3014
2257,3418
2257,447
2257,899
2257,1128
2257,2360
2257,42
2257,2341
2257,1266
2257,2688
2257,2854
2257,1351
2257,2027
2257,598
2257,963
2257,153
2257,745
2257,2206
2257,1615
2257,1321
2257,1415
2257,1850
2257,2800
2257,2489
2257,2007
2257,1269
2257,2422
226,506
226,816
226,735
226,2122
226,89
226,543
226,1340
226,900
226,97
226,1237
226,702
226,126
226,1933
226,1321
226,13
226,1411
226,184
226,2589
236,1583
236,1630
236,1025
236,1817
236,1119
236,2124
236,619
236,1050
236,1748
236,608
236,1557
236,202
2357,2920
2357,1700
2357,192
147,1191
147,634
147,1535
147,2843
147,3394
147,2680
147,1363
147,1740
147,1471
147,2992
147,1075
147,1977
147,1747
2287,399
110,718
110,2711
110,3307
110,2305
110,2564
110,459
110,1197
110,2714
110,89
110,3251
110,2418
110,1490
110,2387
110,3041
110,1171
110,83
110,3361
110,924
110,186
110,326
110,1788
110,2514
110,3218
110,1839
110,1328
110,3158
110,3199
110,2545
110,2642
110,3072
110,1121
110,3006
110,745
110,909
110,1607
110,498
110,2672
110,1850
110,2592
110,2507
110,751
110,791
110,2800
110,1912
673,557
2387,957
1913,2388
2971,312
2971,2924
296,153
3169,2489
490,1207
490,36
602,175
2424,2141
507,399
242,89
2028,2236
2028,1881
99,1014
99,444
99,75
99,290
99,2143
99,376
99,1035
99,96
2323,184
256,1128
256,2889
167,403
167,1284
167,204
167,292
167,716
167,328
167,60
167,1933
167,17
42,1646
42,952
42,1688
42,2753
42,165
42,1356
42,403
42,3328
42,2970
42,2390
42,632
42,1673
42,288
42,2856
42,2936
42,393
42,1946
42,1400
42,469
42,919
42,2947
42,3158
42,1216
42,2755
42,1353
42,991
42,598
42,963
42,153
42,745
42,2777
42,2032
42,1767
42,2585
42,2583
42,1474
42,3002
42,1859
42,2479
42,2800
439,691
439,3
2453,483
2453,1846
2453,738
1072,702
1199,3316
2292,2871
2292,2626
2292,1959
1877,2118
1877,2078
1877,2080
1877,1521
1877,608
1877,361
2543,2500
1350,718
1350,3145
1350,2771
1350,447
1350,899
1350,2437
1350,3158
1350,3201
1350,1189
1350,751
1350,2800
601,1518
1878,153
1426,399
1426,1148
1426,902
1,1293
1,2195
1,2232
1,1478
1,1630
1,2843
1,444
1,140
1,589
1,1285
1,619
1,1161
1,175
1,1344
1,608
1,268
1,1585
1,460
1,2489
1848,2771
1848,2384
1848,240
1848,2796
1848,2801
1848,2293
1848,1269
2931,89
622,806
622,1945
622,184
449,2667
449,1872
449,754
111,185
111,140
1012,461
1012,501
1012,1508
1012,798
1012,1438
1012,297
1012,1646
1012,1509
1012,340
1012,2195
1012,480
1012,2359
1012,718
1012,1310
1012,300
1012,1688
1012,897
1012,299
1012,2711
1012,2753
1012,3145
1012,987
1012,1821
1012,228
1012,1649
1012,2245
1012,2083
1012,2305
1012,1795
1012,712
1012,1157
1012,2512
1012,1356
1012,577
1012,2666
1012,1073
1012,1124
1012,2771
1012,696
1012,2594
1012,735
1012,403
1012,459
1012,1014
1012,3328
1012,2581
1012,2678
1012,3094
1012,962
1012,2639
1012,2073
1012,539
1012,1076
1012,899
1012,243
1012,632
1012,1673
1012,288
1012,771
1012,89
1012,1682
1012,778
1012,849
1012,1128
1012,2979
1012,1765
1012,393
1012,674
1012,1350
1012,2658
1012,1246
1012,2969
1012,1596
1012,83
1012,1360
1012,186
1012,1002
1012,1340
1012,1363
1012,3114
1012,2651
1012,291
1012,576
1012,2480
1012,2896
1012,919
1012,1289
1012,579
1012,2334
1012,566
1012,3218
1012,341
1012,457
1012,505
1012,440
1012,2692
1012,260
1012,569
1012,1353
1012,519
1012,90
1012,2290
1012,800
1012,702
1012,1704
1012,2350
1012,2027
1012,332
1012,1605
1012,1352
1012,598
1012,788
1012,1370
1012,60
1012,153
1012,1335
1012,1389
1012,745
1012,1756
1012,218
1012,774
1012,2032
1012,1277
1012,1336
1012,333
1012,926
1012,829
1012,2531
1012,267
1012,87
1012,802
1012,1852
1012,776
1012,752
1012,985
1012,1633
1012,1510
1012,1691
1012,959
1012,2800
1012,279
1012,759
1012,1680
1012,2489
1012,1401
1012,1238
1012,1269
1012,192
1012,586
1012,1617
499,589
499,437
39,175
39,332
39,153
39,184
338,1014
338,1576
533,288
533,3098
533,1878
533,317
533,1347
533,809
1843,184
1915,184
2437,696
2437,1025
2437,206
2437,97
2437,3365
2437,517
2437,2928
2437,2672
2437,776
2437,2940
2437,3065
1814,1014
1814,1463
1814,153
1814,184
1814,202
29,399
29,154
29,1363
29,97
29,181
29,425
29,2595
29,1057
29,153
29,3045
29,969
29,2489
83,175
83,1302
83,608
83,2141
2078,2100
2078,1521
2078,1718
968,1478
968,743
968,360
968,1945
968,608
2000,297
2000,2667
2000,3317
2000,3307
2000,2276
2000,1649
2000,2184
2000,399
2000,1822
2000,1025
2000,3328
2000,3127
2000,1197
2000,811
2000,2970
2000,447
2000,1173
2000,375
2000,1673
2000,1813
2000,1682
2000,1128
2000,2936
2000,3129
2000,42
2000,1896
2000,111
2000,3235
2000,2850
2000,2945
2000,2648
2000,3158
2000,3201
2000,519
2000,2290
2000,1421
2000,608
2000,153
2000,745
2000,2953
2000,517
2000,1667
2000,498
2000,1107
2000,809
2000,1045
2000,2479
699,1799
699,153
2064,2931
2064,3178
1729,1548
141,849
152,1527
152,657
152,676
152,2916
152,1014
152,3328
152,3234
152,240
152,1673
152,3296
152,1662
152,3297
152,2124
152,1945
152,260
152,1098
152,745
152,1899
152,1045
152,2085
924,1469
924,969
2820,1069
2820,1583
2820,399
2820,2603
2820,175
2820,2100
2820,608
2820,153
2820,1557
2008,1589
2178,2843
2178,1032
1484,3
122,1817
122,38
122,608
217,399
217,38
1826,2298
1826,2564
1826,1328
1826,2
1826,2407
1826,2585
1826,1033
1826,1863
1518,1284
1518,1225
1518,235
1518,280
1518,608
1518,574
80,133
80,317
2413,460
2609,1912
1818,2516
806,2245
806,1105
2827,153
186,2667
186,3234
186,2717
186,3147
2365,944
2365,2423
2365,1193
2365,603
2365,1753
2365,3307
2365,2753
2365,3145
2365,2839
2365,2083
2365,1822
2365,2771
2365,2594
2365,2878
2365,1674
2365,2653
2365,3328
2365,1197
2365,164
2365,1673
2365,1787
2365,1813
2365,1490
2365,849
2365,1246
2365,97
2365,1544
2365,2896
2365,2536
2365,1884
2365,1242
2365,2850
2365,2945
2365,2854
2365,3158
2365,1216
2365,1351
2365,2290
2365,921
2365,714
2365,1590
2365,745
2365,2549
2365,218
2365,198
2365,2478
2365,1990
2365,751
2365,752
2365,3065
2365,2489
2365,2638
616,1343
2439,2141
2408,2363
842,60
842,153
129,399
129,1629
882,403
882,2387
765,1233
605,1014
605,2319
605,1057
605,1700
605,2672
1018,1305
1018,1389
3207,3365
1219,288
1219,745
92,1766
92,1817
92,2093
92,3036
92,1678
92,1050
92,1344
92,88
92,1521
92,608
92,218
92,203
206,3203
206,849
206,2692
206,1366
206,2463
1477,1014
1477,1128
1477,1216
1477,2800
2769,3170
766,1285
766,2820
766,2
766,198
766,184
1774,1583
1774,75
1774,76
1774,3036
1774,153
837,1407
837,2924
1340,1689
1340,1184
1340,1330
1340,502
1675,184
1675,502
270,1673
270,1128
270,919
2486,2672
2486,3081
1021,2703
1021,69
1021,1560
2546,2496
2546,447
2546,198
3388,332
2615,2667
2615,184
0,1998
0,1027
0,559
0,2839
0,2683
0,760
0,1188
0,1220
0,2654
0,2471
0,1822
0,1356
0,1124
0,1025
0,403
0,1379
0,1292
0,2281
0,2198
0,568
0,1284
0,1766
0,2871
0,3179
0,632
0,178
0,89
0,1501
0,849
0,154
0,296
0,1878
0,1105
0,957
0,181
0,867
0,877
0,1225
0,2801
0,360
0,1242
0,1035
0,2603
0,281
0,3362
0,1167
0,2924
0,2055
0,800
0,1421
0,2072
0,126
0,332
0,1189
0,1370
0,153
0,1274
0,745
0,2949
0,500
0,1415
0,386
0,1283
0,203
0,224
0,168
0,1863
1363,1221
2464,2924
1431,1766
1546,38
2263,1638
2263,558
2263,603
2263,1384
2263,2359
2263,1447
2263,2241
2263,1799
2263,2839
2263,1402
2263,2675
2263,2245
2263,1357
2263,712
2263,1356
2263,2633
2263,2115
2263,424
2263,2310
2263,2771
2263,2587
2263,1025
2263,403
2263,1279
2263,1851
2263,1014
2263,530
2263,3406
2263,2639
2263,568
2263,444
2263,3403
2263,2073
2263,1847
2263,2681
2263,447
2263,743
2263,890
2263,3419
2263,288
2263,2756
2263,2236
2263,2539
2263,1490
2263,2143
2263,3249
2263,1946
2263,133
2263,2347
2263,1788
2263,3196
2263,1021
2263,2546
2263,1363
2263,1698
2263,1544
2263,3360
2263,3390
2263,1858
2263,2801
2263,1342
2263,1407
2263,409
2263,1242
2263,2603
2263,1485
2263,3218
2263,3362
2263,2749
2263,1351
2263,2755
2263,3202
2263,2924
2263,892
2263,2906
2263,3365
2263,2545
2263,2563
2263,2301
2263,379
2263,2321
2263,126
2263,332
2263,598
2263,3164
2263,60
2263,3085
2263,1389
2263,745
2263,1399
2263,2206
2263,3147
2263,2325
2263,1436
2263,2467
2263,13
2263,333
2263,1644
2263,267
2263,2240
2263,2763
2263,1850
2263,2260
2263,1626
2263,2463
2263,2994
2263,3170
2263,985
2263,2690
2263,1796
2263,2800
2263,1558
2263,2596
2263,2489
2263,1401
2263,902
2263,1863
2263,1912
2921,1757
2921,3170
960,3393
2598,2643
1443,89
2392,2472
278,890
24,698
24,1434
24,1630
24,403
24,444
24,1463
24,167
24,468
24,919
24,312
24,437
523,718
523,2564
523,117
523,399
523,1284
523,954
523,858
523,1344
523,153
523,2585
7,798
7,1217
7,603
7,2115
7,403
7,845
7,447
7,1497
7,1419
7,290
7,454
7,1105
7,1484
7,181
7,3119
7,425
7,2129
7,175
7,235
7,597
7,608
7,2141
7,153
7,386
7,395
2754,1014
2754,203
2109,558
1345,718
1345,2771
1345,530
1345,2714
1345,3158
1345,517
1581,257
1581,1235
1581,422
1581,60
1581,1017
1581,809
1581,2061
1581,456
261,1344
261,1521
261,509
2869,88
2515,1407
3297,3275
155,2407
2553,718
2553,2245
2553,510
2553,200
2553,1399
2493,2703
2493,185
2493,1014
2493,2384
2493,3406
2493,444
2493,447
2493,1200
2493,2252
2493,3129
2493,2319
2493,3390
2493,3323
2493,1184
2493,332
2493,1370
2493,3164
2493,3150
2493,2592
2493,477
2493,2489
97,175
848,317
848,153
2960,2359
748,175
2442,2900
922,1014
922,876
922,272
1230,203
1781,603
1781,718
1781,2707
1781,702
1781,2291
1891,153
860,153
2579,603
2579,1480
2579,2672
48,798
48,1027
48,2195
48,558
48,603
48,2359
48,1306
48,698
48,559
48,1799
48,102
48,1220
48,510
48,2115
48,2771
48,161
48,1014
48,200
48,1469
48,164
48,52
48,401
48,372
48,3179
48,1629
48,1817
48,89
48,154
48,1316
48,83
48,80
48,1698
48,1054
48,2574
48,335
48,995
48,1050
48,1032
48,1035
48,2603
48,1521
48,293
48,1437
48,1489
48,2027
48,876
48,126
48,2141
48,276
48,153
48,218
48,1396
48,626
48,2763
48,1761
48,477
48,11
48,3212
48,1970
48,437
48,841
48,902
48,526
48,553
48,1226
48,1359
1228,153
2265,2387
1802,2454
2426,1356
2426,754
2426,2507
2426,1863
144,157
144,447
144,27
144,1617
2256,2276
2256,1965
2256,3057
2256,1356
2256,3090
2256,1014
2256,3024
2256,2281
2256,447
2256,2357
2256,2319
2256,661
2256,90
2256,332
2256,1700
2256,267
2256,2672
2256,2592
2256,224
2256,2489
2256,502
2256,1863
615,38
615,1521
1749,501
1749,2599
1749,1508
1749,2576
1749,1008
1749,130
1749,2195
1749,1757
1749,603
1749,2359
1749,718
1749,299
1749,2711
1749,1799
1749,2374
1749,2839
1749,2683
1749,1965
1749,2083
1749,165
1749,2047
1749,1951
1749,1357
1749,2584
1749,1356
1749,1365
1749,2115
1749,1120
1749,1073
1749,1124
1749,2771
1749,870
1749,2587
1749,1841
1749,696
1749,3090
1749,403
1749,1674
1749,1771
1749,459
1749,1790
1749,1851
1749,1292
1749,3033
1749,200
1749,2384
1749,1288
1749,3406
1749,2281
1749,3058
1749,2198
1749,568
1749,934
1749,3418
1749,3403
1749,1847
1749,1284
1749,378
1749,2719
1749,350
1749,136
1749,710
1749,890
1749,2741
1749,89
1749,1463
1749,2987
1749,2236
1749,2539
1749,1341
1749,2093
1749,1719
1749,1986
1749,154
1749,1765
1749,1285
1749,1614
1749,393
1749,42
1749,1697
1749,258
1749,2341
1749,83
1749,1266
1749,2820
1749,2688
1749,2347
1749,1788
1749,3196
1749,3036
1749,2247
1749,2124
1749,2801
1749,2312
1749,2624
1749,3226
1749,360
1749,3323
1749,1407
1749,529
1749,3105
1749,823
1749,3122
1749,1259
1749,2854
1749,569
1749,2924
1749,892
1749,1031
1749,2144
1749,633
1749,489
1749,544
1749,2401
1749,2321
1749,2027
1749,1115
1749,598
1749,2141
1749,1332
1749,2382
1749,218
1749,3377
1749,1700
1749,3188
1749,500
1749,1835
1749,1321
1749,1828
1749,1415
1749,1777
1749,729
1749,2763
1749,3242
1749,2592
1749,484
1749,1969
1749,2229
1749,1283
1749,2507
1749,2761
1749,395
1749,572
1749,3065
1749,1558
1749,3011
1749,2489
1749,902
1749,502
1749,3081
1749,526
1749,1648
1749,2494
1749,2602
1749,1863
179,1447
76,1905
76,589
76,1363
76,181
76,175
76,153
2353,175
81,798
81,1220
81,197
81,1019
81,1363
81,2030
81,27
81,519
81,90
81,153
81,829
81,2463
81,203
81,902
81,502
81,168
1425,1438
1425,2954
1425,1688
1425,2753
1425,3145
1425,2245
1425,2766
1425,2594
1425,3328
1425,632
1425,2355
1425,2093
1425,2979
1425,674
1425,2658
1425,1266
1425,3114
1425,3142
1425,2801
1425,407
1425,505
1425,2768
1425,1437
1425,2144
1425,2717
1425,598
1425,714
1425,745
1425,2655
1425,2412
1425,984
1425,985
1425,2479
1425,2800
1425,2489
1425,1912
2481,2129
1893,603
1893,1384
1893,2359
1893,2771
1893,867
1893,1328
1893,921
1893,153
1893,1761
1893,1863
1893,2291
538,608
538,153
2221,326
2221,3390
2221,1017
2221,198
2221,267
2221,1648
181,32
181,29
181,175
181,153
1939,2564
1738,2100
1738,1557
3030,3177
3030,3234
3030,2714
3030,714
3030,3332
858,322
3126,2098
834,374
2286,3234
2286,69
2286,2603
2286,2489
1873,374
1873,1765
1873,24
1873,2247
1873,1521
1873,277
1873,909
1873,1960
3036,2359
3036,468
2379,1025
2379,2093
2379,69
2379,601
2379,615
2379,1344
2379,630
2379,109
2379,785
2379,441
2379,1796
125,62
125,8
125,399
867,846
2998,2799
327,1521
2351,2603
2351,88
2351,1347
2351,1761
2351,213
782,317
2925,2563
1705,185
1705,2920
2070,1583
2070,3103
2070,568
2070,2076
2070,2118
2070,3141
2070,1738
2070,608
2070,153
2070,2200
2070,2090
2070,184
930,153
930,184
2914,2757
3347,998
3095,1757
3095,3090
3095,2920
3095,3406
3095,447
3095,478
3095,2545
3095,90
3095,1376
3095,949
436,1025
166,1674
166,2685
713,416
713,458
713,1344
713,153
713,3143
877,718
877,399
877,463
1225,1799
1225,1347
432,186
432,2603
432,175
37,1776
37,1384
37,2245
37,1614
37,284
37,317
37,126
37,153
37,2463
106,1630
106,1814
106,38
106,1521
106,608
2687,3098
123,1799
123,89
123,468
123,60
123,153
123,184
123,1221
146,2423
146,297
146,1193
146,3307
146,2753
146,2654
146,1822
146,3328
146,1197
146,2900
146,1919
146,1173
146,1673
146,288
146,2539
146,560
146,3240
146,1266
146,2515
146,3114
146,266
146,2801
146,1242
146,2945
146,2648
146,3158
146,2755
146,2939
146,2290
146,2350
146,3171
146,745
146,2953
146,2777
146,218
146,1700
146,809
146,2585
146,2810
146,3002
146,2800
146,1376
146,1648
146,2638
1237,153
2363,1027
2363,558
2363,1357
2363,399
2363,2115
2363,1846
2363,403
2363,1674
2363,1014
2363,568
2363,710
2363,238
2363,89
2363,143
2363,2626
2363,1814
2363,2408
2363,1146
2363,3119
2363,2205
2363,2801
2363,2125
2363,3275
2363,277
2363,90
2363,2381
2363,317
2363,2867
2363,1057
2363,1428
2363,991
2363,1274
2363,715
2363,13
2363,2489
2363,3081
2363,799
2432,266
695,2711
695,1799
695,2771
695,743
695,1463
695,1316
695,253
695,2603
695,1344
695,702
695,317
695,921
695,153
695,745
695,1399
807,288
807,2338
807,2984
1635,201
1635,3103
1635,140
1635,2236
1635,2845
1635,2021
1635,2003
1635,2844
1635,332
1635,2141
1635,1343
1635,2706
1635,252
3339,164
1471,1601
1471,967
1471,734
1471,3316
1471,2680
1471,622
1471,1171
1471,83
1471,2009
1471,1032
1471,1945
1471,1075
1471,1488
1471,2
1471,1911
1471,759
1471,902
731,510
2480,3328
737,1197
737,919
2296,2771
2296,288
2296,2828
2574,1387
2574,1396
1984,2489
1887,1407
1011,62
1011,2794
1011,403
1011,454
1011,589
1011,602
1011,2161
1011,1710
1011,2347
1011,1340
1011,106
1011,425
1011,646
1011,2124
1011,2436
1011,1035
1011,1344
1011,457
1011,312
1011,2924
1011,2607
1011,332
1011,608
1011,441
1011,1881
1011,153
1011,318
1011,745
1011,1082
1011,2652
1011,395
1011,1520
1011,1510
1011,2489
1011,865
1011,2291
1071,296
1071,83
1071,702
1071,1409
2527,902
646,603
646,2
646,153
2124,304
2124,2574
2821,1428
2821,332
137,1193
137,2306
137,2469
137,231
137,175
137,2100
137,608
137,1881
137,641
137,2922
70,38
70,317
70,153
1922,62
1922,1387
2312,2359
2312,310
2312,3127
2312,1407
2312,60
2312,418
619,2141
3062,1151
3062,2653
3062,2391
3062,2714
3062,1199
3062,622
3062,184
2333,1827
2333,646
2333,2761
2624,2794
2624,2801
2624,3167
1408,2154
1408,1384
1408,3089
1408,1220
1408,3090
1408,1771
1408,3234
1408,447
1408,890
1408,496
1408,2539
1408,489
1408,379
1408,1761
1408,184
1408,224
1408,1863
15,399
15,1878
15,125
15,1050
15,175
15,1344
15,800
15,460
15,574
15,2489
15,526
15,2589
531,1648
435,185
435,317
2554,1919
431,175
431,153
1639,3119
1639,1648
1708,1407
1708,60
1708,203
1282,1776
1282,2359
1282,718
1282,2305
1282,2771
1282,1025
1282,3103
1282,1014
1282,2639
1282,1284
1282,350
1282,2093
1282,2171
1282,190
1282,1344
1282,2084
1282,876
1282,3164
1282,60
1282,2774
1282,2672
1282,2592
1282,184
1282,224
1282,902
1282,573
3235,2334
3235,2800
1588,560
1588,3119
10,2195
10,399
10,2115
10,568
10,3246
10,1817
10,2093
10,253
10,468
10,2124
10,1344
10,153
10,324
10,580
10,1557
1342,197
1342,424
1342,1288
1342,409
1342,803
360,1720
360,1347
174,409
174,153
391,698
391,2771
391,1630
391,403
391,632
391,771
391,2236
391,1285
391,439
391,239
391,193
391,317
391,2489
391,2022
1741,2124
1741,126
1741,1557
3301,184
3323,3194
3323,1321
3323,751
3052,1356
3052,1014
3052,204
3052,181
2388,1384
2388,2771
107,574
322,315
3104,608
2781,1285
1099,1630
1099,3103
1099,403
1099,3127
1099,568
1099,444
1099,164
1099,2719
1099,1814
1099,2080
1099,1834
1099,2124
1099,2801
1099,619
1099,1242
1099,28
1099,2924
1099,2144
1099,53
1099,1428
1099,608
1099,1189
1099,909
1099,1070
1099,485
1099,184
1099,2085
1099,902
1099,202
160,376
160,2463
2743,2667
2743,2359
2743,2654
2743,447
2743,2274
2743,1887
2743,2
2743,60
2743,2549
2743,430
2743,2672
2743,874
2743,3153
2743,1863
315,752
409,1447
409,38
409,1648
1432,1799
282,1638
2694,430
1032,332
14,1293
14,698
14,1025
14,310
14,1178
14,290
14,1285
14,133
14,51
14,126
14,714
14,153
14,1399
14,218
14,1665
14,574
14,1648
230,558
230,55
230,165
230,1025
230,240
230,444
230,2827
230,2515
230,3297
230,2319
230,2006
230,2819
230,317
230,3162
230,218
230,896
230,548
739,409
3007,2564
3007,2942
3007,3049
3007,2141
2166,38
566,2714
566,2489
305,718
305,3234
305,1755
305,2689
305,3002
1161,167
195,162
195,1799
195,153
195,574
422,1224
422,399
422,1363
422,2247
422,1488
422,153
118,38
118,2141
1976,1799
1793,2603
1793,1704
79,2073
79,1817
79,133
79,38
79,235
79,153
407,1766
407,75
407,1878
407,3392
407,2563
407,2434
407,754
407,408
2197,2232
1931,3143
1127,1817
1127,83
1127,485
1184,1689
1184,603
1184,1356
1184,1766
1184,167
1184,543
1184,1340
1184,1450
1184,1353
1184,153
1184,2889
1184,1796
1184,437
77,2115
77,403
77,164
77,154
77,454
77,589
77,2143
77,1814
77,425
77,409
77,175
77,126
77,153
77,218
77,626
77,386
77,581
77,1557
175,1356
175,181
175,38
175,324
2470,3
2470,447
209,603
209,1025
209,1469
209,83
209,1340
209,261
209,97
209,10
209,195
209,53
209,2
209,109
209,332
209,1605
209,2141
209,60
209,264
209,1585
209,184
2011,3106
2011,3107
2850,3107
1439,1689
1439,1330
1439,153
1439,1968
1439,148
1999,2596
2081,608
916,1184
916,1933
30,501
30,1217
30,1293
30,62
30,2208
30,1728
30,2359
30,2233
30,698
30,2241
30,2374
30,760
30,2703
30,1434
30,964
30,2115
30,2469
30,3103
30,1674
30,200
30,1288
30,568
30,427
30,2073
30,164
30,2671
30,3272
30,1200
30,3179
30,743
30,2391
30,3255
30,288
30,2741
30,140
30,1227
30,89
30,455
30,2252
30,2476
30,589
30,2150
30,1285
30,229
30,236
30,1614
30,2938
30,3392
30,622
30,1246
30,83
30,924
30,957
30,80
30,1360
30,2408
30,133
30,2171
30,1477
30,837
30,1340
30,2546
30,3114
30,3360
30,877
30,3244
30,628
30,266
30,1678
30,3390
30,2124
30,2009
30,579
30,2992
30,431
30,1062
30,10
30,2897
30,1879
30,1181
30,422
30,2603
30,1810
30,1344
30,1216
30,277
30,3302
30,892
30,96
30,633
30,1769
30,317
30,796
30,1366
30,1428
30,876
30,332
30,1102
30,2141
30,1746
30,1343
30,1370
30,60
30,153
30,1274
30,745
30,2953
30,3147
30,715
30,626
30,729
30,926
30,462
30,267
30,2652
30,2240
30,2763
30,3242
30,264
30,482
30,477
30,1416
30,2585
30,2229
30,1681
30,203
30,880
30,700
30,252
30,502
30,865
30,443
30,1648
30,202
30,3393
30,1301
2468,608
1344,1478
1344,10
1064,2124
508,1105
508,1962
1823,231
2399,1238
2662,2711
2662,3127
2662,2714
2662,2539
2662,1345
2662,276
931,2390
1945,662
3248,403
2665,1765
2001,2783
2001,1299
2001,1356
2001,2771
2001,1284
2001,89
2001,97
2001,2859
2001,751
2420,2642
2420,2596
3028,1220
1450,1184
1839,1603
457,3297
139,1521
139,2
139,264
139,641
1623,399
1006,20
1006,501
1006,476
1006,798
1006,503
1006,406
1006,1499
1006,558
1006,1728
1006,1384
1006,2359
1006,718
1006,1688
1006,299
1006,1447
1006,1799
1006,2839
1006,8
1006,760
1006,1478
1006,2564
1006,2870
1006,1434
1006,1357
1006,1365
1006,2633
1006,2771
1006,3068
1006,735
1006,403
1006,1279
1006,1379
1006,1014
1006,3234
1006,2639
1006,1284
1006,164
1006,136
1006,3179
1006,1037
1006,1227
1006,1463
1006,2539
1006,2330
1006,1079
1006,334
1006,2299
1006,589
1006,1988
1006,2360
1006,1285
1006,2387
1006,167
1006,918
1006,629
1006,1568
1006,186
1006,1340
1006,270
1006,468
1006,1363
1006,900
1006,1698
1006,316
1006,2247
1006,828
1006,1471
1006,335
1006,995
1006,2009
1006,1289
1006,435
1006,1708
1006,2388
1006,1709
1006,79
1006,1035
1006,1344
1006,630
1006,2748
1006,1328
1006,26
1006,941
1006,6
1006,2755
1006,277
1006,3178
1006,2924
1006,51
1006,800
1006,796
1006,109
1006,1366
1006,379
1006,126
1006,332
1006,785
1006,1374
1006,1605
1006,665
1006,1267
1006,801
1006,2757
1006,818
1006,153
1006,1335
1006,265
1006,744
1006,1321
1006,2415
1006,386
1006,1644
1006,1917
1006,1872
1006,267
1006,274
1006,730
1006,2672
1006,840
1006,213
1006,2585
1006,171
1006,880
1006,3170
1006,791
1006,2446
1006,1510
1006,1349
1006,959
1006,759
1006,1558
1006,2255
1006,2489
1006,1401
1006,502
1006,865
1006,1648
1006,2339
1006,939
1006,1269
1006,1257
1006,2063
1006,1359
1006,1863
1006,723
1006,1301
1006,456
119,181
119,153
505,399
505,422
505,27
2074,185
2074,2448
2074,2080
2074,619
2074,1035
2074,803
2074,2100
2074,608
2074,1370
2074,3143
1218,718
210,1799
38,8
38,696
38,1014
38,890
38,2093
38,1289
38,409
38,175
38,28
38,2072
38,153
38,611
38,415
38,1960
38,366
2523,1813
2692,2093
2692,2549
2692,198
2692,1761
2692,1863
1902,815
1902,904
1902,583
1902,515
1902,1396
1902,1017
235,1518
2748,60
2185,702
1038,1184
1038,148
1122,26
1122,738
1779,1799
1328,2334
1328,2672
1328,1761
2958,1799
2958,535
2958,1155
2958,3220
2947,2850
26,1638
26,798
26,2683
26,3089
26,1357
26,2654
26,2115
26,1073
26,1124
26,403
26,511
26,2384
26,811
26,2920
26,934
26,1284
26,164
26,447
26,890
26,632
26,496
26,154
26,1285
26,3392
26,1246
26,1105
26,2820
26,957
26,1360
26,284
26,133
26,1340
26,468
26,1570
26,2914
26,1225
26,919
26,2536
26,1006
26,1351
26,569
26,2924
26,1353
26,519
26,702
26,317
26,876
26,1189
26,1343
26,153
26,1335
26,745
26,1321
26,3131
26,2763
26,3242
26,434
26,802
26,1767
26,2810
26,184
26,241
26,1510
26,1349
26,969
26,565
26,2489
26,1401
26,3081
1259,3293
662,581
2271,2576
2271,1979
2271,897
2271,3145
2271,1649
2271,2115
2271,1120
2271,2771
2271,2766
2271,3090
2271,403
2271,2734
2271,530
2271,3328
2271,1785
2271,3223
2271,1239
2271,2390
2271,447
2271,1919
2271,3419
2271,1673
2271,2284
2271,771
2271,1128
2271,154
2271,180
2271,3114
2271,3071
2271,1793
2271,505
2271,3201
2271,379
2271,452
2271,2757
2271,2634
2271,517
2271,1185
2271,809
2271,984
2271,1852
2271,727
2271,1796
2271,2800
2271,2489
2271,3035
1606,2653
1606,2388
1606,3393
1606,1863
1606,2454
1013,399
1013,712
1013,3103
1013,2730
1013,1284
1013,890
1013,75
1013,127
1013,154
1013,1105
1013,1407
1013,27
1013,2828
1013,90
1013,126
1013,153
1013,1436
1013,184
1013,241
1013,1972
1216,503
1216,3355
1216,718
1216,1688
1216,299
1216,3145
1216,2654
1216,1822
1216,2771
1216,870
1216,528
1216,1790
1216,2653
1216,3328
1216,2920
1216,2970
1216,288
1216,1490
1216,1986
1216,3240
1216,42
1216,3361
1216,186
1216,1477
1216,1788
1216,1340
1216,737
1216,1189
1216,268
1216,745
1216,2549
1216,3123
1216,3087
1216,184
1216,985
1216,3093
1216,2690
1216,2800
1216,3238
1216,2489
1216,656
1216,2853
1216,1912
1216,2291
239,1434
239,1344
239,702
1874,2719
1874,615
1874,2072
88,558
88,1356
88,164
88,1035
88,153
88,2540
88,1045
88,1221
631,444
3321,805
6,100
6,2683
6,2115
6,1120
6,447
6,140
6,1285
6,167
6,795
6,231
6,1035
6,175
6,1144
6,1006
6,126
6,608
6,153
6,386
6,462
6,2763
6,460
6,574
1241,2141
306,2564
306,2329
306,2771
306,771
306,3342
306,1225
306,3390
306,505
306,2084
306,2350
306,1185
306,2503
3400,2719
3400,3123
3400,184
27,1284
27,1035
27,198
27,840
27,203
2190,846
2190,2
1521,1583
1521,608
28,2195
28,698
28,2245
28,510
28,1025
28,2294
28,1284
28,845
28,1419
28,2539
28,589
28,602
28,133
28,181
28,1225
28,38
28,749
28,1399
28,68
28,1648
736,1583
736,1629
736,589
736,619
736,608
189,186
293,702
2304,2564
248,201
248,1120
248,288
248,771
248,3390
248,2
248,3164
248,36
277,203
562,718
562,1932
562,3170
1804,1808
1804,2472
2538,1767
411,444
411,1344
3100,1979
3100,3089
3100,2539
3100,3035
280,1518
3199,67
2660,2672
1754,2564
1754,3082
892,603
892,2959
892,890
892,178
892,284
892,1328
892,379
892,184
245,185
1748,715
73,153
3271,266
3271,137
2844,3141
1942,1246
519,153
2545,718
2562,297
2562,1873
1488,1628
21,20
21,798
21,558
21,2794
21,2233
21,102
21,1220
21,712
21,2771
21,696
21,403
21,1766
21,447
21,89
21,2252
21,2093
21,975
21,589
21,2820
21,468
21,1363
21,1289
21,2897
21,409
21,2603
21,1344
21,38
21,317
21,126
21,441
21,1881
21,153
21,1399
21,2489
21,1648
2261,3164
2669,291
2669,137
2669,1428
2669,2072
2669,1648
1909,200
3335,89
908,184
2717,2863
2278,1356
2278,3090
2278,3198
2278,3088
2278,3063
2278,2330
2278,2489
2278,2007
193,1509
193,399
193,75
193,822
193,805
193,467
193,909
193,754
593,2771
593,3103
593,3127
593,3178
593,153
593,641
1882,2
1882,745
222,1521
2337,2626
2337,1959
90,2654
90,175
90,969
51,153
96,3036
53,1363
53,1585
43,1766
43,886
43,1105
43,316
43,1184
43,800
43,1045
43,3345
2,501
2,1217
2,297
2,2667
2,62
2,22
2,691
2,1499
2,130
2,2154
2,2195
2,3042
2,603
2,1776
2,1384
2,1310
2,2232
2,299
2,1447
2,559
2,1799
2,102
2,2683
2,758
2,1478
2,1903
2,3048
2,610
2,2564
2,2870
2,1254
2,1357
2,712
2,2115
2,1120
2,1522
2,1073
2,2310
2,1025
2,403
2,1014
2,3406
2,934
2,3403
2,2073
2,1847
2,1284
2,3349
2,3012
2,954
2,401
2,3179
2,890
2,1419
2,1612
2,67
2,143
2,589
2,1619
2,1765
2,2943
2,1285
2,1614
2,602
2,2161
2,167
2,258
2,886
2,1246
2,1105
2,1814
2,1266
2,80
2,1002
2,133
2,3114
2,2056
2,1367
2,1036
2,231
2,2676
2,1280
2,508
2,440
2,445
2,569
2,2924
2,2144
2,1909
2,2301
2,2607
2,317
2,2013
2,332
2,785
2,1374
2,1267
2,801
2,2757
2,1332
2,364
2,153
2,357
2,500
2,1321
2,1042
2,1415
2,1609
2,926
2,1575
2,267
2,274
2,3242
2,434
2,264
2,1761
2,649
2,477
2,1371
2,213
2,1510
2,84
2,2489
2,1401
2,502
2,526
2,1648
2,246
2,1359
2,2454
392,944
392,476
392,547
392,503
392,1101
392,3042
392,416
392,1384
392,708
392,1310
392,1447
392,2711
392,1402
392,1649
392,2305
392,1124
392,2771
392,2734
392,1014
392,3234
392,2294
392,3419
392,632
392,3203
392,1673
392,771
392,89
392,778
392,67
392,3348
392,2979
392,1692
392,242
392,1350
392,2845
392,83
392,1266
392,629
392,957
392,1946
392,1410
392,270
392,468
392,2575
392,1363
392,2351
392,1491
392,291
392,731
392,2574
392,3390
392,2826
392,2801
392,2388
392,1032
392,2334
392,505
392,2692
392,2768
392,1328
392,2271
392,3158
392,2717
392,1429
392,332
392,3072
392,598
392,60
392,3085
392,1389
392,745
392,170
392,3377
392,1761
392,802
392,2260
392,776
392,985
392,1633
392,2690
392,888
392,2479
392,2800
392,279
392,224
392,2339
392,168
392,586
2266,2091
2266,2866
2266,3343
2266,416
2266,2359
2266,2959
2266,1752
2266,3124
2266,3057
2266,2305
2266,2564
2266,2654
2266,2771
2266,2587
2266,3090
2266,2508
2266,3198
2266,568
2266,1847
2266,447
2266,3179
2266,812
2266,2418
2266,674
2266,2439
2266,605
2266,206
2266,2921
2266,3119
2266,2893
2266,3202
2266,3365
2266,2545
2266,2548
2266,2301
2266,2381
2266,2290
2266,2401
2266,921
2266,2757
2266,788
2266,2498
2266,1850
2266,2430
2266,985
2266,3065
2266,2800
2266,1773
2266,1654
2266,2489
2266,902
2266,3081
2266,1238
1894,185
2290,2093
702,1027
702,2232
702,1365
702,845
702,425
702,3007
702,1035
702,440
702,1721
702,332
702,153
702,862
702,1349
702,216
1769,1765
1769,317
1769,2549
1769,1409
1769,184
1769,1376
1769,2255
1769,2489
1769,3393
317,1363
317,153
489,3079
705,153
1652,816
40,1293
40,1799
40,444
40,2894
40,1817
40,2065
40,589
40,918
40,335
40,800
40,876
40,153
544,1363
879,811
879,1106
1366,714
3363,2434
379,3256
379,3164
379,184
2350,332
2350,60
205,1629
205,75
205,1678
205,1879
205,1344
925,3275
2318,718
356,2434
1907,927
1907,2771
1907,2514
1907,2549
1907,2940
1428,603
1428,236
1428,601
1428,1878
1428,2078
1428,2181
1428,1707
1428,2080
1428,2436
1428,2100
1428,1521
1428,2
1428,608
1428,2141
1428,184
1428,641
1428,902
2072,1876
2072,122
2072,38
2072,803
2072,203
2027,2539
876,153
115,1191
115,309
115,1085
115,427
115,1294
115,447
115,60
115,264
115,565
1334,184
397,153
2988,2801
2988,3323
2988,783
2988,565
126,1224
126,153
126,574
438,1766
911,718
911,1837
721,1905
2899,2141
1605,399
1605,1933
2957,3089
2380,603
2380,706
2380,2472
2380,2480
2380,2381
2380,332
1563,1521
1352,200
25,501
25,2599
25,2127
25,2954
25,1483
25,3121
25,2576
25,1592
25,2444
25,2091
25,340
25,952
25,2404
25,3061
25,135
25,130
25,2208
25,480
25,3042
25,416
25,1776
25,718
25,2534
25,1753
25,897
25,2429
25,114
25,2711
25,3069
25,2753
25,2932
25,3145
25,102
25,1701
25,2276
25,2839
25,3340
25,760
25,1840
25,1527
25,3057
25,2083
25,165
25,2456
25,1559
25,2184
25,1795
25,3074
25,1220
25,2584
25,2635
25,448
25,2512
25,1356
25,2608
25,3399
25,1786
25,2115
25,1120
25,424
25,2771
25,2218
25,872
25,2587
25,2521
25,3003
25,2383
25,2766
25,3090
25,2594
25,433
25,310
25,1674
25,1771
25,3149
25,459
25,2427
25,1790
25,2653
25,1014
25,323
25,530
25,2605
25,3016
25,1205
25,1763
25,568
25,2970
25,444
25,3418
25,1026
25,164
25,3012
25,2671
25,447
25,2431
25,2472
25,3008
25,3179
25,2693
25,890
25,2682
25,632
25,375
25,2890
25,288
25,2741
25,2528
25,2855
25,1813
25,89
25,2169
25,2966
25,703
25,1836
25,1341
25,67
25,1490
25,1128
25,2623
25,2370
25,69
25,2626
25,2483
25,1285
25,2249
25,3253
25,2287
25,3169
25,3041
25,42
25,2292
25,2543
25,83
25,1266
25,924
25,1477
25,1340
25,3114
25,1805
25,2450
25,3095
25,877
25,3244
25,3119
25,628
25,2903
25,2480
25,335
25,2641
25,2527
25,2896
25,495
25,2536
25,2624
25,3226
25,3323
25,322
25,2514
25,529
25,2694
25,1242
25,2893
25,1976
25,3105
25,3218
25,341
25,823
25,3254
25,1130
25,2523
25,2748
25,1328
25,2854
25,2749
25,3158
25,753
25,941
25,1351
25,260
25,2924
25,2809
25,3365
25,2545
25,2144
25,1716
25,2995
25,2381
25,702
25,1704
25,2401
25,2867
25,2988
25,1166
25,332
25,598
25,1189
25,3146
25,1098
25,1121
25,2829
25,963
25,788
25,2163
25,465
25,2838
25,2967
25,2395
25,3171
25,2414
25,745
25,2953
25,3015
25,2655
25,3123
25,1607
25,1835
25,3087
25,3324
25,896
25,13
25,1609
25,2533
25,1336
25,926
25,2986
25,498
25,1107
25,730
25,809
25,2478
25,2616
25,2672
25,2162
25,264
25,1761
25,2851
25,2260
25,754
25,2592
25,213
25,2279
25,1852
25,1626
25,2463
25,2994
25,2111
25,2593
25,727
25,2800
25,279
25,2865
25,1654
25,2489
25,3081
25,656
25,1648
25,2586
25,2079
25,2494
25,1269
25,586
25,3393
25,1912
25,2291
25,2367
183,872
3358,1184
2270,1776
2270,3089
2270,332
2270,418
2270,1863
1446,3036
65,102
65,153
65,1700
65,2489
921,2516
921,674
921,2863
608,1817
608,1518
608,1521
608,902
608,1180
608,526
56,698
56,1447
56,8
56,972
56,2771
56,3103
56,861
56,403
56,2653
56,1555
56,1419
56,1827
56,1988
56,674
56,1878
56,957
56,2129
56,2124
56,508
56,38
56,317
56,2757
56,1332
56,153
56,386
56,840
56,1714
56,142
56,2922
56,1238
56,202
56,1263
1098,603
1098,2184
1098,2771
1098,530
1098,2418
1098,3240
1098,2381
1098,2027
1098,745
1098,1667
1098,1850
1098,2585
1098,1852
1098,751
1098,184
1098,902
1881,1868
1881,2065
1881,2150
1881,1878
1881,83
1881,1546
1881,615
1881,2080
1881,2124
1881,2801
1881,1407
1881,2166
1881,2021
1881,280
1881,2
1881,909
1881,479
1881,198
1881,641
1881,418
1881,2489
1881,2207
1611,620
694,2050
694,1814
694,133
694,181
694,1344
694,2003
694,1748
694,317
694,153
694,581
694,202
801,315
801,1179
714,148
1102,2794
1102,399
1102,771
1102,805
1102,440
1102,60
1102,2489
1514,603
1514,698
1514,2447
1514,1025
1514,3103
1514,1536
1514,890
1514,2077
1514,83
1514,2181
1514,181
1514,619
1514,1884
1514,2166
1514,1521
1514,2924
1514,2
1514,608
1514,1885
1514,1070
1514,791
1514,1783
1829,904
131,75
131,1344
131,38
131,1521
131,153
2170,1881
467,1193
467,118
1954,1208
268,393
268,15
268,153
1746,2584
1746,153
963,264
94,1246
94,2081
94,317
94,153
94,1376
2407,195
2757,489
3051,3024
3051,447
3051,1273
1627,1304
276,3158
276,153
2385,2771
2385,3177
2385,2871
2385,2545
2385,2381
2385,1615
1824,1765
1824,2
1824,3006
1824,2555
1824,1761
60,231
60,153
60,184
3193,2893
3193,2548
3193,751
1330,153
1330,1415
1330,184
465,97
153,1120
2838,2334
557,60
1711,1904
1711,3113
2991,510
2911,89
1046,2549
2923,1688
2923,2753
2923,3145
2923,447
2923,1490
2923,1271
2923,3114
2923,2939
2923,1189
2923,745
2923,218
2923,581
2923,1819
2923,2479
2923,2800
2923,1912
2293,2703
2293,2771
2293,2877
2293,1832
2293,83
2293,957
2293,155
2293,2
2293,1366
2293,429
325,1531
325,1583
325,669
325,2150
325,1537
325,2129
325,2124
325,1262
325,3289
325,702
325,1045
325,1747
325,1557
212,2423
212,2391
212,2755
212,2463
212,2638
2106,175
611,3242
2889,1442
3006,2500
3006,461
3006,1306
3006,559
3006,2564
3006,447
3006,2741
3006,2528
3006,1801
3006,2161
3006,478
3006,2757
3006,1863
3006,2589
612,1689
612,1184
612,153
324,175
324,153
3004,1757
3004,2570
3004,1618
3004,712
3004,1124
3004,1841
3004,3090
3004,310
3004,3102
3004,1589
3004,3056
3004,1785
3004,3094
3004,2639
3004,3418
3004,2073
3004,1820
3004,539
3004,3012
3004,1337
3004,2345
3004,447
3004,1369
3004,3088
3004,1838
3004,3080
3004,2299
3004,1350
3004,2351
3004,2694
3004,463
3004,2271
3004,1216
3004,2548
3004,1189
3004,3077
3004,2614
3004,2489
233,126
233,184
2414,399
1150,310
318,153
2234,83
405,558
494,1765
1833,703
1548,2124
1548,1747
265,843
651,1905
651,102
651,1106
1756,2954
1756,610
1756,2771
1756,444
1756,447
1756,771
1756,2539
1756,1826
1756,2226
1756,407
1756,3122
1756,3158
1756,800
1756,745
1756,2549
1756,757
1756,2479
1756,2489
1756,1912
1756,2291
170,231
170,153
755,425
755,738
3015,2940
3015,949
570,1689
570,1120
570,2889
169,1120
169,608
2549,3011
2268,2667
2268,691
2268,2083
2268,3
2268,2871
2268,447
2268,89
2268,1286
2268,2972
2268,1347
2268,754
2268,2596
2268,2489
2268,902
2268,168
361,1172
191,1284
191,153
2116,224
308,1876
2611,288
319,535
319,447
319,806
319,1407
319,322
319,3184
319,3006
763,1083
763,317
1382,181
3019,1765
909,543
1770,1757
1468,2757
1468,3393
820,235
820,1521
218,153
1941,175
1941,1521
1941,2219
1941,702
1941,2489
357,148
2434,3042
2434,97
2434,231
1169,2282
1169,2592
120,283
120,696
120,967
120,1730
120,743
120,589
120,1614
120,1012
120,1340
120,3141
120,3126
120,2129
120,2124
120,360
120,2670
120,973
120,1370
120,818
120,1274
120,218
120,386
120,333
120,462
120,264
120,482
120,751
120,2090
120,526
1375,2127
1375,3413
1375,866
1375,291
1375,3288
1375,2967
1375,1835
715,1876
370,399
3123,661
3123,2407
1442,2889
1442,148
1700,153
1615,89
1615,2603
1615,1648
2325,2587
517,2924
517,184
2467,691
2467,231
2467,2489
2509,399
2509,2939
744,421
744,203
2230,603
2183,1025
2183,1340
2183,235
2183,2100
2183,608
2183,3143
5,1447
5,696
5,323
5,240
5,2920
5,2871
5,447
5,2539
5,1271
5,619
5,175
5,608
5,153
5,2489
365,1799
365,277
365,184
2309,718
2309,2703
2309,885
2309,1806
2309,60
3259,1719
3259,48
3259,312
3259,1358
770,1817
3087,3082
3087,489
3087,2672
3087,2416
430,2539
430,754
430,203
3245,1388
3245,3101
1109,1239
1109,2351
1109,919
1109,800
1109,751
3091,1271
1042,60
105,181
105,175
105,153
896,83
896,783
896,548
2415,603
2415,2359
2415,136
2415,2741
2415,2801
2415,2072
2415,2407
2415,198
2415,754
2415,203
2415,2596
2412,3194
2412,1025
3131,97
1968,317
1968,184
13,178
13,849
13,1050
13,440
13,1992
13,126
13,909
13,192
2892,2757
2237,3406
2237,608
2237,2141
2273,3361
998,283
2533,1407
2533,2672
599,100
599,1630
599,1344
599,203
333,2771
333,702
333,153
333,783
333,1575
1358,1246
2335,203
926,1463
762,468
762,291
762,1344
762,1115
762,3147
762,184
762,2463
415,1689
415,38
2986,2984
2986,1351
2089,121
2465,603
1621,1266
1621,1946
1621,3147
1621,184
1917,416
1917,1014
1917,444
1917,1766
1917,67
1917,181
1917,360
1917,107
1917,175
1917,38
1917,27
1917,2
1917,800
1917,597
1917,441
1917,1267
1917,3164
1917,60
1917,153
1917,198
1917,2672
1917,428
1917,184
1917,395
1917,3077
498,1014
717,1817
717,83
717,2
717,317
717,876
717,1017
1872,2639
1872,2969
1872,2210
1872,27
1872,1521
1872,1321
1872,482
1872,184
1872,418
1900,2407
933,558
933,1463
2240,3125
101,2208
101,1688
101,2959
101,632
101,1673
101,2347
101,3114
101,3142
101,1075
101,2939
101,379
101,153
101,1399
101,517
101,2032
101,500
101,1336
101,1990
101,1510
101,2489
1107,1463
1107,1765
1107,2799
2344,89
2344,3119
2344,628
2344,2701
2344,1336
730,2959
730,3164
2672,846
2672,2073
1960,38
984,2800
264,317
87,1638
87,2954
87,2208
87,603
87,1688
87,3145
87,2883
87,2383
87,2594
87,3328
87,1763
87,3419
87,1128
87,2419
87,393
87,42
87,2658
87,1246
87,1153
87,468
87,851
87,305
87,609
87,3201
87,1353
87,1663
87,973
87,598
87,1189
87,2024
87,2777
87,672
87,1336
87,926
87,1045
87,2800
87,656
87,2853
2555,510
2555,317
2555,2757
3333,2667
3333,1509
2503,3328
2503,1128
2503,2257
2503,2425
802,2850
2526,240
2526,2388
2526,2652
2526,1149
321,1455
321,184
2260,1765
2260,2600
2260,3164
2260,2549
1051,1447
1051,329
1051,254
1051,83
1051,702
1051,60
1051,3212
1435,2245
754,1509
754,497
754,2512
2580,2771
2580,2294
2580,2684
2580,2392
2580,97
2580,2441
2580,2542
2580,1242
2580,2893
2580,2266
2580,332
1500,702
477,89
477,1619
477,2426
477,2
477,218
477,2761
477,2463
1797,2866
1797,300
1797,2771
1797,3234
1797,3240
1797,2334
1797,2401
1797,2596
1416,718
213,2047
213,350
213,1128
213,2603
213,2301
213,949
2585,332
2279,2564
2279,1288
2279,2871
2279,143
2457,2394
134,317
1451,969
614,2065
614,2
2061,1799
286,1191
286,1531
286,2124
286,1995
1969,296
1969,1096
1464,2594
1464,1437
1464,973
1464,896
1464,2800
1464,2853
777,899
1987,1709
1283,1191
1283,2093
1283,822
1283,1202
2974,1813
1677,3119
390,698
390,100
390,175
390,312
390,441
2119,1027
1978,2391
1978,608
473,2564
473,783
1466,2377
1466,890
1070,1518
1070,1521
108,1120
108,1766
108,317
108,328
108,608
108,2187
108,153
108,1557
2048,608
2048,715
883,181
2488,1638
2488,944
2488,1508
2488,2501
2488,297
2488,547
2488,2091
2488,2529
2488,3061
2488,1757
2488,2570
2488,3042
2488,1776
2488,1384
2488,708
2488,1069
2488,1310
2488,1789
2488,2283
2488,2371
2488,2711
2488,2753
2488,2241
2488,3340
2488,2675
2488,1649
2488,165
2488,2184
2488,2703
2488,610
2488,1795
2488,201
2488,3350
2488,2115
2488,3128
2488,424
2488,2771
2488,2218
2488,872
2488,2383
2488,1841
2488,2594
2488,711
2488,433
2488,2734
2488,2566
2488,2653
2488,1014
2488,200
2488,2384
2488,2138
2488,2294
2488,3403
2488,1239
2488,1284
2488,3346
2488,164
2488,899
2488,2258
2488,350
2488,2196
2488,556
2488,743
2488,773
2488,890
2488,3419
2488,3203
2488,2890
2488,288
2488,2756
2488,2736
2488,481
2488,2741
2488,2492
2488,1813
2488,2354
2488,1682
2488,2236
2488,2539
2488,67
2488,3348
2488,1128
2488,982
2488,143
2488,2646
2488,689
2488,2979
2488,1016
2488,180
2488,2588
2488,1692
2488,2249
2488,3129
2488,2971
2488,3098
2488,2323
2488,674
2488,1697
2488,2292
2488,2543
2488,3211
2488,1350
2488,2677
2488,1171
2488,449
2488,1710
2488,2000
2488,3361
2488,629
2488,1153
2488,1360
2488,2609
2488,2439
2488,206
2488,1477
2488,1788
2488,1340
2488,468
2488,3114
2488,2286
2488,1805
2488,2351
2488,426
2488,2450
2488,1491
2488,3119
2488,628
2488,335
2488,2641
2488,2527
2488,3390
2488,1858
2488,2826
2488,2801
2488,919
2488,2746
2488,1925
2488,3224
2488,3323
2488,2514
2488,2327
2488,1032
2488,2893
2488,463
2488,2603
2488,3105
2488,1810
2488,341
2488,823
2488,2972
2488,2420
2488,1130
2488,1839
2488,505
2488,938
2488,2768
2488,2748
2488,3122
2488,1328
2488,312
2488,2271
2488,1216
2488,753
2488,1351
2488,3201
2488,3365
2488,2563
2488,2717
2488,2290
2488,1769
2488,2462
2488,2401
2488,2513
2488,156
2488,1429
2488,2321
2488,1907
2488,452
2488,1115
2488,2642
2488,3072
2488,441
2488,1121
2488,2829
2488,1343
2488,963
2488,2407
2488,60
2488,153
2488,2838
2488,1355
2488,2634
2488,2438
2488,3150
2488,745
2488,491
2488,755
2488,3147
2488,2505
2488,1615
2488,2467
2488,430
2488,1321
2488,2415
2488,2412
2488,3131
2488,1277
2488,1609
2488,1777
2488,762
2488,2986
2488,462
2488,2531
2488,198
2488,855
2488,2747
2488,2616
2488,2672
2488,87
2488,1761
2488,802
2488,649
2488,534
2488,1413
2488,2585
2488,1451
2488,1283
2488,2761
2488,2994
2488,2111
2488,2790
2488,1714
2488,985
2488,2940
2488,2690
2488,727
2488,1796
2488,366
2488,1349
2488,3077
2488,1890
2488,2479
2488,959
2488,2800
2488,2596
2488,224
2488,1816
2488,2922
2488,2489
2488,2649
2488,2698
2488,443
2488,2494
2488,2285
2488,1863
2488,1912
2488,2376
2488,2291
751,153
413,1136
413,815
413,1172
413,798
413,768
413,1739
413,1531
413,2241
413,1154
413,632
413,772
413,1914
413,2252
413,1562
413,1742
413,1988
413,3130
413,1225
413,2124
413,315
413,1496
413,1945
413,1902
413,1721
413,1267
413,818
413,466
413,745
413,348
413,3188
413,2852
413,1321
413,333
413,1451
413,759
413,502
1875,3406
1875,2719
1875,3164
485,603
485,1648
917,1213
1995,82
1995,1432
2090,608
893,3098
893,210
893,379
893,60
893,153
1718,197
1718,2078
1718,2141
574,1518
913,24
913,1648
3212,2757
395,1014
395,175
395,235
395,702
395,317
395,153
2002,181
2994,1014
2994,224
572,59
789,175
2394,2668
2394,745
2394,2457
171,1191
171,2821
171,277
171,126
1440,2667
1440,1306
1440,1122
752,575
2525,296
880,2667
880,603
880,1299
880,568
880,1284
880,1813
880,89
880,1285
880,97
880,1407
880,195
880,79
880,1035
880,379
880,153
880,13
880,926
880,267
880,2672
880,754
880,1969
880,485
880,184
880,358
880,738
880,902
880,865
880,17
880,3393
880,1863
1714,1799
1586,288
1586,153
1586,184
791,231
985,919
985,465
138,428
2269,444
1520,38
1520,2
2940,439
142,75
142,38
142,1585
142,184
142,2489
2690,1197
2690,771
2690,153
2690,3002
1506,2584
1506,1184
1506,2889
3138,1280
3138,477
2317,2584
1691,38
366,3406
112,444
112,1363
112,175
3143,89
3143,3275
3065,1752
3065,3089
3065,2603
3065,2261
3065,2489
3065,1648
641,3103
959,62
84,444
84,153
1339,714
1339,3188
446,153
1773,89
1773,2489
412,1648
1857,1509
1857,1286
1857,1105
1857,3323
2085,619
2085,1521
2085,608
3185,1363
2235,1284
2235,632
2235,89
2235,1615
3345,447
2582,1755
2267,1266
237,754
113,2589
124,1521
2176,2799
781,1384
781,1846
781,2566
781,200
781,458
781,1350
781,1407
781,2596
686,603
686,2083
686,1014
686,83
686,425
2865,3393
1190,1175
575,1147
575,184
314,1799
1620,1648
46,2667
46,1356
46,2920
46,378
46,97
46,90
46,3140
46,751
46,279
46,738
46,2489
2255,1217
2255,1014
2255,2920
2255,175
2255,3164
2255,153
2255,1761
2255,2585
1751,1757
1751,1812
1751,1841
1751,2606
1751,332
1751,2672
738,1766
738,2897
738,2994
1479,153
2922,1344
2922,1746
3011,1356
3011,2376
1680,2954
1680,1027
1680,2771
1680,1674
1680,1128
1680,975
1680,1946
1680,3114
1680,266
1680,3142
1680,305
1680,2545
1680,2290
1680,745
1680,2585
1680,751
1680,2800
1680,1269
1517,2573
1517,422
1517,88
1517,3245
2489,2564
2489,3346
2489,425
2489,441
594,2719
594,2801
594,2003
594,608
594,641
942,1363
942,2589
1401,175
502,422
502,184
2649,2603
3005,476
3005,2667
3005,2359
3005,718
3005,897
3005,3145
3005,1799
3005,850
3005,1822
3005,1124
3005,2771
3005,2383
3005,2766
3005,3090
3005,1292
3005,3033
3005,1014
3005,3328
3005,2678
3005,2639
3005,447
3005,3084
3005,3179
3005,556
3005,1173
3005,2284
3005,771
3005,89
3005,778
3005,1490
3005,2093
3005,2862
3005,2360
3005,296
3005,2437
3005,83
3005,1340
3005,3114
3005,322
3005,566
3005,1793
3005,3218
3005,1130
3005,505
3005,2648
3005,1328
3005,3158
3005,1216
3005,88
3005,3201
3005,1716
3005,332
3005,2270
3005,2757
3005,3006
3005,2414
3005,745
3005,2309
3005,1321
3005,926
3005,267
3005,2672
3005,1852
3005,3093
3005,2690
3005,888
3005,2800
3005,3035
3005,2589
1180,608
1180,1557
3266,3140
1784,1767
1238,510
1238,1321
1238,2672
359,162
359,2843
359,317
865,745
526,608
526,184
2491,3090
2491,2073
2491,67
2491,1700
2491,2577
2491,902
362,2754
844,809
68,3393
2586,2083
202,100
202,19
202,1878
202,181
202,208
202,175
202,38
202,626
17,300
17,934
17,317
17,153
17,218
2079,608
2079,1960
2207,2003
2630,3194
2630,2535
2630,2425
2630,2988
2630,2702
2630,2616
719,1799
719,2319
719,184
3109,1527
2494,1648
939,283
1263,283
1263,2434
1221,1363
1257,3139
746,317
1844,10
1844,3107
1844,574
168,399
168,159
85,181
85,175
85,153
1296,809
2602,2518
2602,192
2473,2771
1825,3177
1825,2920
1775,2539
1972,1521
3412,2920
263,1757
263,2359
263,2245
263,2771
263,3033
263,1014
263,1235
263,69
263,296
263,2827
263,805
263,2319
263,1882
263,2
263,702
263,3006
263,1389
263,1409
263,1468
263,1149
263,3093
263,502
2589,2714
2963,288
3034,447
3034,2573
3034,3332
3034,1149
2367,2489
2422,3178
