dataset,GoodReadsDatasets_SWTest/GoodReads_3135_308t
ALPHA,0.1
G_Size,5
Iteration Count,67
worker_id,worker_severity
0,-0.34417205666435413
1,-0.8555859998640611
2,0.19619256555999598
3,-0.05306114680229685
4,0.009425802077316638
5,-0.005783112646637847
6,-0.14023787577867164
7,0.19152171801307433
8,-0.04906095961715022
9,-0.6188257301960255
10,0.14035564201804124
11,-0.1442127226715798
12,0.6876337173323771
13,-0.09086564612272646
14,0.3500735724798313
15,0.043184015353415796
16,-0.037357662946040836
17,0.23386266090439756
18,0.13413309869243853
19,-0.35491555131922625
20,-0.19043852669445235
21,-0.6699438224893696
22,-0.05222202728796521
23,0.3372742667378942
24,-0.07531745135789646
25,-0.04563367328962
26,-0.5391375900638443
27,0.0533233122082201
28,0.3410958411316653
29,0.1236382085896862
30,-0.019275396455881035
31,-0.5374973967245182
32,-0.34961430529092286
33,0.40604300032604446
34,-0.36754223050179696
35,0.09176549759110235
36,0.2722403466542583
37,-0.031362088443938126
38,-0.8091572086659007
39,-0.23509334402709914
40,0.4296439807285007
41,-0.12304776653148553
42,0.3331595619024978
43,0.22018910737401648
44,0.27476534323713253
45,0.8668149866060528
46,-0.3099641493644349
47,-0.10051690274377081
48,-0.27097446223003313
49,0.6374216122129461
50,-1.3521802385364463
51,0.39260275040591985
52,-0.2956486597627622
53,0.8988120372564987
54,0.5349271921386071
55,0.26773542707116554
56,0.2686720387702018
57,0.06427268044326233
58,-0.015069242304293478
59,0.22143792639856238
60,0.1534974763060321
61,-0.24239785764438837
62,-1.1030710687527017
63,-0.4629188062743164
64,0.41820388276270853
65,0.5036704968111305
66,-0.37637942372708666
67,0.5858947479959117
68,-1.6308441043686235
69,0.1972642219599142
70,0.502496647733059
71,-0.26055336792146716
72,0.6754943543763368
73,-0.03199693844590277
74,-0.13666704369471483
75,0.44454710618354537
76,-0.22317566457224464
77,0.004682827224700423
78,0.28069071597145545
79,-0.8808780644863748
80,0.10324739529605544
81,0.08276490956906654
82,0.5027965755610726
83,-0.28802266627966766
84,-0.2557659260644861
85,0.08291715782415825
86,-0.4854374133641763
87,0.6848162958674021
88,0.8052189037061832
89,0.20975753212877882
90,0.054156962819262515
91,0.06168528238038832
92,0.3353916254597403
93,-0.49748678906739763
94,0.20914195308220698
95,-0.6915016580933616
96,-0.6546605399341755
97,-0.18805517031398108
98,0.33811320514807885
99,0.11920629243102804
100,0.00031592182477330384
101,0.3129668281170448
102,-0.45891460872224343
103,-1.085107381421492
104,0.387062565131315
105,-1.0518012293187369
106,-0.23209378605761888
107,0.026395521972335557
108,0.22942233486052308
109,-0.36241677341735706
110,0.2563186136460273
111,0.022845010426146596
112,0.09681497328670832
113,0.5524191673618729
114,0.20730451434667202
115,0.2802566268926961
116,-0.09769195483460302
117,0.22165468590990503
118,-0.23727353801356207
119,0.2817010627943861
120,-0.2553904057540414
121,0.2477722244801794
122,-0.7827592295813942
123,0.039791999295312734
124,-0.20682320237806534
125,-0.5610466695764802
126,-0.9973739980205786
127,-0.4010562563101477
128,0.21897552437554788
129,0.11436107276210768
130,-0.012967928562876263
131,0.26225028560562935
132,-0.3252798978163698
133,-0.03424548045099385
134,0.3700698991695129
135,-0.000673199685937254
136,0.913940747382983
137,-0.07612179932354922
138,-0.6175020674951162
139,-0.8081225429413877
140,-0.3180438900143891
141,-0.3460078656185213
142,-0.4178835884132781
143,0.47933486745256415
144,0.43774953825712276
145,0.9716500248766534
146,-1.0717841673822066
147,-0.5135363975217593
148,0.12830579703509953
149,-1.2883243387852827
150,-0.03597563001115076
151,-0.5587855769528579
152,-0.19257036597546656
153,-0.8083508620178623
154,-0.6324056360992232
155,-0.1966512545472347
156,-1.0773786329304342
157,-0.4575234860330734
158,-0.21072914292215045
159,-0.49169285434621235
160,-1.3124976963380153
161,0.13959484170300931
162,0.37332966998152217
163,-0.06495336741352806
164,-0.3833925021158949
165,0.14440099643656498
166,0.28239026355668423
167,0.12611269198968333
168,0.00021755582716753314
169,-0.3582928971339328
170,-0.36072391315256824
171,0.5923604418920639
172,-0.8681802587875468
173,-0.00028994713275260994
174,0.23183829730263217
175,-0.3413396114532142
176,0.1270916209161689
177,-0.8855074558139752
178,0.1624720808142781
179,-0.28576711381650277
180,-1.1484975109146713
181,0.4626018759741962
182,0.5694084416537558
183,0.17302207338008418
184,0.3493798782257594
185,-0.0633911303305214
186,0.12380705206013919
187,0.33438397253623514
188,-0.0929642727219311
189,0.306492965443437
190,0.8560367150029586
191,-0.4252892874320544
192,0.09193787687226122
193,-0.07868172805490654
194,0.06573248477509486
195,-0.2649747626286251
196,-0.15495950722846347
197,-1.0837469484238604
198,-0.7118407264959931
199,0.14115639352473094
200,-0.12936149715119818
201,-0.084055574125765
202,-0.3407476731487845
203,-0.6227660348988164
204,-0.4925620796244703
205,0.2657642277420058
206,-0.16546762151142472
207,-0.5689466423343169
208,-0.3202782965788095
209,0.2756712461888147
210,0.46190207070556843
211,-0.09295521983560714
212,-0.25842559254387654
213,0.3717905254267243
214,0.559243145992241
215,0.4712768201614253
216,-0.013438147779697141
217,-0.20861907824798662
218,-0.5050110846132331
219,0.6445559098818907
220,0.5239977219059495
221,-0.31001544384151325
222,0.23818630467383445
223,-1.0225232618292526
224,-0.8792578559021201
225,0.05071201931400224
226,-0.2834495768042329
227,-0.9247746666287382
228,-0.09180909375551748
229,-0.07733601465934063
230,-0.29966487560112076
231,0.5058670335243529
232,-0.003893755231855107
233,0.5017074526909682
234,0.26174819631003016
235,0.17011692568969794
236,0.23899769696098191
237,0.611140220217043
238,0.20083158681507857
239,-0.47594992117726176
240,-0.13510882100058683
241,0.2339966519562725
242,-0.42493728595211516
243,-0.4332174120199921
244,-0.24841296535216004
245,0.08656297524493939
246,-0.08022091769806278
247,-0.5024705092086422
248,0.22967482627024266
249,0.06239754647357211
250,-0.9693713904415648
251,0.08558198040241229
252,-0.4847156578851763
253,-0.11922171640916601
254,-0.40725126769826053
255,-1.398738256848629
256,-0.21531129055853215
257,0.06057657189741973
258,0.09053710829898998
259,0.503870492486223
260,-0.023300515767496498
261,-1.1831914554943215
262,-0.3379496557863232
263,0.03899910114913004
264,0.05270603897504281
265,0.46132368972876053
266,0.17811920767151948
267,-0.35012904212339047
268,-0.21311358275747264
269,0.10675592901531784
270,-0.20818188887701589
271,-0.06766643843567151
272,-0.10568595434082616
273,-0.5335493386864539
274,0.24263183002795988
275,0.3902486351117277
276,-0.0555137636764953
277,0.8912353721312238
278,0.23366604875785743
279,-0.023841906472496045
280,0.5048705759239112
281,-0.8426733762958225
282,-0.18320983201066257
283,-0.16771946004966892
284,-1.1196155441994429
285,-0.507826251391521
286,-0.1503989615165937
287,-0.03606604954507151
288,-0.3525753509211414
289,-1.2729455934158902
290,0.7614261578380095
291,-0.15208459458278503
292,-0.5092529482618604
293,0.08579521375974124
294,0.5436707771991994
295,-0.15887004211115893
296,-0.23244245756102794
297,-0.5777402177645022
298,-0.2941531660877796
299,-0.5450057232892801
300,0.5399636519636802
301,-0.34639551854710215
302,0.5252408406513576
303,-0.3024007432127953
304,-0.9081232787130986
305,0.10762372594705404
306,-0.12203786728172059
307,0.368741339315578
308,0.009999944130216498
309,0.719146449265563
310,-0.08588349868933559
311,0.5983525104450367
312,-0.25175021109991014
313,0.37974671229783674
314,0.6705033739413597
315,0.4699237031916731
316,0.8424895385808546
317,-0.45818891504744713
318,0.49889726642854615
319,-0.05208116853001969
320,-0.7286162837289087
321,-0.5976067455902278
322,-0.4154536395031709
323,-0.5124802000873901
324,0.2001664196253892
325,-0.780033296258552
326,0.53603993791545
327,0.156381480671069
328,0.48499595214164004
329,0.4096370000440256
330,0.3381527110261777
331,-0.8629822327923032
332,0.583922800435926
333,0.2721472547161221
334,-0.6276507942708436
335,0.2849622785015262
336,0.7266140835453321
337,0.6097394099623844
338,0.30801956221007987
339,-0.964189457857956
340,-0.5227395181720831
341,0.33535402477905607
342,-0.09860251658260147
343,0.24083396508845004
344,0.9588346309389697
345,0.5965069586816306
346,-0.30552543268063304
347,-0.7380932931245595
348,0.4971639651240395
349,0.47217388994858117
350,0.15850600357055433
351,-0.058615672902879244
352,-0.3700677678101848
353,-0.07763771633373136
354,0.46013394943420216
355,-0.7515498037879602
356,-0.6313149399250424
357,-0.8175466425471678
358,-0.18100719456307568
359,0.7096554267567438
360,-0.18242770099145364
361,0.2516797639170781
362,0.06651357041869028
363,-0.5073099604708078
364,0.10193928459429474
365,0.13987012155891684
366,-0.1566748935912045
367,-0.04204871503695651
368,-0.1621942614035516
369,0.6180777499211855
370,-0.08998384504174205
371,0.06971348144028931
372,-0.5075634723319514
373,0.13554265565129756
374,-0.6507201899219096
375,-0.28695945839498327
376,0.6331103368744476
377,-0.7172890158062454
378,0.00172028545820478
379,0.07359621330059178
380,0.07106531024100891
381,-1.2041739216335703
382,0.3472542839923891
383,0.525948581031303
384,-0.3500099788180897
385,-0.023853610941114232
386,0.07272752247504677
387,0.15574107244828742
388,0.6281193746892468
389,0.5687641862168976
390,0.2477144806517116
391,0.6844645500602413
392,-0.43487497636660916
393,0.08714034433667882
394,0.8815506171870251
395,0.7631838670499131
396,-0.15538293229445524
397,-0.987919303062336
398,0.5408579363733514
399,0.5192208739868912
400,0.4441876909620741
401,-0.23665044583286055
402,-0.4826289482673649
403,0.198563128827714
404,0.633685808517364
405,-0.521240962903689
406,0.09710385449233516
407,0.5353881498454313
408,1.086136898398051
409,0.04110261545576684
410,0.36209693619893557
411,0.09466607219920793
412,-0.23178536289604226
413,-0.5745735951859521
414,0.09753022838386703
415,-0.9758407232661067
416,-1.0215046917280084
417,0.3192247611242276
418,-0.5021307047861863
419,0.6744087780433864
420,-1.0555371394597304
421,-0.3336763585419929
422,0.21365583133426627
423,-0.11317661890832818
424,-0.5000542521364068
425,0.012076063935336652
426,0.32793340270453536
427,0.5774755526395973
428,-0.23373706516725481
429,0.39060747217016356
430,-0.5329907701753441
431,-0.25939997404022064
432,0.05654427574785879
433,0.5531988526553662
434,0.3587585338715192
435,0.46100312485599004
436,-0.4932422730698989
437,-0.04770390120258729
438,-0.07029815449865344
439,-0.17589356883296947
440,0.45276499057475555
441,0.03548198550299126
442,0.5929357214774236
443,-0.1568570113644133
444,0.2655407194465029
445,0.07809771821571147
446,-0.12167091071229894
447,-0.2883916880024943
448,0.3431767429684345
449,0.48012720396623987
450,0.0014059846226913647
451,0.15807927140665007
452,-0.039146778666678886
453,0.6409612572575564
454,0.38954022113350495
455,-0.5680836793599551
456,0.2479304747324608
457,-0.6491253093749625
458,-0.25260966752123026
459,0.19760215396381411
460,-0.4188807633597957
461,-0.7467132848773389
462,-0.22785445454502024
463,0.07788265472597054
464,-0.12127240982626995
465,-0.5659486117623439
466,-0.6538104757305095
467,0.3789309493988915
468,0.04031293807948203
469,0.08168943053011207
470,-0.016850335054991308
471,-0.3963466077633142
472,0.042306769428748246
473,0.32290551532304307
474,0.7699243306171759
475,0.2869848399075491
476,-0.8835940312669881
477,-0.2115420362449896
478,-0.7307448625429206
479,0.0349645781345418
480,0.3848757445795949
481,0.21601897561053238
482,-0.3366368229771953
483,0.29278372912696055
484,-0.5743610569985121
485,-0.4518984430685804
486,0.24471200420608893
487,0.1593071071594396
488,0.4168472057716417
489,0.39571146868620827
490,0.6393905347387802
491,-0.37527811199663264
492,0.006397655526274569
493,-0.7756939522728189
494,0.4149962205752589
495,0.1130234209728932
496,0.4912763891225664
497,-0.006248680695384621
498,-0.21573830374338962
499,0.33826936111127076
500,0.3894886681290028
501,0.6789158626757906
502,0.8380955044461496
503,0.21681453089825217
504,0.1691617792323949
505,0.2797589396035229
506,0.5806267148309989
507,-0.1469521550589423
508,-1.218826404414151
509,-0.5873057371952701
510,-0.15733308550451588
511,0.7499748715460463
512,0.38684056445658516
513,-0.32199458679831094
514,0.1313055167542507
515,-0.11724348996366325
516,0.1747499993967568
517,0.09781903517026763
518,-0.4481345010071793
519,0.1617126760867151
520,0.2800801424533403
521,-0.08062190975696251
522,0.025947872751163694
523,-0.4216736461752327
524,-0.6149771639805557
525,0.12138075870029948
526,-0.03821534913823716
527,-0.3418198101533643
528,0.36412518545450373
529,0.6936772197242588
530,-0.6122792219957329
531,0.39572694850932993
532,0.8269929013951921
533,0.1017586503672506
534,0.7259063685339676
535,0.3944394377446955
536,0.12386914643516059
537,-0.19893656427398312
538,-0.6975639390151778
539,0.038872097563098694
540,0.5609000402823618
541,-0.11033389497243946
542,0.24803077506717483
543,0.18723128858194868
544,0.15812396706855958
545,0.18670330276981476
546,-0.48509713947362554
547,0.35183585429451797
548,0.4095653867391416
549,0.1847067301547677
550,-0.16289635413637102
551,0.26396402746419884
552,0.44357790374078393
553,0.2647334076075402
554,0.06420675890128459
555,0.32236114229983404
556,-0.13256414400615912
557,-0.09584029344381188
558,-0.11858488365332974
559,-0.34126616012653294
560,0.518628351580512
561,0.37401733753328614
562,-0.45837060791569256
563,0.18439922887298835
564,0.4670230340715672
565,0.2343383403435189
566,0.7678920394020564
567,0.30519623707080595
568,0.1867051057876674
569,0.10283691588225417
570,0.32046644519816053
571,0.4768582598651994
572,0.2835613707302285
573,0.1993416541799341
574,0.306015195340314
575,0.19983340503876534
576,0.04354219319378124
577,0.14485954154586714
578,0.011155123861047446
579,0.3030170090607329
580,-0.6786805602293302
581,0.02885161190157053
582,0.6333026097953004
583,0.11913750272192622
584,-0.759516881571915
585,0.17976685936598227
586,-0.03926314836778947
587,0.2675655763045507
588,-0.035509655875799906
589,-1.1468543557322646
590,0.17580788549443957
591,0.041921769483647967
592,0.5997591546720541
593,0.12333476999093643
594,0.08491936002352501
595,0.46742684803537576
596,0.4586222514477559
597,-0.3800108684369108
598,0.12224374128238719
599,0.019073573691925597
600,0.21443256131511199
601,0.34106492709712344
602,-0.4063889636327686
603,0.4158807210825409
604,0.43071507136223836
605,-0.19654666906769108
606,0.21198993224814447
607,0.5122916533681445
608,-1.0136449232734126
609,-0.22320416088159897
610,0.5269562794834557
611,0.9144790678560709
612,0.323403742018589
613,0.3006096907894279
614,0.5223205798124152
615,0.35931848240343417
616,0.013382447329618456
617,0.1971951243867952
618,0.026223354926203243
619,0.2928968796489463
620,-0.057896117980613115
621,-0.05341935524384472
622,-0.9406575677664417
623,-1.0640677680159714
624,-0.18559686537504397
625,-0.6400085147619424
626,0.07172307929378859
627,-0.515184846899581
628,0.12451699640201742
629,-0.43298785481124624
630,-0.607642716766745
631,-0.9708349979973343
632,0.2606466569758023
633,0.3961793872633527
634,-0.8398492384177467
635,-0.7638223932047327
636,-0.14754529588027804
637,-1.1480527786080177
638,-0.2142648630885496
639,-0.7416251208474154
640,0.11023087669169056
641,0.21437956875039155
642,-0.5360970024492626
643,0.8708746344050705
644,0.25268408912886936
645,-0.32251437836778735
646,0.4642100467860737
647,0.2708855499491764
648,-1.2479494233373163
649,-0.45777217009868454
650,-0.14661870362093246
651,-0.7805731958337048
652,1.0316311939615177
653,0.3005682061027873
654,-0.48014221530923257
655,-0.01705003889274088
656,-0.28652788407034196
657,-0.39486450809514134
658,0.19506328564848466
659,0.6594118534885425
660,-0.5807022053117626
661,-0.15181653472483644
662,0.1894573349417707
663,-0.3302689927593159
664,0.831250701024586
665,0.4254396826039534
666,0.4112829085096916
667,0.09978382219886217
668,-0.13070426946985286
669,-1.0230448290312617
670,-0.14558273289659038
671,0.27710417171116264
672,-1.26866869562699
673,-0.03963776338491873
674,-0.21747269274601821
675,0.19309401486738298
676,0.07998575418031334
677,-0.3723557408332586
678,0.7634605645814263
679,-0.44073704044867423
680,-1.039096441835897
681,0.41954688085722425
682,0.541469427221312
683,0.6354783119986117
684,0.7347461663802485
685,-0.40957977281026514
686,0.055318367047019125
687,-0.18093935005481698
688,0.9261154661020345
689,0.11601160756757962
690,-0.07966191078822409
691,0.06159248036768386
692,-0.30713597197951964
693,-0.13382656964240425
694,0.5165809569538125
695,0.7584266153802518
696,0.499805132593581
697,0.4985022770539764
698,-0.35037108721994226
699,0.4600040919583084
700,-0.042343288706644375
701,-0.04172158079621898
702,0.22556567353306378
703,0.33432563570663076
704,-0.8824387578342643
705,0.44756160024671576
706,0.2827916639779915
707,0.41510144860656806
708,-0.05008140496808425
709,0.5019899900635738
710,0.4673524913128887
711,0.17775088788822546
712,-0.0059826009332217414
713,-1.0835278287723435
714,0.06126099063176574
715,0.13095819999155558
716,-0.38262157769285804
717,0.24758226508811593
718,-0.49115312394923033
719,0.12382573136318137
720,-0.07031039609384157
721,0.0399715846942347
722,0.027731773435810576
723,-0.6358797843979556
724,-0.06429685447832742
725,-0.4612977618986326
726,0.05946086980605163
727,0.027195665140578744
728,0.4036222866755527
729,0.34392313657773527
730,-0.9004910048921738
731,0.5145375867871766
732,-0.1720965043487664
733,0.7611672753986217
734,0.42897114808420145
735,-0.9320153122271047
736,0.222545367087395
737,-0.557843584054971
738,-0.1798346661854832
739,0.016095176204683346
740,0.114674381065705
741,-0.26072071347440906
742,0.5613149109311801
743,0.8358805630357455
744,0.22175939052186877
745,0.17135678003660457
746,-0.32593441744280977
747,0.8061414014551443
748,0.1217776275574606
749,0.06497976460333464
750,0.6158166727390464
751,0.42510698623501114
752,-0.021196607824787085
753,-0.5855396331327278
754,0.030136021064972086
755,-0.7086736709784703
756,0.5852543813632883
757,-0.07281469152348925
758,-0.13691516744911933
759,0.05620611512980361
760,0.5373058237239196
761,-1.0431787176899927
762,0.4693725508307249
763,-0.13909402534495252
764,-0.2851338686656024
765,0.6113805717331606
766,-0.48191486952302376
767,0.08792104751424185
768,-0.3854688418124066
769,0.10390365504884025
770,-0.025603123940274673
771,-0.05453816434874912
772,0.6272988003483576
773,-0.146244810907798
774,0.6600728917610841
775,0.6176174660976733
776,0.38971534259381096
777,0.264171526594374
778,0.29513432011189167
779,0.22473164199942697
780,0.12322063856928668
781,0.9921978682595574
782,-0.48802621283872155
783,0.4549076187375801
784,-0.01494503184528843
785,0.5256340839296373
786,0.19625135554009618
787,0.46824446066576714
788,0.417022051671168
789,0.3219418744557396
790,0.44157355061478065
791,-0.023504137142222638
792,0.6110750013678391
793,0.2324938934277008
794,0.13782369368259742
795,0.326024312904035
796,0.08651435563028649
797,-0.7117023929524653
798,-0.05969077376468035
799,0.14481365015089498
800,-0.21301021356176514
801,-0.45308934131479317
802,-0.5554499490792221
803,-0.892393269756639
804,0.07882749835501131
805,0.5839164749926858
806,0.37607948038582045
807,-0.19310269821289738
808,0.07461774858079981
809,-0.02910436201595386
810,0.025478914001559837
811,0.18553045268933785
812,-0.5491830263214422
813,-0.3057056038708552
814,0.31316130618755306
815,-0.061754020220246356
816,0.0854607428113251
817,0.30027565371913706
818,-0.5824294697786757
819,-0.060345787937201446
820,-0.5818640586549909
821,-0.5343047155221232
822,-0.5145065777019767
823,0.25823532744516653
824,0.2748945620705525
825,-0.11547483679680702
826,-0.8593394797353783
827,0.3175778991416031
828,-0.015704001076742927
829,0.17495201024324453
830,0.6544732956985513
831,0.3994592528012494
832,0.10865333463296492
833,-0.14210201211991966
834,-0.3918597087396661
835,0.5583393246887167
836,0.6285615714664594
837,-0.2897832242246529
838,-0.11016234516252042
839,-0.007390814269413482
840,0.14371702204114983
841,-0.7267387496621651
842,0.1002953171827693
843,-0.7958860174697621
844,-1.135731096376937
845,-0.15219583192218455
846,0.2726741243529698
847,0.4307760872329898
848,-0.22583230702274154
849,0.299262841438116
850,0.10349093166436488
851,1.0227812042893087
852,0.9678060429785106
853,0.018281756267249018
854,0.4590502396811972
855,-0.016706922849858856
856,0.49115325858802794
857,0.10470382448283073
858,0.6175895953265542
859,0.20428969949431783
860,0.3637942726668231
861,0.3489669430198039
862,0.3515456293748388
863,-0.4134486275056298
864,-0.1473903103859938
865,0.4953880797821631
866,-0.1675545102851369
867,-0.10171797765005351
868,-0.024269028107888814
869,-0.15131450901529198
870,-0.3120134722264449
871,0.8992387840538494
872,0.38016232486451784
873,-0.2744068663957969
874,0.0276627070052459
875,-0.21669370581831252
876,-0.33179541133387325
877,-0.17959215162311948
878,-0.010269581397210409
879,-0.2711572939138311
880,-0.241343556877467
881,0.6068567764526762
882,0.5186748447516091
883,0.6552975960447229
884,-0.18625929930006857
885,0.14959326744145
886,0.26623483390134856
887,-0.6573742910428659
888,0.20835453688532196
889,-0.5169605436565761
890,0.07677027832323195
891,0.4092497977003719
892,-0.05245386611062692
893,-0.2579847898877269
894,-0.25149731678882176
895,0.139595036073917
896,0.1442009792611056
897,-0.6759291997223738
898,0.10754716497269731
899,-0.016681324753344
900,0.07134278890040355
901,-0.3131798527267154
902,0.24085485959918748
903,0.41493321830079194
904,0.13047669567075174
905,-0.5217504320566462
906,0.4703942164366731
907,-0.639417905456138
908,0.1862821570102127
909,0.613967605283733
910,0.12739923715429413
911,0.417888035650888
912,-0.11784982626688219
913,0.3508068560292973
914,0.11981783883009549
915,0.3169981148452013
916,-0.8256327720236432
917,0.05894827265446322
918,0.008044831833108087
919,-0.3252865878620491
920,-0.012705067850564414
921,-0.6776470478526877
922,0.3627591468120056
923,0.4297336656106429
924,0.3525066105718067
925,-0.18111044609749594
926,0.6053661729324863
927,0.2290384315263494
928,0.5796445581784225
929,-0.2791815774687503
930,-0.09903405529926007
931,-0.21861481992244375
932,-0.7038763854372022
933,-0.3170874880483205
934,-1.297199782523115
935,0.051197191838847515
936,-0.37141730589629224
937,0.13067432548620614
938,0.17979653251416186
939,-0.5147729409661567
940,-0.6144788441543092
941,-0.12755522341130618
942,-0.8410986506570616
943,0.23867520333075093
944,0.32045230899291344
945,-0.04302345038959819
946,-0.45404137259075794
947,0.13322670372173437
948,0.3354898725085388
949,0.41100689981248256
950,-0.7108735918718518
951,-0.8179861236945475
952,0.21304841306850517
953,-1.2798552611096865
954,-0.07819991451641334
955,-0.02987982729760002
956,0.00931504483133717
957,0.6443923055253925
958,0.12380556850284256
959,0.9455757102831808
960,0.4469255685194465
961,0.5860863282761369
962,0.5898958377397375
963,0.4890467420016323
964,0.8533442148804888
965,-0.27224077527710794
966,0.10718478662409629
967,0.011772506173883975
968,-0.32914269861200973
969,-0.47401234340774706
970,-0.20637101210847336
971,-0.3010317433381759
972,0.509800696771519
973,0.5524681376059968
974,-0.2612572664886369
975,-0.10010361273437325
976,-0.3380737643205815
977,0.18395521385394437
978,0.15628464851655288
979,0.6393838683181055
980,-0.2778653189342335
981,-0.044016799392758925
982,-0.5714878574768344
983,-0.5402109811403695
984,-0.3465095827461537
985,0.4018117986041975
986,-0.6024554076006456
987,0.2825446718133695
988,0.28634874051370074
989,0.31728122255868224
990,0.22498631976231967
991,-0.07150022241934134
992,0.12489535885246003
993,-0.035117665762899715
994,-0.599866760447444
995,0.09777654263585367
996,0.29836027451138186
997,-1.3383790349208708
998,0.40702143719082495
999,0.2116168565850914
1000,0.362323062755826
1001,0.577792484493682
1002,-0.007386705472104561
1003,-0.5024602011726133
1004,-0.3659452158691422
1005,0.28283281329993865
1006,0.4106819436497356
1007,-0.581072359901486
1008,0.6144038781601147
1009,0.2921115169449941
1010,0.27649415924901316
1011,-1.2218954630454812
1012,0.026233145743428523
1013,-0.6737687232168181
1014,-0.4998913690249523
1015,-0.6987170604366588
1016,-0.02371925832766325
1017,-0.36056796751583314
1018,-0.9357422368678425
1019,0.07582919185444269
1020,0.47931433877229646
1021,-0.057193032816785686
1022,0.4231225819955749
1023,-0.07795357674201756
1024,0.04357545605171066
1025,-0.677792703714
1026,0.015959000146087556
1027,0.3574262747050397
1028,0.035363192658467775
1029,0.394040744542227
1030,-0.1543245158356999
1031,0.3833617124617868
1032,0.5615360892157397
1033,-0.025455413199877885
1034,0.1168495316284692
1035,-0.24996697239461063
1036,0.3710415755453843
1037,0.15361640351965222
1038,-0.11175721244144471
1039,-0.04663924323355491
1040,0.4312258374310618
1041,0.3826389317751223
1042,0.14786488040233262
1043,-0.3317022692850498
1044,0.4361523875390873
1045,0.2357532639001889
1046,-0.3531551954447292
1047,0.9261512324295906
1048,0.3422319856142398
1049,0.537450385183778
1050,-0.6938722673190025
1051,-0.7557976625723865
1052,-0.19109679225549933
1053,0.36742546471319626
1054,0.2474921928197176
1055,-0.002433238673929602
1056,-0.13332376563163306
1057,-0.13629216396830063
1058,0.8124116797697615
1059,0.16876382268524992
1060,0.36958113940868054
1061,0.3346092439394444
1062,-0.4450920784235028
1063,0.8091178257412411
1064,-0.31808350730805207
1065,0.12883228948140107
1066,-0.16351161891187563
1067,0.18436962562092032
1068,-0.1370472034722587
1069,-1.1266509662489124
1070,0.797410028998026
1071,-0.8441120311317769
1072,0.0593203483409612
1073,-0.6217822493741895
1074,-0.44314254862037966
1075,0.2755951573122763
1076,0.055585894745743145
1077,0.42934565029822835
1078,0.1842676233899685
1079,-0.1434953273381714
1080,0.36851120087622996
1081,-0.008517452076639702
1082,0.5106443146909171
1083,-0.9542828666367964
1084,-0.5808799077259215
1085,-0.022438193560773766
1086,0.11853110863305132
1087,0.7532267761217142
1088,0.30725866671624946
1089,-1.0755972355017667
1090,0.2470114684017645
1091,-0.19505930410860228
1092,0.0968963787658987
1093,-0.41294439791310766
1094,-0.1390450840487186
1095,0.45734209661612174
1096,0.09741170356660153
1097,-0.088259823693684
1098,-0.20015338339608715
1099,-0.07861625062129284
1100,0.2028998926651687
1101,0.126488888903277
1102,-0.2989109112947194
1103,0.16575201146463658
1104,0.43521828028404647
1105,0.14361003589150217
1106,0.12438889728078964
1107,0.21425039706390847
1108,0.7008532373593601
1109,0.07868075437957797
1110,0.7624652828120979
1111,-0.3233624828290928
1112,-0.5118141525726941
1113,-0.4994527610221417
1114,0.14553534603309565
1115,-0.2771281980350469
1116,0.11175703743107816
1117,0.6564235165144993
1118,-0.23199267056300232
1119,0.07152631447747053
1120,0.46420276489719026
1121,0.06852162525308518
1122,-0.3072596765100638
1123,-0.6898381447125174
1124,-0.02500500514850778
1125,0.18210356256701254
1126,-0.4301956245594378
1127,0.645688882429151
1128,-0.6499731940014828
1129,0.29105142536506473
1130,-0.23852614864390875
1131,-0.159707097678251
1132,0.3348037995478274
1133,0.42662808189457063
1134,-0.5479793591978003
1135,-0.08111463631287079
1136,0.026662026421766124
1137,-0.5123391489996745
1138,0.3960414731012603
1139,0.32801032848621176
1140,-0.321969659275367
1141,-0.08723140993223939
1142,-0.10728131256385008
1143,0.04387969674637673
1144,0.3815500784116225
1145,0.28872053762253763
1146,0.16923529622601888
1147,0.29741333430653444
1148,0.24842467156276923
1149,0.10234082918687375
1150,0.7385596089930775
1151,0.7590792035136218
1152,-0.7450266154221576
1153,0.4899679624828781
1154,-0.4927360027116378
1155,-0.3723985556504366
1156,-0.40133878263387474
1157,-0.26551253456585117
1158,0.3427353250072115
1159,0.23331801418705006
1160,-0.07029885481332303
1161,-0.004273735225810796
1162,-0.27838884039716655
1163,0.13564727600883936
1164,0.01525558890396151
1165,0.47856133700040127
1166,0.7813903851398434
1167,0.43613399513211193
1168,0.5000838701152778
1169,-0.963063449610121
1170,-0.32825182458565927
1171,0.10659859018888602
1172,0.5336240122000747
1173,-0.1260816735741921
1174,-0.5187208548080589
1175,0.5511560844147664
1176,-0.962075110697431
1177,-0.7011677738854637
1178,-0.6620614175969847
1179,-0.18313158758721024
1180,0.17341080394041763
1181,0.0031678036503958477
1182,-0.10829143586677173
1183,0.42095842311608395
1184,0.5014476910646394
1185,-0.08020957024259816
1186,-0.5316797283329066
1187,0.5819445814309386
1188,-0.15684313837721628
1189,-0.2402708897362433
1190,0.15398630786862375
1191,-0.4838176196008914
1192,-1.085425995799862
1193,0.00487785211495691
1194,-0.5910764752527856
1195,0.00029417794860631845
1196,-1.434148636922635
1197,0.19301086728774217
1198,-0.4117531609318421
1199,0.49992509638802285
1200,-0.46270380237759556
1201,0.1309845923484574
1202,-0.10000539384351055
1203,-0.3505966676352276
1204,-0.1788198326388947
1205,-0.055571803996669944
1206,0.7060258541929229
1207,-0.6933174963879798
1208,-0.1543093443536105
1209,-0.13199802386146794
1210,0.062299256055848046
1211,0.7291149412654038
1212,0.13637312647269229
1213,-0.3800108236466194
1214,0.8159066927542971
1215,0.31249016925877154
1216,0.11037579800164041
1217,0.23909249455019052
1218,-0.7283614970443012
1219,0.14284742781184903
1220,0.803459353296384
1221,-0.18414982908142516
1222,0.48042442303836974
1223,-0.252276059483875
1224,0.36719544972787144
1225,-0.0678608193219598
1226,0.06658292383263867
1227,-0.6103593851670324
1228,0.7836407849056903
1229,-0.38330590481728327
1230,-0.049180227924542075
1231,-1.0768033673738602
1232,-0.812007317559488
1233,-0.36352973306838415
1234,-0.09299519485936614
1235,1.0668812778354066
1236,-0.6865271915140583
1237,-0.2989404426136103
1238,-0.31746972360924364
1239,-0.5088315413514081
1240,-0.3488217349022723
1241,-0.9505208781316303
1242,0.508649393024672
1243,-0.4275409409463452
1244,-0.5262230471146582
1245,-0.7252485858461439
1246,0.643661313981918
1247,0.44314922835651765
1248,0.46518509163949
1249,0.10428772643083917
1250,-0.3915574547202305
1251,0.20273854449551468
1252,0.37019129621245644
1253,0.5608876958010178
1254,-0.35067273405191923
1255,-0.5034909939765171
1256,-0.0956767581314703
1257,-0.11893877322308542
1258,-0.13146003141022908
1259,-0.07670709279139831
1260,0.07866844377047655
1261,-1.3265836482241529
1262,-0.1867312720745882
1263,-0.2596407247765198
1264,-0.29339795547425956
1265,0.5000096257507693
1266,-0.7111612140138668
1267,-0.13334831455208185
1268,0.6264390282336563
1269,-0.06413893630850682
1270,-0.03733470099624339
1271,0.676777241786487
1272,0.5945283326440656
1273,0.8239922341069492
1274,0.8110733180963533
1275,-0.08742925697586106
1276,0.7374436174457932
1277,-0.3214191472763061
1278,0.5202259763335834
1279,-0.05421397433914022
1280,-0.025103783290779228
1281,-0.9921591055090596
1282,-0.5831682160246141
1283,0.5473546707430641
1284,0.16308676374121592
1285,0.08304523201270528
1286,-0.45284061677678367
1287,-0.9003487535830589
1288,0.0650998070942749
1289,-0.8711385207639938
1290,0.7829428561399991
1291,0.4774152320824579
1292,0.47673258749475816
1293,-0.9687515843354719
1294,-1.0783253482980606
1295,0.04136073209674141
1296,-0.19186811917782248
1297,-0.15397398755673833
1298,0.4415529247764113
1299,-1.1669754666147307
1300,-0.3949569107388778
1301,-0.213258990937196
1302,-0.002492583190551744
1303,-0.21962867907904912
1304,-0.2206526890448879
1305,-0.006503045426614847
1306,0.8015832798299065
1307,0.249195912439233
1308,0.4090897616025312
1309,0.8485912125689922
1310,-0.18265400965184608
1311,0.6538041110028621
1312,0.4141853405206821
1313,0.2507669187772758
1314,0.28640853280810163
1315,-0.5854573431581763
1316,0.1499549009086412
1317,-0.5176495266998481
1318,0.5444525987533656
1319,0.5197494547639662
1320,0.6950568747156778
1321,0.9653797788308208
1322,0.6867289289490504
1323,-0.35627703587781057
1324,0.5061152549633304
1325,-0.7436392216917126
1326,-0.08287650997868733
1327,-0.10662460035786184
1328,0.42570181411962216
1329,-0.006720547776005245
1330,0.07189531144355657
1331,0.007717186268040391
1332,0.41332851242643404
1333,0.3530250873613274
1334,-0.4224229317307271
1335,-0.543848407083346
1336,0.22247968664385326
1337,0.4199385572435554
1338,0.09023169037969271
1339,-0.8444124899623112
1340,-0.7157515101991135
1341,0.7155074951125532
1342,-0.7796485996734815
1343,-0.9495942929054363
1344,0.19327672063306253
1345,-0.1753603532535652
1346,-0.6712207494425602
1347,0.033631017371010374
1348,0.2240248260972821
1349,-0.4752192028738759
1350,1.0250655858547695
1351,-0.8282108692763989
1352,0.21205287137531525
1353,-0.31749107612695904
1354,-0.24791312287889924
1355,0.5275937402063082
1356,0.3230915516071746
1357,0.36831633813140946
1358,0.6236998360307587
1359,0.054598188233875855
1360,-0.5434140647315986
1361,-0.17926879123997722
1362,-0.32930746215161694
1363,0.3353009648337344
1364,0.4270806013017256
1365,0.19867903410734994
1366,0.10520053812334104
1367,-0.1702291962801807
1368,0.046444454731231315
1369,0.5682720405376969
1370,0.04848302441838949
1371,0.35308810796978896
1372,0.06517380119694176
1373,0.5694316120760597
1374,0.4481284118309042
1375,0.4614273841777408
1376,0.47216863490751265
1377,0.17957942441882344
1378,0.352285664906272
1379,-0.3146151478232745
1380,0.8486740998892525
1381,-0.5191937569353492
1382,0.41327260907583624
1383,-0.3111265717926972
1384,-0.011892997790690443
1385,0.463050423542158
1386,-0.3552772429738107
1387,-0.4180281205043497
1388,0.4040632344898841
1389,0.0036496877605441997
1390,0.15438208646843762
1391,0.27943907795725886
1392,0.653175216794526
1393,0.1971540617861297
1394,-0.6418408400771694
1395,0.1667814428713022
1396,-0.36249177999849325
1397,0.4068230190287376
1398,-0.7504326106690691
1399,0.9775994775161418
1400,-0.33336102097231235
1401,-0.18687838869341117
1402,0.09299228648280697
1403,-0.2769001078256523
1404,-0.1334426166206966
1405,-0.26797527482913175
1406,-0.31416043068404714
1407,0.5998283585984834
1408,0.16605379956591118
1409,-0.6056044115239102
1410,0.08737460605405899
1411,0.4950678433353552
1412,-0.35215234593695655
1413,0.21766216019303156
1414,-0.48877062037768293
1415,-0.26228169395202233
1416,-0.7335288284565981
1417,0.4851457454246183
1418,0.08609170268750502
1419,0.9203838601049497
1420,0.2719951788442669
1421,0.2141574230066079
1422,0.3759490736460041
1423,0.41828007960929464
1424,0.6770204067829428
1425,0.6809642307366102
1426,0.017391558702245027
1427,-0.22915961967988047
1428,0.1197486346258449
1429,-0.33000849427432183
1430,-0.06869057052945118
1431,0.4422964840463199
1432,0.8810932615454615
1433,-0.3370065260563571
1434,0.23215708057788018
1435,-0.5279119199013744
1436,0.6727230652911347
1437,0.6806741542072557
1438,-1.1675307951966918
1439,0.7289580004734657
1440,-0.2123654483055782
1441,0.18570514141444752
1442,0.34538453654177853
1443,0.5638179888354241
1444,-0.32131884637409525
1445,0.2266037532038233
1446,-0.2859063906584005
1447,-0.6816669746623657
1448,0.1931991464756722
1449,-0.06984399050812173
1450,-0.013718603850963627
1451,0.5215275368464735
1452,-0.3720457322305352
1453,0.4061249273119767
1454,-0.8162939052592352
1455,0.47572602853578466
1456,0.38132421639474984
1457,0.8132246689671254
1458,0.11756640609154874
1459,-0.059951802929486694
1460,0.28593666259447054
1461,0.1353730759789033
1462,0.2466737091232513
1463,0.36397141672038086
1464,-0.557093607077833
1465,-0.22604384783627085
1466,-0.8370470583682261
1467,-0.05146928936838677
1468,-0.15659943700231174
1469,0.23492711979615447
1470,0.3696729597029517
1471,-0.48322904989958965
1472,-0.07427965199967
1473,-0.5752248952510812
1474,-0.2655319510839891
1475,0.6625840721007138
1476,-0.35712847188188435
1477,-0.6203924435180018
1478,0.5697965585964803
1479,-1.0184515324148453
1480,0.31255171985296515
1481,-0.6812156293804297
1482,-0.48080856495309526
1483,0.4591370355551236
1484,-0.09914526355459559
1485,-0.2954885977747297
1486,-0.12205614284742033
1487,-0.00596884251787843
1488,0.8428987165704194
1489,0.22678432358524567
1490,0.018607949389431156
1491,0.6187554429496516
1492,0.5522188062445168
1493,1.0426792314817879
1494,-0.6768284924903682
1495,0.6259899505906851
1496,-0.1903168655950707
1497,-0.6283737610288033
1498,0.4104895445616961
1499,0.02086275126685967
1500,0.36662170337244226
1501,0.1614097027040827
1502,0.9115910717455771
1503,0.17404350874385377
1504,-0.26709541690539024
1505,0.4373132010320965
1506,0.534993564350155
1507,-0.059050427278296805
1508,0.3895185548017944
1509,0.09473502942635652
1510,0.4000640803839616
1511,-0.4482029325730591
1512,-0.46208761862094117
1513,-0.05014616617196383
1514,0.7053215598327419
1515,0.9246665809911359
1516,0.8812004043600422
1517,-1.5021794824737835
1518,0.4643858575130649
1519,0.328658928221603
1520,0.20164085407961735
1521,-0.022762258403707217
1522,0.3740761418969748
1523,0.24260034671567932
1524,0.42008890193437787
1525,0.764426244419848
1526,-0.3597695215921747
1527,-0.3481707256526395
1528,0.14002300352057376
1529,0.17960338199573597
1530,-0.10081562779345883
1531,0.38860853552290825
1532,-0.9726580220860708
1533,0.38614726986569126
1534,0.3661588141109235
1535,-0.04270540268114168
1536,0.2442297564093622
1537,-0.3099459920041896
1538,0.3568948427692857
1539,0.29988975141864543
1540,0.5243173452341322
1541,-0.16511036517679092
1542,0.5210821899312077
1543,-0.18829299993146417
1544,1.0722457613836098
1545,-1.4926565114517032
1546,-0.035648521927758026
1547,0.18572760263899138
1548,-0.6862703262778119
1549,-0.4474856808576723
1550,-0.46767467841555355
1551,0.28676853442325945
1552,-0.6222912473143597
1553,-0.28252422621153667
1554,-0.41379533154254167
1555,0.16182756765465017
1556,-1.1861039386102352
1557,-0.2232120195218296
1558,-1.2882643534421856
1559,0.16943736216711563
1560,0.6081057311164895
1561,-0.629668717407685
1562,0.32895934357762346
1563,-0.9703571684317693
1564,-0.09347526642973852
1565,0.11381752451867472
1566,-0.09881046204167673
1567,-1.069435015302187
1568,-0.6467844071928215
1569,-0.3534701576040867
1570,0.9538044610812381
1571,-0.188782095058618
1572,0.10463400501878066
1573,0.529776647512156
1574,0.5915884045096326
1575,0.12244619758753979
1576,1.090125047584144
1577,0.853032952500005
1578,0.998275855755322
1579,-0.9912361691407469
1580,0.5438488914464292
1581,0.5177449486696227
1582,0.445090978436174
1583,-1.0100883044586069
1584,-0.25070192934063495
1585,0.6439414186375575
1586,0.6153279811805349
1587,-0.13802034406405408
1588,0.3042110468204504
1589,1.0076610700456408
1590,0.26348228656753586
1591,0.13406742823425347
1592,0.5058182414736502
1593,-0.0433967277685272
1594,-0.7741242915551314
1595,-0.2708180941224112
1596,0.5450038252999394
1597,-0.8829216237808996
1598,-0.031813329174740404
1599,-0.6053002334852859
1600,-0.8089272791188982
1601,0.6829039463389301
1602,0.38705531273651866
1603,-0.1252763381449388
1604,0.22789140947135114
1605,0.1447954989031228
1606,0.10481177116071219
1607,0.01889793107702634
1608,-0.4712794111488993
1609,-0.30974554794063797
1610,0.4856518110823578
1611,-0.45548361737847454
1612,0.06603422059428218
1613,-1.0028405059165668
1614,-0.3330185334138464
1615,0.10814768804208844
1616,-0.5677289745535415
1617,-1.2046855929293065
1618,-0.33924505047730874
1619,0.07789129904878757
1620,-0.03526887295744168
1621,0.26291721140616986
1622,0.4130012238468343
1623,-0.6745886414413338
1624,-0.4335522664977256
1625,-0.19214761676164588
1626,0.18799973228782102
1627,0.07361377055086264
1628,-0.05023974058059309
1629,0.008005219172180432
1630,0.4098310977357213
1631,0.19596808532286816
1632,0.17424237426856387
1633,-0.0746183700570962
1634,0.7416328682476059
1635,0.06260363848917952
1636,-0.40141510272885017
1637,-0.32098761743840315
1638,0.09747132768472588
1639,-0.8338887878218475
1640,0.46274293346410167
1641,0.6307020384862598
1642,-0.12330588181199562
1643,-0.1835939223826985
1644,-0.3630287852438775
1645,-0.8322094083842299
1646,-0.5648449289061515
1647,-0.6585219638460815
1648,0.8322913430246971
1649,0.8388942812330966
1650,-0.9866646122680257
1651,-0.21858542512591883
1652,-0.5375356262445251
1653,0.32584912323358894
1654,-0.1827343859698845
1655,0.6382117577681913
1656,-0.3829511181712036
1657,0.40381772824962925
1658,-0.37270067358207654
1659,0.5294850998102012
1660,0.16643871411788255
1661,0.4255103186660518
1662,-0.3547036636503715
1663,-0.15541359299520413
1664,0.10423629453026392
1665,0.12967032099854667
1666,-0.6546647897449916
1667,0.0465698443882659
1668,0.7553044938228802
1669,-0.6633910510638766
1670,-0.31760351203079823
1671,0.9234171015107479
1672,-0.13830308518050768
1673,0.6965662713834821
1674,0.28280264887455686
1675,0.35751927028947855
1676,-0.37336266564513815
1677,0.5315836082602998
1678,0.2767977107689143
1679,-0.25463122614782063
1680,-0.2470992270512144
1681,-0.9865712023134091
1682,0.8003394015474943
1683,0.43315977172610376
1684,-0.687686187952512
1685,0.30174788645477557
1686,0.18459776428965566
1687,0.3290573529741369
1688,-0.47971991325084945
1689,-0.12939626914460245
1690,0.09457813640880856
1691,0.050784262015455744
1692,0.7965396676218959
1693,0.7465244723187372
1694,0.08808047792717058
1695,0.6221828998517905
1696,-0.4021526258182589
1697,-1.230643018575709
1698,0.22017510962079992
1699,-0.22229032236096932
1700,-0.10024257724207498
1701,0.32941775133105494
1702,-0.350087760633061
1703,0.37989447429824574
1704,0.03987182650320691
1705,0.4784667507890816
1706,-0.31881422041665225
1707,-0.7203291086509678
1708,-0.5691947285893727
1709,0.3254827250350497
1710,-0.2021420896649912
1711,0.01599082728670217
1712,-0.03754200764332055
1713,0.12698471222199498
1714,-0.3226954788358672
1715,0.2365901663354577
1716,-1.3836648484153964
1717,-0.8061850712833821
1718,0.008454663067549398
1719,-0.336419121304715
1720,-0.07935704561238038
1721,-0.1575865067643252
1722,0.7125270887261702
1723,-0.8472778935397025
1724,-0.6626645835807636
1725,-0.995528827580862
1726,0.16424174822805665
1727,0.4867282834770693
1728,0.27408856051932384
1729,0.36219919052093436
1730,0.6500406530251601
1731,-0.1671066521570314
1732,0.28329216060810053
1733,0.2696626621807472
1734,-0.34153344901221633
1735,0.29306868555441934
1736,0.04779688866934049
1737,0.2272079833384765
1738,0.17952495655250716
1739,0.6633043027240652
1740,0.7854526057183536
1741,0.552119746414927
1742,0.13825631671922312
1743,0.4444651925974054
1744,0.7713332574570178
1745,0.4278582512150065
1746,-0.2686716989618754
1747,0.4441446062272554
1748,0.04988224988656772
1749,0.14500994812356616
1750,0.5029911741370184
1751,0.12196368535586624
1752,-0.03164540045052021
1753,-0.24956430849489492
1754,0.48633926466638094
1755,0.519367013589843
1756,-0.26503524200879996
1757,-0.0748446707362905
1758,-0.5452800875185401
1759,0.767403627866058
1760,-0.08911052358477009
1761,-0.8996206530926611
1762,-0.23682016128331257
1763,0.271286996891232
1764,0.7860550995705394
1765,-0.09199718722862994
1766,0.3523231477312016
1767,0.4244523365660653
1768,0.8443843051695811
1769,0.36639964507495176
1770,0.4183007729104643
1771,-0.09977209855729498
1772,0.3389612232692105
1773,0.2504210631006341
1774,-0.06167414654422805
1775,0.47247355484123443
1776,0.025874216549800454
1777,-1.944775187370794
1778,0.7395396623534409
1779,-0.02048692226324497
1780,0.14594578216034051
1781,0.5734397675844461
1782,-0.19481793991076315
1783,0.07790730457806926
1784,0.330268875232913
1785,-0.7386442660874935
1786,0.3706788136775923
1787,0.4102722761111126
1788,-0.7107551490981363
1789,-0.3719075528991529
1790,0.17282638299236922
1791,-0.4648661922879423
1792,-0.7496074305496347
1793,-0.3080285390969299
1794,-0.08719077815021313
1795,-0.06874509966812146
1796,0.008480030340109353
1797,-0.3271072570864579
1798,-0.31792873476357125
1799,0.2787641529944902
1800,-0.10130318628229466
1801,-0.09662463445359996
1802,0.013190786216809131
1803,-0.5038952125638501
1804,-0.24015999831499846
1805,-0.2249931601161794
1806,0.5026523157434136
1807,-0.051303137031330694
1808,-0.11216350846686465
1809,-0.2607899542850645
1810,0.40165476062859623
1811,0.4949758050549952
1812,-0.048711973054366635
1813,0.45572547363799637
1814,-0.3306117502983908
1815,0.2478554442998782
1816,0.4778662897136647
1817,0.09966208200912571
1818,-0.864552072466475
1819,0.4045195143959631
1820,0.2657173828564518
1821,0.6170194573628078
1822,0.40592855925591115
1823,0.09007595164874803
1824,-0.34087329845788517
1825,0.4583650871493953
1826,0.2957123493163922
1827,-0.280219133254895
1828,0.31683586498161076
1829,0.8755936635100249
1830,0.45047488147562037
1831,0.2273888966703669
1832,-0.3695399670160301
1833,0.23038244837355262
1834,-1.0464431392507465
1835,0.6922393013104046
1836,0.10892283114914922
1837,0.5765126881440314
1838,0.4628997431705816
1839,0.045930270352856864
1840,-0.4505065722389351
1841,1.0661830809164683
1842,0.1631031009052008
1843,0.5530814100208805
1844,0.5946579275867812
1845,0.0009655488070895957
1846,0.2497596512339662
1847,-0.47667259900838005
1848,-0.02106106117404516
1849,-0.8683973237006302
1850,0.5573902642050007
1851,-0.16549959051974683
1852,0.2859999118491476
1853,-0.5668736985453825
1854,0.15645414825938145
1855,-0.07555015094760215
1856,0.12586327943564463
1857,-0.029339126101122492
1858,-0.3498445015189992
1859,0.021643140440849445
1860,0.9592859018146868
1861,-0.03223476482064318
1862,-0.05546124074017988
1863,0.1682554239812076
1864,0.36669678696258057
1865,0.1961863974250894
1866,0.30000740550383814
1867,-0.6089950661145436
1868,0.16986536997202262
1869,-0.08053928930353962
1870,0.46735416037606337
1871,-0.5134092774945045
1872,-0.14374456336163133
1873,-0.5334935202134621
1874,0.7031561037629077
1875,0.6457121673117456
1876,0.6933736732536747
1877,0.5743307869897821
1878,0.4488542539543934
1879,-0.8304645711281321
1880,0.02390429873475278
1881,0.13270932856299442
1882,0.11768949553553507
1883,-0.08642666388959418
1884,0.40036810774881587
1885,-0.7050857382077633
1886,0.4114077302652116
1887,0.2775281326847905
1888,0.5399655479092075
1889,0.35436602862501243
1890,-0.21205297097528789
1891,0.2598176126988796
1892,0.6655005320091728
1893,-0.16670813089877193
1894,0.09821137178156582
1895,0.25601384649933145
1896,0.024487743637551126
1897,0.24171917319150418
1898,0.33498238062511176
1899,-0.20179463809329828
1900,0.5693667293815401
1901,-1.0286844705568483
1902,-0.4121943954472607
1903,-0.36503784831439784
1904,-0.2133637252797362
1905,0.34774523527592816
1906,0.2424674504098823
1907,0.4324984250351277
1908,-1.399617615404838
1909,0.6189674721193553
1910,-0.364519051059568
1911,0.5528036258764708
1912,-0.21573060435763247
1913,0.33891965949366953
1914,0.5601256323758642
1915,-0.388802897308672
1916,0.5271751463772951
1917,0.6319460070791535
1918,0.4203766810491953
1919,-0.7511439745825728
1920,-0.10709749062267811
1921,-0.5495802126395877
1922,0.3817886605349024
1923,-0.4267414449729474
1924,-1.1843902542374494
1925,0.04391108295676625
1926,0.5891291619025583
1927,-0.15687264510528484
1928,0.403450097880238
1929,-0.059508050248537635
1930,0.2686508155233555
1931,0.15996571185379574
1932,0.1340317840277026
1933,-0.04875256255071471
1934,0.23959500261313482
1935,-0.03421197596102457
1936,-0.7440776627669895
1937,-0.5333917770797922
1938,0.6441621855388137
1939,0.14331701598400426
1940,0.3444683573188903
1941,0.10017240705468732
1942,-0.47170451993958545
1943,-0.15889306615500945
1944,0.8233062908766692
1945,0.23320091434417706
1946,-0.15743338029678605
1947,-0.13548697739464327
1948,0.1286498001287834
1949,0.6310784529221147
1950,0.2777565274209859
1951,0.14390892985884873
1952,-0.17010399032476525
1953,-0.7176337033632437
1954,0.09532976093804338
1955,0.8322900909050475
1956,-0.023416288743256984
1957,-0.13278419425674906
1958,-0.09890409096947415
1959,0.3581624159530934
1960,-0.033976853144482524
1961,-1.1122587660986438
1962,0.5876005204805189
1963,0.010878250080006634
1964,-0.16950633744907187
1965,0.42847204254326815
1966,0.11193620554279386
1967,-0.14791711227106924
1968,-0.33806683253174247
1969,0.3999208379904278
1970,-0.25990809233935713
1971,-0.5366335839113061
1972,0.5997086588178083
1973,-0.3686246513532547
1974,0.6710921885935178
1975,-0.5922860823726407
1976,-0.009990997827720434
1977,0.05748058809572712
1978,0.7423074861230479
1979,0.18718560728314007
1980,0.4260909399120802
1981,0.08240050086376055
1982,-0.1511654311202763
1983,0.052193193270210964
1984,-0.14210827901635115
1985,-0.49705476256716774
1986,-0.21776501624704264
1987,-0.625141887997273
1988,0.09989448856617493
1989,0.7793802226303624
1990,-0.5563367425438068
1991,-0.6520070210638874
1992,-0.14778005224643373
1993,0.22807555320109765
1994,-0.32095105238049476
1995,-0.0460973646181796
1996,0.19211775883553825
1997,0.7401743496979938
1998,0.26301572907689275
1999,1.0070383826141833
2000,0.19884817226156443
2001,-0.8004611546090377
2002,-0.6980191119568544
2003,0.3671991557304442
2004,0.2095311176148777
2005,-0.16003860307150897
2006,0.5164521732291246
2007,0.08786237622897163
2008,-0.013670163366020713
2009,-0.5492385461479814
2010,0.14312775429720892
2011,0.25854681127705603
2012,-0.8961691551348056
2013,0.6755964595683037
2014,0.03337357092078187
2015,0.5181094729019895
2016,-0.6598563554508543
2017,-0.1372367780462064
2018,0.15119579277818584
2019,0.7014792177420418
2020,0.5670861168955734
2021,-0.08384363273400613
2022,0.10997714047948946
2023,-0.43079642906378046
2024,-1.048062398050748
2025,-0.2786762284456806
2026,0.018342152249193795
2027,-0.11208739906897533
2028,-0.7334788777132074
2029,0.335843075607397
2030,0.051429149368111965
2031,-0.48279831117634897
2032,0.01502590370260245
2033,0.4757618617212674
2034,-0.8460745209267095
2035,-0.5971170610809948
2036,-0.34449486662595546
2037,0.781258940893698
2038,0.4046154637416445
2039,0.11457126204144769
2040,0.09220548534339394
2041,0.6378761144797056
2042,-0.4777793472951359
2043,0.2223058753916289
2044,-1.1464375549645027
2045,0.2517035735564123
2046,0.46515789096002236
2047,0.0046997012238247805
2048,-0.2456709020208291
2049,0.2641283272929446
2050,0.5125590546694125
2051,-0.3648826029468153
2052,-0.46833426869978134
2053,0.08771854986372361
2054,0.4302912211109484
2055,-0.09243418087907129
2056,1.0676898983403107
2057,0.6569671290747405
2058,0.34996522749157155
2059,0.06070721590464676
2060,-0.4336277925039294
2061,-0.5451542278078365
2062,-0.372445486091198
2063,-1.5117973661269142
2064,-0.4999105991701871
2065,0.14351984672105775
2066,0.40824267141515147
2067,0.06840796051352614
2068,0.10171220571247068
2069,-0.029258733006404792
2070,-0.12093017133728053
2071,-0.21843003252787008
2072,-1.0386648941318963
2073,0.006873056547710547
2074,-0.9917325561740454
2075,-0.8034419876238199
2076,-0.424391184651858
2077,0.7041793910181858
2078,-0.42970335167822177
2079,-0.35692324579599877
2080,-0.15085702114381525
2081,-0.408096722053051
2082,0.1598490132943439
2083,-0.24699752764888863
2084,-0.5723877614753732
2085,0.36788396068928075
2086,-0.04800515817294922
2087,-0.0030886546169700186
2088,-0.43939579364069
2089,-0.1128508461465557
2090,-0.3196461214560408
2091,0.029557259635643707
2092,-0.568566083437467
2093,-0.566124532813126
2094,0.42950158545900385
2095,-0.3575658744600432
2096,0.6753311237749464
2097,-0.3893587707924892
2098,-0.2685396040213393
2099,0.7729767020978547
2100,-0.4884013745092821
2101,0.3909874114315404
2102,-0.32188107061542137
2103,0.023771904862363344
2104,-0.019536858975744715
2105,0.09935729555500172
2106,0.2824149173833362
2107,-0.11404476474603463
2108,0.19875358111282
2109,-0.3569263569642897
2110,0.07873924394098382
2111,-0.008411451542130166
2112,0.6910437280147903
2113,0.2572388166280276
2114,-0.6525263643918876
2115,0.2844553842024838
2116,-0.025481851185879367
2117,0.15194499304289072
2118,-0.2944090463687518
2119,-0.37062747816532204
2120,-0.4184071425274018
2121,0.2946548009274523
2122,0.12866971737806815
2123,-0.5168789982959289
2124,0.40523233072314824
2125,-0.38122538867432704
2126,0.082379504498322
2127,-0.26836884543108525
2128,-0.02399976320519211
2129,0.09762136735906636
2130,-1.7945278238791236
2131,0.5172531456515304
2132,-0.44072554762966654
2133,0.1520429858722246
2134,-0.3006974186256815
2135,0.14441872163716718
2136,0.6119122980033926
2137,0.12057913206276065
2138,-0.3572317959065523
2139,-0.09535681640401276
2140,-1.1825841031747943
2141,0.9413164805905088
2142,0.42980877437263
2143,-0.04053736059446848
2144,0.2580726265115834
2145,-0.06969849969659024
2146,-0.294598289800831
2147,-1.1199816297283745
2148,-0.19064009653079939
2149,-0.3612186460922092
2150,0.6836369919873068
2151,0.7136256655934234
2152,0.7803341478698298
2153,0.106962348689756
2154,-0.2779369970978173
2155,-0.5258400562033918
2156,0.025111468400549466
2157,0.11324757320295624
2158,0.3845103489562436
2159,0.15893472459216546
2160,0.7564259448305191
2161,-0.19783961592258778
2162,-0.27086838595725066
2163,0.0735220028594615
2164,-0.09003720869084665
2165,-0.5503826829965642
2166,-0.21311755374773453
2167,0.4071855296920299
2168,-0.5388954674726959
2169,-0.03702819214076637
2170,-0.31503192057248447
2171,0.18885732406394673
2172,1.0060073994463614
2173,-0.6057284130707343
2174,-0.2828881248836271
2175,-0.2468096871165225
2176,-0.08930626591927159
2177,0.28913151297859274
2178,0.30523850329593166
2179,-0.34367216202138373
2180,-0.8971289806560705
2181,-0.8638429459157515
2182,-0.7634243466611486
2183,-0.29615727804301706
2184,-1.351687201488097
2185,-0.44149748442705034
2186,-1.2046815515675986
2187,-3.0662223427386324
2188,-0.17483272386385848
2189,0.045451240291579896
2190,0.12144871697606276
2191,-0.1495359745034264
2192,0.10925940591660435
2193,0.3112130374720696
2194,-0.3003370858907269
2195,-0.7321003137264578
2196,0.13186168432793874
2197,-0.26738928586227445
2198,0.5814750447794731
2199,0.27682540632151187
2200,0.7882041003351528
2201,0.07647494222295582
2202,-0.07468216225647045
2203,-0.28357014800803937
2204,-0.12644718431800275
2205,0.4222412324637768
2206,0.23293570519018975
2207,-0.839487006151177
2208,0.13320334739033096
2209,-0.48444731639918653
2210,0.6162465854265753
2211,0.15433180403832297
2212,0.3449055130742702
2213,-0.12194753686222407
2214,0.3264189484699216
2215,-0.5225873557368165
2216,0.17012444629960966
2217,-0.02568360200314181
2218,0.2706488457577158
2219,0.19294149225012355
2220,-0.23837183835180592
2221,-0.2875121142412624
2222,-0.6703020072625933
2223,-1.3989017391878273
2224,0.08685677587610621
2225,0.16063264332533583
2226,-0.9642647857963488
2227,-0.48738681028459396
2228,-0.3226561135804826
2229,0.604137741048936
2230,0.09970801476246796
2231,-0.526766944428311
2232,-0.08712263197126775
2233,0.15644433449601636
2234,0.14180997476281562
2235,0.22634147589111286
2236,-0.5234591409526587
2237,0.6533951294349336
2238,-0.3275596697044723
2239,-0.13554645679150512
2240,-0.30672776382087036
2241,-0.035206526311613244
2242,0.8946395748189199
2243,0.09206052575730905
2244,0.361541982576393
2245,0.21185694621522297
2246,-0.5302315112940158
2247,-0.10776971515299687
2248,-0.3069844234890324
2249,0.2542215765009199
2250,-0.2894949216029501
2251,-0.3312486412538272
2252,0.3559122855516696
2253,0.06885808723722701
2254,0.6039702148094022
2255,-0.9180252589070238
2256,0.12445395807549108
2257,0.5940370510060544
2258,-0.08050171940187742
2259,-0.06768269012340093
2260,0.26354344059837376
2261,0.7030527314653954
2262,-0.010034683069031507
2263,0.07216372049896914
2264,0.5624526419812882
2265,-0.6282527299892993
2266,-0.21599427001626673
2267,-0.22508284391188937
2268,0.36909210494749056
2269,0.6159700149600699
2270,-0.95086816972919
2271,0.34053880975106676
2272,-1.113576635628575
2273,-0.3367152893634956
2274,0.017528130165983726
2275,-0.03208610133492113
2276,0.2702118829404016
2277,1.1544162852856195
2278,-0.018649254526534827
2279,0.43249198986803694
2280,0.20590018453602893
2281,0.30693417727761185
2282,-0.1683460722234142
2283,-0.13647873204847955
2284,-0.20622735554159594
2285,1.1618684069369871
2286,-0.895732125114853
2287,0.1708772176808875
2288,0.13098149828950936
2289,-0.8234606331525418
2290,0.09013425466444117
2291,0.4667074953616615
2292,-0.2545208974010801
2293,-0.6263724222690573
2294,-1.059658221048856
2295,0.11342333513225226
2296,0.16317994114575513
2297,-0.4145039173468337
2298,0.39262447721242505
2299,0.6198677364164227
2300,0.43368796592184444
2301,0.15425057724175587
2302,-0.8294876611452557
2303,0.2846069456167005
2304,0.39885526966126145
2305,0.0019181348992219403
2306,-0.4683886522591252
2307,-0.2141315813970579
2308,0.012365823445261794
2309,-0.7100793946320355
2310,0.5224297262683364
2311,0.030112558683976325
2312,-0.3273271648953976
2313,-0.9941815627459594
2314,-0.23611391619108116
2315,-0.4371051516773069
2316,-0.8130035011901284
2317,0.7154456419671075
2318,0.24715483255226156
2319,0.2105082284316282
2320,0.5149490447330902
2321,0.2278927039814113
2322,0.1405830520732525
2323,0.18685600098697328
2324,-0.9135043877656136
2325,-0.7687055935866369
2326,0.15084466645621633
2327,0.08353294216951633
2328,0.842993604287803
2329,0.8569625960663627
2330,0.19117823660213523
2331,-0.5865881661864424
2332,-0.003098872856732706
2333,0.10324874953208546
2334,0.051847293778368414
2335,0.15376829508614603
2336,0.1172844512140313
2337,0.34441816818281534
2338,-0.04428695062540267
2339,0.33304361566841284
2340,-1.087334308718544
2341,0.16996323178735703
2342,0.07789790668588659
2343,-0.005033344428851592
2344,-0.08693366142071562
2345,0.16385387054421371
2346,0.07907346069181981
2347,0.6220060494288325
2348,-0.9559078954780688
2349,0.9642052074241053
2350,0.6820869656900284
2351,0.6405433571783234
2352,-1.427548460841479
2353,-0.30091214513643866
2354,-0.026523158246097044
2355,-0.7131599683288512
2356,-1.145516094583447
2357,-0.4378101707023925
2358,-0.051663904316849994
2359,0.18993540614043322
2360,0.19096167841764203
2361,0.26618083815520127
2362,0.5785817201772101
2363,0.9978546977996712
2364,0.19193713825232506
2365,0.06732348835096752
2366,0.06690784567930315
2367,0.513391916947657
2368,0.3889288908569432
2369,-0.3146124125697324
2370,0.1314855027542438
2371,-0.12952011080217915
2372,-0.06753233217406406
2373,0.5773581508172587
2374,-0.588220825324578
2375,-0.5691117962142546
2376,-0.010235231343251813
2377,0.47218452327437144
2378,-0.3573162928533276
2379,-0.2032402305501991
2380,0.06936884360057624
2381,0.6538581245256505
2382,0.26381451455096955
2383,0.5877930032467649
2384,0.18182748261261916
2385,0.5764194052180321
2386,0.20506030713076806
2387,0.6635552092624348
2388,-0.38036538131806374
2389,-0.3615788108310293
2390,0.20158844725242475
2391,-0.08645176389428497
2392,0.06682092091663919
2393,-0.7535426681170799
2394,0.1273742681928634
2395,0.553327276104519
2396,-0.5308282793990496
2397,0.2237554684649623
2398,0.7810619740961132
2399,0.8790451687522411
2400,0.14233292358832136
2401,-1.074907883716329
2402,-0.2470475209008869
2403,0.5717074012358158
2404,0.8059904777508113
2405,-0.24553257582122429
2406,0.5309506057045081
2407,0.46663134376197285
2408,-0.16419791790843918
2409,0.2710435051224898
2410,0.2084747501942436
2411,0.5123539487430641
2412,0.2785771882566426
2413,0.47999670157439156
2414,-0.07602390768196597
2415,0.09851275936073534
2416,-0.4035517314739822
2417,-0.41666193161318893
2418,-0.8403964917894563
2419,-0.03934145119163387
2420,0.10811752498154757
2421,-0.1745713213462953
2422,0.39368387155238727
2423,-0.5783793336720895
2424,0.7518121462044127
2425,0.8374067945458599
2426,-0.057484229796709106
2427,-0.1800257890345304
2428,0.21473507226572927
2429,0.006930348124983875
2430,-0.4104633883648855
2431,0.17254698038478977
2432,0.42026025149254026
2433,-0.335424990952744
2434,0.013795233508156195
2435,-0.3434309516756455
2436,-0.5004996172983667
2437,0.0687725525000709
2438,0.257608851526145
2439,-0.10213496759792265
2440,-0.1398090089252494
2441,0.05724972957835472
2442,0.23998129615259767
2443,-0.08258713781866785
2444,0.3128494037335914
2445,0.4501608995316159
2446,0.5415308249514476
2447,0.035635297305451126
2448,-0.613938655022542
2449,-0.2131349873257859
2450,-0.223826754345626
2451,-0.4313163671764912
2452,0.8549115906873632
2453,-0.09322503586058006
2454,-0.6020029973984911
2455,0.011389107968749148
2456,-0.5158888124574967
2457,-1.3415171018661476
2458,-0.3251299391131026
2459,0.46775933890446314
2460,-0.3209924996780798
2461,-0.8504547779459813
2462,-0.05932822356200952
2463,0.12639192086885612
2464,0.40755725141113064
2465,-0.19939607098061782
2466,0.5477954763021134
2467,0.26559974205091547
2468,0.04669586003298154
2469,0.4368269619820558
2470,0.33645725301720564
2471,0.7365097753248843
2472,-0.12649381643087063
2473,0.21238455647066132
2474,-0.5971550702816986
2475,0.2715586945573779
2476,-0.49270069881952894
2477,0.5370341670937319
2478,0.058638494584667425
2479,0.11999467032500442
2480,-0.04282870300988145
2481,-0.03613861316817455
2482,0.07151861986860729
2483,0.7033190817886323
2484,-0.1274250242237342
2485,0.13051485174291486
2486,0.7065897249802786
2487,0.5730365527091145
2488,0.5130884400291379
2489,0.4118607057943636
2490,-0.1333001715307576
2491,0.7328451622461564
2492,-0.4669662816088767
2493,0.06160091487994164
2494,0.4520361411377351
2495,0.355612146971347
2496,0.4466040206440462
2497,0.3602849647505331
2498,-0.4058630500430087
2499,0.1016581559474044
2500,-0.49665899230218097
2501,0.07691430735895946
2502,0.2148377048083354
2503,0.2978055281132204
2504,0.25329167832612465
2505,0.3168049621108068
2506,0.5775147643130611
2507,0.0888565739768799
2508,0.037009754592083104
2509,-0.3001845155787651
2510,-1.0502853227699316
2511,0.9049302829226165
2512,0.5237454180695369
2513,-0.00018334862410362995
2514,0.42533727069313765
2515,-0.08924591390083435
2516,0.504530784716545
2517,0.1894718626532818
2518,-0.30573964477438176
2519,0.019305519220026338
2520,-0.010476409573059712
2521,-0.11079137445055907
2522,-0.2599916679999553
2523,0.44260879132434916
2524,0.6766403650524087
2525,-0.7888993920433625
2526,0.03335338250621952
2527,-0.17569262478394834
2528,0.5329591114596087
2529,-1.7887690523575706
2530,-0.12608443799667177
2531,0.4569315261885083
2532,0.08401210207254493
2533,-0.22793897955881934
2534,0.4565700624223199
2535,0.30527377572795117
2536,0.29066331519747296
2537,0.08599492406544168
2538,-0.04063300248138056
2539,0.43903282630098633
2540,-0.12508702796404214
2541,-0.6180973660835299
2542,-0.6949903383267
2543,-0.37422887391521387
2544,0.28032634865110484
2545,0.7372434203327263
2546,-0.08574639490873837
2547,-0.0312543812905054
2548,-0.24805350839646056
2549,-0.33185558537472043
2550,0.8630575256216627
2551,0.028179351714949525
2552,-1.3656841049934028
2553,0.3833833542083928
2554,-0.05352569519022909
2555,-0.014558025313433967
2556,-1.2107284262702402
2557,0.6094847090865029
2558,-0.20078513319256433
2559,-0.5306546231968766
2560,0.23681096364106477
2561,0.13233405156276978
2562,0.02099861574192016
2563,0.24841687303018267
2564,0.4950684257032947
2565,-0.4063843689634646
2566,-0.025966026703277727
2567,0.10700966449216465
2568,0.11918012391774756
2569,0.23518912715858656
2570,0.3304214921798329
2571,0.08779428405415006
2572,0.22756357699870772
2573,-1.5614150788662238
2574,0.0898073885650235
2575,-1.432111553266179
2576,-0.5088127455745879
2577,0.06754437902019739
2578,0.530442022867786
2579,-0.6828929816039722
2580,-0.2554065123044154
2581,-0.24700093456587227
2582,0.1608957161687677
2583,-0.1787832541192187
2584,-0.36219566393389524
2585,0.39943336919341016
2586,0.2455643377675244
2587,-0.4167048059176591
2588,-0.8942718521754226
2589,-0.48013164867544916
2590,0.5718554561190815
2591,0.0011980624606411023
2592,0.6361550026192768
2593,-1.148550158254329
2594,0.5170152856630441
2595,-0.061947586345743794
2596,0.7581221404756796
2597,0.6250780761819663
2598,-0.05603159951464543
2599,0.0341941370640287
2600,-0.881078126457262
2601,0.006508199964470228
2602,-0.8345402555956349
2603,0.07295421996700795
2604,-0.06485719990041873
2605,-0.06275658545415413
2606,-0.6948596058815327
2607,0.044954114631480725
2608,-0.33681101636426036
2609,0.29971726155682116
2610,0.13727135861589443
2611,-0.09454994994521049
2612,0.18627304270059364
2613,-0.787695641362047
2614,0.5940627422128496
2615,0.3937785869114711
2616,-0.5679898867837607
2617,-0.2637337775172441
2618,-0.17095359234062413
2619,-0.0771049506169218
2620,-0.31984020886924003
2621,0.15417212901446217
2622,-0.16418128274108737
2623,0.14528633366742774
2624,0.6061024214021384
2625,-0.11846133891555524
2626,-0.012245488271171067
2627,-0.725025342330063
2628,0.3073497504302004
2629,0.1791856824192889
2630,0.29990486377024167
2631,-0.1669336265494758
2632,0.087308047890602
2633,-1.5007305027596607
2634,0.3099644687690261
2635,0.7299352909344298
2636,-0.3073467289582654
2637,-0.18260711105330066
2638,0.2243244283591478
2639,-0.29992947276102594
2640,0.017248509012174427
2641,-2.0524186492021057
2642,0.28072707300325833
2643,-1.4554951746498501
2644,0.08122663121745781
2645,-0.24708797456890189
2646,0.22191474145093354
2647,0.04993025056335959
2648,0.6607105722804418
2649,0.6432325497893765
2650,0.4298884944954323
2651,0.5708147516832247
2652,-0.3842375046557222
2653,0.9408775703984918
2654,0.06894007213524765
2655,-0.11365791720192625
2656,0.3181405238312715
2657,-0.7406999054221117
2658,0.46632700509463304
2659,0.7665298193663501
2660,-0.8378948366628985
2661,0.6955146104188578
2662,0.8705149471024316
2663,-0.0032246648418616697
2664,0.596529257583778
2665,-0.05050370801003227
2666,0.38428873214144776
2667,-1.465293500904558
2668,-0.4036083751316942
2669,-0.07803673580449767
2670,-0.4718177580500892
2671,0.8536293400122309
2672,0.27180740066304193
2673,0.5320298285639882
2674,-0.5353819122391664
2675,-0.4040259080455105
2676,0.23317897836294835
2677,-0.28222767454655584
2678,0.7201358111594913
2679,0.3856479365140245
2680,-0.650498503783824
2681,0.607136787753555
2682,0.5021231870414651
2683,0.08811571452912316
2684,-0.08037889621538673
2685,-0.07624309359348545
2686,-0.18091544552695327
2687,0.5491572563035053
2688,0.026669487373463547
2689,0.20509820090967887
2690,-0.247196079065183
2691,0.46155069382487324
2692,-0.44159081000125966
2693,0.5615355519822994
2694,-0.4537988360470355
2695,0.21108754640773086
2696,0.3995590304813692
2697,0.4288812195718917
2698,0.35116588213324873
2699,0.7530742093856909
2700,-1.0171800149277817
2701,0.7280600899478522
2702,-0.437108371952721
2703,1.0421238955028147
2704,0.11716909577207282
2705,-1.4731317695277055
2706,0.9666756467921799
2707,-1.312427705714101
2708,-0.13266898156094808
2709,-0.18723763826421816
2710,0.6318037327354071
2711,0.04325457044150746
2712,0.5311064980867319
2713,-0.9993484799939575
2714,-0.09770771912215806
2715,0.7938900165372801
2716,0.09231237690965571
2717,-0.5252316147060094
2718,-0.0616795247828099
2719,0.07118270673489255
2720,-0.4839977017825288
2721,-1.846211030540982
2722,0.20923669630641253
2723,0.3379405504149907
2724,-0.3311966409920382
2725,0.5072797254292234
2726,-0.17769771203778534
2727,-0.47335147841777714
2728,0.5997058306581473
2729,-0.25675639777617576
2730,0.1826037629664933
2731,-0.2562025177792719
2732,0.141431436664899
2733,0.7599034274544534
2734,0.2648319339521451
2735,0.43695774181255914
2736,0.25644092194494206
2737,0.8138586391526416
2738,0.712006120081084
2739,-0.7332710108309598
2740,-0.3134287741283563
2741,0.6527135505281552
2742,-0.06943103690210722
2743,0.2571982329055353
2744,0.20009255446067387
2745,0.13368500730466973
2746,-1.0435422964454564
2747,0.18871101812362837
2748,-1.3548325047052872
2749,-0.5601203328047458
2750,-0.2476252295389634
2751,0.1582985901239951
2752,0.028861123762266117
2753,0.45001610656999347
2754,0.9323971122200345
2755,-0.03433596651022114
2756,0.48758732668654553
2757,0.019603082920952544
2758,-0.6948385203609713
2759,0.25710497005714356
2760,-0.5593616795150544
2761,0.12259199983828015
2762,0.2701219977475806
2763,-0.12253223781282722
2764,-0.026828324822104625
2765,-0.40117843257573266
2766,-0.013001392667753088
2767,0.19964308080031445
2768,-0.18968265979461446
2769,-0.1636293266550233
2770,-0.10097454270209165
2771,-0.7022572449794363
2772,0.392736462664768
2773,-0.32960195897615535
2774,-0.04658269081325051
2775,0.4966131003224136
2776,-0.7900273325254618
2777,0.2566780917463952
2778,0.7082568514675476
2779,-0.29017967581691084
2780,0.3584540902825532
2781,-0.8237914418613479
2782,0.5340521205108371
2783,0.5755322106456149
2784,0.6046240142833176
2785,0.3759273197834273
2786,0.482818740625099
2787,0.061627748760097543
2788,0.8383737316433967
2789,-0.7120906693750436
2790,-0.29917191651408176
2791,-0.10011842446272366
2792,0.07951661975367105
2793,0.4152010017108545
2794,0.3098266907696647
2795,-0.6613714367698554
2796,-0.2259307963729545
2797,0.08489073840259931
2798,0.11421670167560596
2799,0.33344869052183973
2800,0.11382396524844882
2801,0.37881214084871145
2802,0.16706838729161524
2803,0.7853013510848575
2804,0.4268501647028696
2805,0.052802374098533784
2806,0.3913384406949588
2807,0.9171492489269221
2808,0.17045048605866203
2809,0.7988130941659629
2810,-0.20389477296834382
2811,-0.45340060238872243
2812,-0.21393914290813812
2813,0.599014306971017
2814,-0.07530852909967221
2815,0.28504151665461264
2816,0.05990229812566862
2817,-0.6634294737070608
2818,0.1065939795015327
2819,0.708617032350734
2820,-0.9863230622357744
2821,-0.5208513455429006
2822,0.3624380532463873
2823,0.5400450686655667
2824,0.9001604680596677
2825,0.8132735938483681
2826,0.7856781522708322
2827,0.2885613774942791
2828,0.6058769805817018
2829,0.6704113927419401
2830,0.6009117348979447
2831,-1.2804532810231974
2832,0.8196335143602597
2833,0.9126955279233491
2834,0.5140488178347075
2835,0.5273002666982298
2836,-0.26941041485854655
2837,-0.3357415831200871
2838,-0.9048592061419368
2839,0.7135293908414416
2840,0.4285321097806447
2841,-0.00021119020941665512
2842,-0.19454635061466244
2843,-0.17627893341838868
2844,0.8865358612592149
2845,-0.4290257129525055
2846,-0.24414990306817183
2847,-1.3916861705051302
2848,1.0497224938409118
2849,-2.3081638116490355
2850,-0.8545257508712994
2851,-0.36043929799845775
2852,-0.10046590593406077
2853,0.7023527292257419
2854,1.0470879616197735
2855,-0.23691999737784739
2856,0.8291850595837648
2857,0.3930635035562997
2858,0.31266966203886604
2859,-0.7418062316886435
2860,-0.2965559397960348
2861,0.0212111558459545
2862,-0.22492430009772627
2863,-0.18640921337570837
2864,0.17825975824463572
2865,0.38925059210304325
2866,0.5869651193131248
2867,0.3365470107330957
2868,0.2433898658520518
2869,0.217893007478757
2870,0.1699335268459151
2871,0.6999350647989677
2872,0.35474468613208604
2873,0.4151533565495448
2874,0.0411914629563868
2875,-0.4430323467079607
2876,-0.6171951165832568
2877,-0.0011863180087805943
2878,-0.09095815304065656
2879,0.21319048730393012
2880,0.19323518245122068
2881,0.7484444086492746
2882,0.5500904540266203
2883,0.2718479751857043
2884,-0.30715756578174624
2885,-0.6035054444295996
2886,0.4347578602997834
2887,-0.24703022072775657
2888,0.7143281736213649
2889,0.10729217891307243
2890,0.5784429656724281
2891,-0.673573226589094
2892,-0.1931673947263415
2893,0.031307325406434425
2894,-0.05640029475339877
2895,0.7541421143319629
2896,-0.51045829177303
2897,0.21994558750442464
2898,0.7393118021344163
2899,-0.22104204254452264
2900,0.8665563131023478
2901,0.1995794074035686
2902,0.6912629496712971
2903,0.670480955115149
2904,0.7367926303422876
2905,0.7398178372743293
2906,-0.0019672849827515122
2907,0.7266688270379322
2908,0.46306253901379574
2909,-0.49933428947184033
2910,0.27062356838899276
2911,0.19388475000574742
2912,-0.41817428760931696
2913,0.4387682763937804
2914,0.8798327078163527
2915,0.5674923274276185
2916,-0.3022705126243167
2917,-0.7664043164050092
2918,-0.44200444659441923
2919,-0.3620637407845429
2920,0.36414657838252873
2921,-1.0342564272171944
2922,-0.4121049504260739
2923,-0.9238440913039726
2924,1.021218012458638
2925,0.44045484564241066
2926,-0.8419594665528943
2927,-0.5114379920516222
2928,0.443276250832975
2929,-0.3741340187821046
2930,0.5385026247573355
2931,-0.02050412902263336
2932,-0.42245707630977364
2933,-0.34232843998779217
2934,-0.05002488721646564
2935,0.361683432426423
2936,-0.9216312988303337
2937,-0.34192571360340596
2938,0.47408395491586425
2939,-0.02899059524053798
2940,0.8834356534772815
2941,0.9001767763441244
2942,0.6464017710680862
2943,0.7002061789547075
2944,-0.141685530323005
2945,0.29481844999915524
2946,0.3877960968498677
2947,-0.19000701225889727
2948,-0.05709049711454499
2949,0.533530613392103
2950,-0.5992566519322263
2951,0.37157505945444397
2952,0.6029246230402246
2953,0.28246199278172995
2954,0.49734386461343943
2955,0.04390053128901365
2956,0.19498932159552013
2957,0.5671702320500988
2958,0.47298908576136606
2959,-1.341635975670548
2960,0.6616403275070637
2961,0.27313458428715537
2962,0.30408596801868515
2963,-0.4351228626919251
2964,-0.1441002580781143
2965,-0.7067207320071921
2966,0.14969604864582678
2967,0.0888664546854377
2968,-0.7059493103624321
2969,0.3099156842929241
2970,-0.05468540709653625
2971,-0.06796787361435618
2972,-0.4328304201235367
2973,-0.8041978147512928
2974,0.12236626789913431
2975,-1.1847508421652548
2976,0.07611391974535724
2977,0.42666015195916773
2978,-0.6256598585097268
2979,-0.5837155074420951
2980,0.36101742051150126
2981,-0.6819296737344718
2982,-0.10636740379167434
2983,0.08841662655580662
2984,0.45047219457896753
2985,0.4446676292698614
2986,0.1272415292225621
2987,-0.09431192709017211
2988,0.7069755139506648
2989,-0.14120495453624415
2990,0.372685898184352
2991,0.34216949962949694
2992,0.2651878628158604
2993,-0.15163281923845898
2994,-1.1794592073718884
2995,0.20375570467119658
2996,0.5020692683458838
2997,-0.3236953748546058
2998,-0.6018462731957009
2999,-2.709904953533188
3000,0.10193477462301168
3001,0.19858822872155119
3002,-0.01542389309805939
3003,-0.4491423661641489
3004,0.3430936146493165
3005,-0.36827802259612014
3006,0.2214373202508915
3007,0.02433369920852518
3008,0.08673093838748387
3009,-0.01365120903798417
3010,-0.0357486660571902
3011,-0.19273409012102335
3012,-0.18507630120547514
3013,-0.09639704938291488
3014,0.4969448568865577
3015,0.23862852385339078
3016,0.4664768930297139
3017,-0.14946558102516128
3018,-0.6850871685503268
3019,-0.1798768651792165
3020,-0.02458606837198641
3021,0.6035677761381187
3022,-0.379554786281374
3023,-0.5929683591114601
3024,0.002978116628787784
3025,0.24152851525528696
3026,-0.12972887470559633
3027,0.2603418544442117
3028,0.124441606646777
3029,-0.21056986145070844
3030,-0.16709923977984137
3031,-1.2842691332732772
3032,-0.4367055027461149
3033,0.3931115782795105
3034,-0.0917960358720728
3035,0.3318429079037765
3036,-0.21531295751890367
3037,0.6050915639602876
3038,0.2534360577017458
3039,-0.06514859346314236
3040,-0.22854496768920277
3041,-0.01655098000139039
3042,0.28724259217352477
3043,0.05231430896388054
3044,-0.13216482247268557
3045,-0.1484104518507361
3046,0.7374018653435014
3047,-0.2023806475969612
3048,0.4486930555325191
3049,0.10645668569034955
3050,0.8536345224446775
3051,0.3419386316769288
3052,-0.447767160691668
3053,-1.068602872242674
3054,-0.25262294126257556
3055,-0.5480881694637741
3056,0.2117058707146176
3057,0.06783224745380086
3058,-0.11869061953768673
3059,-0.03740750050157061
3060,0.05015104944690812
3061,-0.41403524097791145
3062,0.5828076753153103
3063,0.3156479982778181
3064,0.33578800104306816
3065,0.5548685173049642
3066,0.03861916412450149
3067,-0.13041580109607398
3068,0.06047353409241944
3069,0.8312143683184482
3070,0.037329688032752446
3071,0.5480086345198758
3072,0.6898539659739332
3073,-0.15000736659100325
3074,0.25032349205666193
3075,0.3317322682703533
3076,0.5303956812254003
3077,0.036224051076165574
3078,-0.7847601625055006
3079,0.830988422616402
3080,-0.13124303132151802
3081,-1.1373938134654726
3082,0.32664532801570795
3083,0.6940740346542494
3084,-0.4768225160972679
3085,0.8614376686972063
3086,-1.3404183214649472
3087,-0.46769643035786246
3088,0.4244276679535602
3089,-0.30002799587323986
3090,-0.1361830149863367
3091,0.09013113958353919
3092,-1.3348499878285387
3093,-0.2331880254917497
3094,0.04345841072769207
3095,-0.7989149792998361
3096,0.44146056783567966
3097,0.49044994289500543
3098,0.6093390485882103
3099,0.27796521267455787
3100,0.395542621859055
3101,0.2398982869095426
3102,-0.27523978459599835
3103,0.1719762031170269
3104,0.6627329919629283
3105,0.31921035594841884
3106,0.8505319858492925
3107,0.519749724146296
3108,-0.034782633480853975
3109,0.13638354809362896
3110,0.07979125536899603
3111,-1.2303096314106874
3112,0.9140302345131679
3113,0.04163912212718743
3114,-0.2117131246328311
3115,0.006930498378639532
3116,-0.16561490171103987
3117,-0.2071498342831727
3118,-0.010229813646129281
3119,0.6224362293485277
3120,-0.9528982191801283
3121,0.4067921537754838
3122,0.993722807985111
3123,0.15706513484785406
3124,0.058967493259532176
3125,0.21992942608253604
3126,0.8054916259962878
3127,-0.46642415652888125
3128,1.1123529600689388
3129,0.9481741204499508
3130,0.816434129943025
3131,0.44657914593076475
3132,0.5430125416142391
3133,0.2372958108867831
3134,0.36126937220881955
